-- phpMyAdmin SQL Dump
-- version 5.2.1
-- https://www.phpmyadmin.net/
--
-- 主機： 127.0.0.1
-- 產生時間： 2024 年 06 月 03 日 20:35
-- 伺服器版本： 10.4.32-MariaDB
-- PHP 版本： 8.2.12

SET SQL_MODE = "NO_AUTO_VALUE_ON_ZERO";
START TRANSACTION;
SET time_zone = "+00:00";


/*!40101 SET @OLD_CHARACTER_SET_CLIENT=@@CHARACTER_SET_CLIENT */;
/*!40101 SET @OLD_CHARACTER_SET_RESULTS=@@CHARACTER_SET_RESULTS */;
/*!40101 SET @OLD_COLLATION_CONNECTION=@@COLLATION_CONNECTION */;
/*!40101 SET NAMES utf8mb4 */;

--
-- 資料庫： `20240605`
--

-- --------------------------------------------------------

--
-- 資料表結構 `city`
--

CREATE TABLE `city` (
  `City_ID` varchar(3) NOT NULL,
  `City` varchar(4) NOT NULL
) ENGINE=InnoDB DEFAULT CHARSET=utf8mb4 COLLATE=utf8mb4_general_ci;

--
-- 傾印資料表的資料 `city`
--

INSERT INTO `city` (`City_ID`, `City`) VALUES
('01', '基隆市'),
('02', '台北市'),
('03', '新北市'),
('04', '桃園市'),
('05', '新竹市'),
('06', '新竹縣'),
('07', '苗栗縣'),
('08', '台中市'),
('09', '彰化縣'),
('10', '南投縣'),
('11', '雲林縣'),
('12', '嘉義市'),
('13', '嘉義縣'),
('14', '台南市'),
('15', '高雄市'),
('16', '屏東縣'),
('17', '台東縣'),
('18', '花蓮縣'),
('19', '宜蘭縣'),
('20', '澎湖縣'),
('21', '金門縣'),
('22', '連江縣');

-- --------------------------------------------------------

--
-- 資料表結構 `district`
--

CREATE TABLE `district` (
  `District_ID` varchar(4) NOT NULL,
  `City_ID` varchar(3) NOT NULL,
  `District` varchar(6) NOT NULL
) ENGINE=InnoDB DEFAULT CHARSET=utf8mb4 COLLATE=utf8mb4_general_ci;

--
-- 傾印資料表的資料 `district`
--

INSERT INTO `district` (`District_ID`, `City_ID`, `District`) VALUES
('100', '02', '中正區'),
('103', '02', '大同區'),
('104', '02', '中山區'),
('105', '02', '松山區'),
('106', '02', '大安區'),
('108', '02', '萬華區'),
('110', '02', '信義區'),
('111', '02', '士林區'),
('112', '02', '北投區'),
('114', '02', '內湖區'),
('115', '02', '南港區'),
('116', '02', '文山區'),
('200', '01', '仁愛區'),
('201', '01', '信義區'),
('202', '01', '中正區'),
('203', '01', '中山區'),
('204', '01', '安樂區'),
('205', '01', '暖暖區'),
('206', '01', '七堵區'),
('207', '03', '萬里區'),
('208', '03', '金山區'),
('209', '22', '南竿鄉'),
('210', '22', '北竿鄉'),
('211', '22', '莒光鄉'),
('212', '22', '東引鄉'),
('220', '03', '板橋區'),
('221', '03', '汐止區'),
('222', '03', '深坑區'),
('223', '03', '石碇區'),
('224', '03', '瑞芳區'),
('226', '03', '平溪區'),
('227', '03', '雙溪區'),
('228', '03', '貢寮區'),
('231', '03', '新店區'),
('232', '03', '坪林區'),
('233', '03', '烏來區'),
('234', '03', '永和區'),
('235', '03', '中和區'),
('236', '03', '土城區'),
('237', '03', '三峽區'),
('238', '03', '樹林區'),
('239', '03', '鶯歌區'),
('241', '03', '三重區'),
('242', '03', '新莊區'),
('243', '03', '泰山區'),
('244', '03', '林口區'),
('247', '03', '蘆洲區'),
('248', '03', '五股區'),
('249', '03', '八里區'),
('251', '03', '淡水區'),
('252', '03', '三芝區'),
('253', '03', '石門區'),
('260', '19', '宜蘭市'),
('261', '19', '頭城鎮'),
('262', '19', '礁溪鄉'),
('263', '19', '壯圍鄉'),
('264', '19', '員山鄉'),
('265', '19', '羅東鎮'),
('266', '19', '三星鄉'),
('267', '19', '大同鄉'),
('268', '19', '五結鄉'),
('269', '19', '冬山鄉'),
('270', '19', '蘇澳鎮'),
('272', '19', '南澳鎮'),
('290', '19', '釣魚臺列嶼'),
('300', '05', '新竹市'),
('302', '06', '竹北市'),
('303', '06', '湖口鄉'),
('304', '06', '新豐鄉'),
('305', '06', '新埔鎮'),
('306', '06', '關西鎮'),
('307', '06', '穹林鄉'),
('308', '06', '寶山鄉'),
('310', '06', '竹東鎮'),
('311', '06', '五峰鄉'),
('312', '06', '橫山鄉'),
('313', '06', '尖石鄉'),
('314', '06', '北埔鄉'),
('315', '06', '峨眉鄉'),
('320', '04', '中壢區'),
('324', '04', '平鎮區'),
('325', '04', '龍潭區'),
('326', '04', '楊梅區'),
('327', '04', '新屋區'),
('328', '04', '觀音區'),
('330', '04', '桃園區'),
('333', '04', '龜山區'),
('334', '04', '八德區'),
('335', '04', '大溪區'),
('336', '04', '復興區'),
('337', '04', '大園區'),
('338', '04', '蘆竹區'),
('350', '07', '竹南鎮'),
('351', '07', '頭份市'),
('352', '07', '三灣鄉'),
('353', '07', '南庄鄉'),
('354', '07', '獅潭鄉'),
('356', '07', '後龍鎮'),
('357', '07', '通霄鎮'),
('358', '07', '苑裡鎮'),
('360', '07', '苗栗市'),
('361', '07', '造橋鄉'),
('362', '07', '頭屋鄉'),
('363', '07', '公館鄉'),
('364', '07', '大湖鄉'),
('365', '07', '泰安鄉'),
('366', '07', '銅鑼鄉'),
('367', '07', '三義鄉'),
('368', '07', '西湖鄉'),
('369', '07', '卓蘭鎮'),
('400', '08', '中   區'),
('401', '08', '東   區'),
('402', '08', '南   區'),
('403', '08', '西   區'),
('404', '08', '北   區'),
('406', '08', '北屯區'),
('407', '08', '西屯區'),
('408', '08', '南屯區'),
('411', '08', '太平區'),
('412', '08', '大里區'),
('413', '08', '霧峰區'),
('414', '08', '烏日區'),
('420', '08', '豐原區'),
('421', '08', '后里區'),
('422', '08', '石岡區'),
('423', '08', '東勢區'),
('424', '08', '和平區'),
('426', '08', '新社區'),
('427', '08', '潭子區'),
('428', '08', '大雅區'),
('429', '08', '神岡區'),
('432', '08', '大肚區'),
('433', '08', '沙鹿區'),
('434', '08', '龍井區'),
('435', '08', '梧棲區'),
('436', '08', '清水區'),
('437', '08', '大甲區'),
('438', '08', '外埔區'),
('439', '08', '大安區'),
('500', '09', '彰化市'),
('502', '09', '芬園鄉'),
('503', '09', '花壇鄉'),
('504', '09', '秀水鄉'),
('505', '09', '鹿港鎮'),
('506', '09', '福興鄉'),
('507', '09', '線西鄉'),
('508', '09', '和美鎮'),
('509', '09', '伸港鄉'),
('510', '09', '員林鎮'),
('511', '09', '社頭鄉'),
('512', '09', '永靖鄉'),
('513', '09', '埔心鄉'),
('514', '09', '溪湖鎮'),
('515', '09', '大村鄉'),
('516', '09', '埔鹽鄉'),
('520', '09', '田中鎮'),
('521', '09', '北斗鎮'),
('522', '09', '田尾鄉'),
('523', '09', '埤頭鄉'),
('524', '09', '溪州鄉'),
('525', '09', '竹塘鄉'),
('526', '09', '二林鎮'),
('527', '09', '大城鄉'),
('528', '09', '芳苑鄉'),
('530', '09', '二水鄉'),
('540', '10', '南投市'),
('541', '10', '中寮鄉'),
('542', '10', '草屯鎮'),
('544', '10', '國姓鄉'),
('545', '10', '埔里鎮'),
('546', '10', '仁愛鄉'),
('551', '10', '名間鄉'),
('552', '10', '集集鎮'),
('553', '10', '水里鄉'),
('555', '10', '魚池鄉'),
('556', '10', '信義鄉'),
('557', '10', '竹山鎮'),
('558', '10', '鹿谷鄉'),
('600', '12', '嘉義市'),
('602', '13', '番路鄉'),
('603', '13', '梅山鄉'),
('604', '13', '竹崎鄉'),
('605', '13', '阿里山'),
('606', '13', '中埔鄉'),
('607', '13', '大埔鄉'),
('608', '13', '水上鄉'),
('611', '13', '鹿草鄉'),
('612', '13', '太保市'),
('613', '13', '朴子市'),
('614', '13', '東石鄉'),
('615', '13', '六腳鄉'),
('616', '13', '新港鄉'),
('621', '13', '民雄鄉'),
('622', '13', '大林鎮'),
('623', '13', '溪口鄉'),
('624', '13', '義竹鄉'),
('625', '13', '布袋鎮'),
('630', '11', '斗南鎮'),
('631', '11', '大埤鄉'),
('632', '11', '虎尾鎮'),
('633', '11', '土庫鎮'),
('634', '11', '褒忠鄉'),
('635', '11', '東勢鄉'),
('636', '11', '臺西鄉'),
('637', '11', '崙背鄉'),
('638', '11', '麥寮鄉'),
('640', '11', '斗六市'),
('643', '11', '林內鄉'),
('646', '11', '古坑鄉'),
('647', '11', '莿桐鄉'),
('648', '11', '西螺鎮'),
('649', '11', '二崙鄉'),
('651', '11', '北港鎮'),
('652', '11', '水林鄉'),
('653', '11', '口湖鄉'),
('654', '11', '四湖鄉'),
('655', '11', '元長鄉'),
('700', '14', '中西區'),
('701', '14', '東區'),
('702', '14', '南區'),
('704', '14', '北區'),
('708', '14', '安平區'),
('709', '14', '安南區'),
('710', '14', '永康區'),
('711', '14', '歸仁區'),
('712', '14', '新化區'),
('713', '14', '左鎮區'),
('714', '14', '玉井區'),
('715', '14', '楠西區'),
('716', '14', '南化區'),
('717', '14', '仁德區'),
('718', '14', '關廟區'),
('719', '14', '龍崎區'),
('720', '14', '官田區'),
('721', '14', '麻豆區'),
('722', '14', '佳里區'),
('723', '14', '西港區'),
('724', '14', '七 股區'),
('725', '14', '將軍區'),
('726', '14', '學甲區'),
('727', '14', '北門區'),
('730', '14', '新營區'),
('731', '14', '後壁區'),
('732', '14', '白河區'),
('733', '14', '東山區'),
('734', '14', '六甲區'),
('735', '14', '下營區'),
('736', '14', '柳營區'),
('737', '14', '鹽水區'),
('741', '14', '善化區'),
('742', '14', '大內區'),
('743', '14', '山上區'),
('744', '14', '新市區'),
('745', '14', '安定區'),
('800', '15', '新興區'),
('801', '15', '前金區'),
('802', '15', '苓雅區'),
('803', '15', '鹽埕區'),
('804', '15', '鼓山區'),
('805', '15', '旗津區'),
('806', '15', '前鎮區'),
('807', '15', '三民區'),
('811', '15', '楠梓區'),
('812', '15', '小港區'),
('813', '15', '左營區'),
('814', '15', '仁武區'),
('815', '15', '大社區'),
('817', '15', '東沙群島'),
('819', '15', '南沙群島'),
('820', '15', '岡山區'),
('821', '15', '路竹區'),
('822', '15', '阿蓮區'),
('823', '15', '田寮區'),
('824', '15', '燕巢區'),
('825', '15', '橋頭區'),
('826', '15', '梓官區'),
('827', '15', '彌陀區'),
('828', '15', '永安區'),
('829', '15', '湖內區'),
('830', '15', '鳳山區'),
('831', '15', '大寮區'),
('832', '15', '林園區'),
('833', '15', '鳥松區'),
('840', '15', '大樹區'),
('842', '15', '旗山區'),
('843', '15', '美濃區'),
('844', '15', '六龜區'),
('845', '15', '內門區'),
('846', '15', '杉林區'),
('847', '15', '甲仙區'),
('848', '15', '桃源區'),
('849', '15', '那瑪夏區'),
('851', '15', '茂林區'),
('852', '15', '茄萣區'),
('880', '20', '馬公市'),
('881', '15', '西嶼鄉'),
('882', '15', '望安鄉'),
('883', '15', '七美鄉'),
('884', '15', '白沙鄉'),
('885', '15', '湖西鄉'),
('890', '21', '金沙鎮'),
('891', '21', '金湖鎮'),
('892', '21', '金寧鄉'),
('893', '21', '金城鎮'),
('894', '21', '烈嶼鄉'),
('896', '21', '烏坵鄉'),
('900', '16', '屏東市'),
('901', '15', '三地門'),
('902', '15', '霧臺鄉'),
('903', '15', '瑪家鄉'),
('904', '15', '九如鄉'),
('905', '15', '里港鄉'),
('906', '15', '高樹鄉'),
('907', '15', '鹽埔鄉'),
('908', '15', '長治鄉'),
('909', '15', '麟洛鄉'),
('911', '15', '竹田鄉'),
('912', '15', '內埔鄉'),
('913', '15', '萬丹鄉'),
('920', '15', '潮州鄉'),
('921', '15', '泰武鄉'),
('922', '15', '來義鄉'),
('923', '15', '萬巒鄉'),
('924', '15', '崁頂鄉'),
('925', '15', '新埤鄉'),
('926', '15', '南州鄉'),
('927', '15', '林邊鄉'),
('928', '15', '東港鎮'),
('929', '15', '琉球鄉'),
('931', '15', '佳冬鄉'),
('932', '15', '新園鄉'),
('940', '15', '枋寮鄉'),
('941', '15', '枋山鄉'),
('942', '15', '春日鄉'),
('943', '15', '獅子鄉'),
('944', '15', '車城鄉'),
('945', '15', '牡丹鄉'),
('946', '15', '恆春鄉'),
('947', '15', '滿州鄉'),
('950', '17', '臺東市'),
('951', '17', '綠島鄉'),
('952', '17', '蘭嶼鄉'),
('953', '17', '延平鄉'),
('954', '17', '卑南鄉'),
('955', '17', '鹿野鄉'),
('956', '17', '關山鎮'),
('957', '17', '海端鄉'),
('958', '17', '池上鄉'),
('959', '17', '東河鄉'),
('961', '17', '成功鎮'),
('962', '17', '長濱鄉'),
('963', '17', '太麻里'),
('964', '17', '金峰鄉'),
('965', '17', '大武鄉'),
('966', '17', '達仁鄉'),
('970', '18', '花蓮市'),
('971', '18', '新城鄉'),
('972', '18', '秀林鄉'),
('973', '18', '吉安鄉'),
('974', '18', '壽豐鄉'),
('975', '18', '鳳林鎮'),
('976', '18', '光復鄉'),
('977', '18', '豐濱鄉'),
('978', '18', '瑞穗鄉'),
('979', '18', '萬榮鄉'),
('981', '18', '玉里鎮'),
('982', '18', '卓溪鄉'),
('983', '18', '富里鄉');

-- --------------------------------------------------------

--
-- 資料表結構 `gender`
--

CREATE TABLE `gender` (
  `Gender_ID` varchar(3) NOT NULL,
  `Gender` varchar(10) NOT NULL
) ENGINE=InnoDB DEFAULT CHARSET=utf8mb4 COLLATE=utf8mb4_general_ci;

-- --------------------------------------------------------

--
-- 資料表結構 `latest_news_categories_table`
--

CREATE TABLE `latest_news_categories_table` (
  `Category_ID` int(11) NOT NULL,
  `Category_Name` varchar(255) DEFAULT NULL
) ENGINE=InnoDB DEFAULT CHARSET=utf8mb4 COLLATE=utf8mb4_general_ci;

-- --------------------------------------------------------

--
-- 資料表結構 `location_info`
--

CREATE TABLE `location_info` (
  `id` int(11) NOT NULL,
  `location_name` varchar(100) NOT NULL,
  `page_url` varchar(255) NOT NULL,
  `opening_time` time DEFAULT NULL,
  `closing_time` time DEFAULT NULL,
  `address` varchar(255) NOT NULL,
  `altitude_min` int(11) DEFAULT NULL,
  `altitude_max` int(11) DEFAULT NULL,
  `description` text DEFAULT NULL,
  `managing_department` varchar(255) DEFAULT NULL,
  `coordinates` point DEFAULT NULL,
  `small_vehicle_allowed` tinyint(1) DEFAULT NULL,
  `large_vehicle_allowed` tinyint(1) DEFAULT NULL,
  `District_ID` varchar(7) NOT NULL,
  `Type_ID` int(11) NOT NULL,
  `activity_intensity` int(1) DEFAULT NULL
) ENGINE=InnoDB DEFAULT CHARSET=utf8mb4 COLLATE=utf8mb4_general_ci;

--
-- 傾印資料表的資料 `location_info`
--

INSERT INTO `location_info` (`id`, `location_name`, `page_url`, `opening_time`, `closing_time`, `address`, `altitude_min`, `altitude_max`, `description`, `managing_department`, `coordinates`, `small_vehicle_allowed`, `large_vehicle_allowed`, `District_ID`, `Type_ID`, `activity_intensity`) VALUES
(16, '東眼山自然教育中心', 'https://recreation.forest.gov.tw/Education/NC?typ_id=DYS', '08:00:00', '17:00:00', '桃園市復興區霞雲村佳志35號', 121, 25, '在雪山山脈尾稜的柳杉林裡，在真實的環境學習中，創造「人與人」、「人與環境」、「人與社會」之對話。', '林業保育署新竹分署', 0x0000000001010000000ad7a3703d5a5e4014ae47e17ad43840, NULL, NULL, '336', 5, 2),
(17, '奧萬大自然教育中心', 'https://recreation.forest.gov.tw/Education/NC?typ_id=AWD', '08:00:00', '17:00:00', '南投縣仁愛鄉親愛村大安路153號', 1100, 2600, '嬉遊在繽紛多彩的松楓林，透過身歷其境的活動，感受自然的脈動，體驗森林多功能價值，了解山林與文明的連結。', '南投分署', 0x0000000001010000007b14ae47e14a5e403333333333f33740, NULL, NULL, '546', 5, 2),
(18, '池南自然教育中心', 'https://recreation.forest.gov.tw/Education/NC?typ_id=CN', '08:00:00', '17:00:00', '花蓮縣壽豐鄉池南村林園路65號', 140, 601, '走進洄瀾林業時光森林，體驗低海拔森林山水之美，實踐友善環境生活。', '花蓮分署', 0x0000000001010000000000000000605e406666666666e63740, NULL, NULL, '974', 5, 2),
(19, '八仙山自然教育中心', 'https://recreation.forest.gov.tw/Education/NC?typ_id=BSS', '08:00:00', '17:00:00', '台中市和平區東關路一段200之8號', 667, 2938, '穿越林場歷史看山、水、林、人的變遷脈絡，深入八仙山體驗蟲、魚、鳥、獸的變幻萬千。', '臺中分署', 0x000000000101000000e17a14ae47415e40713d0ad7a3303840, NULL, NULL, '424', 5, 2),
(20, '羅東自然教育中心', 'https://recreation.forest.gov.tw/Education/NC?typ_id=LD', '08:00:00', '17:00:00', '宜蘭縣羅東鎮中正北路118號', 8, 8, '乘著百年鐵道走進林業文化，踏訪蘭陽青山綠水，我們在城市中與自然一起生活。', '宜蘭分署', 0x000000000101000000cdcccccccc6c5e409a99999999993840, NULL, NULL, '265', 5, 2),
(26, '太平山國家森林遊樂區', 'https://recreation.forest.gov.tw/Forest/RA?typ_id=200001', '06:00:00', '18:00:00', '267 宜蘭縣大同鄉太平巷58之1號', 365, 2000, '蹦蹦車、溫泉、高山湖泊、巨木森林與國寶山毛櫸，鋪成了太平山國家森林遊樂區超過百年歷史的綿長軌跡。', '宜蘭分署', 0x00000000010100000052b81e85eb615e403d0ad7a3707d3840, NULL, NULL, '267', 1, NULL),
(27, '滿月圓國家森林遊樂區', 'https://recreation.forest.gov.tw/Forest/RA?typ_id=200001', '08:00:00', '17:00:00', '237 新北市三峽區有木里174-1號', 300, 1700, '在三峽大豹溪的上游，一條叫做蚋子溪的支流上，座落著一個擁有瀑布、生態與楓紅的美麗小天地：滿月圓國家森林遊樂區。', '新竹分署', 0x0000000001010000000000000000605e4052b81e85eb113940, NULL, NULL, '237', 1, NULL),
(28, '內洞國家森林遊樂區', 'https://recreation.forest.gov.tw/Forest/RA?typ_id=200002', '08:00:00', '17:00:00', '233 新北市烏來區信賢里娃娃谷46號', 230, 800, '瀑聲隆隆，依山傍水的蕨類樂園，小巧精緻的內洞國家森林遊樂區，是南勢溪上游一個享受寧靜與綠意的絕佳場所。', '新竹分署', 0x000000000101000000ee7bd45faf615e402976340ef5d33840, NULL, NULL, '233', 1, NULL),
(29, '東眼山國家森林遊樂區', 'https://recreation.forest.gov.tw/Forest/RA?typ_id=200003', '08:00:00', '17:00:00', '336 桃園市復興區霞雲里成福路600號', 650, 1212, '距離大溪約1小時車程的東眼山國家森林遊樂區，過去曾是林業保育署(舊稱林務局)的伐木林班，留下豐富的林業文化資產。', '新竹分署', 0x000000000101000000295c8fc2f5585e4014ae47e17ad43840, NULL, NULL, '336', 1, NULL),
(30, '觀霧國家森林遊樂區', 'https://recreation.forest.gov.tw/Forest/RA?typ_id=200004', '08:00:00', '17:00:00', '365 苗栗縣泰安鄉梅園村8鄰觀霧1-3號', 1400, 2500, '在滿山的迷霧之中擁抱神木、春天欣賞全台最大霧社山櫻花的一樹雪白、登高一覽雪山山脈「聖稜線」的壯麗景觀。', '新竹分署', 0x000000000101000000d7a3703d0a475e400000000000803840, NULL, NULL, '365', 1, NULL),
(31, '羅東林業文化園區', 'https://recreation.forest.gov.tw/Forestry/CP?typ_id=0100021', '08:00:00', '17:00:00', '265 宜蘭縣羅東鎮中正北路118號', 5, 5, '日據時代有三大官營林場：阿里山、八仙山以及太平山林場，其中太平山林場是比較晚開發的。羅東林業文化園區即為日治時期羅東出張所及貯木池舊址。', '宜蘭分署', 0x000000000101000000e17a14ae47715e40ae47e17a14ae3840, NULL, NULL, '265', 3, NULL),
(32, '東勢林業文化園區', 'https://recreation.forest.gov.tw/Forestry/CP?typ_id=0300021', '06:00:00', '18:00:00', '423 台中市東勢區東關路六段1368號', 370, 400, '大雪山林區蘊藏豐富的林木資源，為妥善利用資源並創造經濟收益、帶動地方繁榮，民國45年起開始籌設「大雪山林業公司」，並於民國51年開始興建大製材廠，民國53年竣工，當時引進先進伐木及製材技術，創造臺灣示範性的林產工業。', '臺中分署', 0x00000000010100000085eb51b81e355e403d0ad7a3703d3840, NULL, NULL, '423', 3, NULL),
(33, '林田山林業文化園區', 'https://recreation.forest.gov.tw/Forestry/CP?typ_id=0800021', '09:00:00', '16:00:00', '975 花蓮縣鳳林鎮森榮里林森路99巷99號', 163, 163, '隱身花蓮鳳林的林田山，舊稱摩里沙卡(MORISAKA-即日語\"森坂\"發音)，光復後改稱森榮，是台灣遺留下來最完整、最具特色的伐木基地，無論規模或重要性，都是\"台灣林業開發史\"上最重要的據點與見證。', '花蓮分署', 0x000000000101000000295c8fc2f5585e40f6285c8fc2b53740, NULL, NULL, '975', 3, NULL),
(34, '阿里山林業村暨檜意森活村', 'https://recreation.forest.gov.tw/Forestry/CP?typ_id=0900021', '09:00:00', '18:00:00', '600 嘉義市東區林森西路4號', 30, 30, '阿里山林業村暨檜意森活村本民間企業藤田組成立嘉義施工所，為興建阿里山森林鐵路開啟序幕，惟因工程艱鉅且經費膨脹，於1908年2月告終。至1910年起臺灣總督府接手，阿里山鐵路繼續興築，1914年阿里山林業鐵路本線全長71.9公里，就此完成。', '阿里山林業鐵路及文化資產管理處', 0x000000000101000000cdcccccccc1c5e407b14ae47e17a3740, NULL, NULL, '600', 3, NULL),
(44, '紅樹林生態教育館', 'https://recreation.forest.gov.tw/Education/EE?typ_id=HSL', '09:00:00', '16:00:00', '新北市淡水區中正東路二段68號', NULL, NULL, '紅樹林生態教育館是一座小而美的生態教育館。室內現有的展示空間類型包括靜態展示空間與多媒體視聽空間，運用圖文、海報、燈箱與多媒體影音等方式，介紹紅樹林明星物種－水筆仔的生長過程，以及紅樹林中的招潮蟹、彈塗魚與水鳥等生態。另設有觀景平台，可近距離觀察保留區，也透過視野極佳的觀景窗，一覽壯觀秀麗的成片紅樹林景觀、淡水河的河口海景、觀音山的山色及壯闊鮮紅的關渡大橋。由於館舍位置緊鄰淡水紅樹林自然保留區，可以近距離觀察到紅樹林生態環境。若有需要可事先提出預約申請，在解說員的帶領下方能進入戶外生態小徑，親身體驗紅樹林生態系，並接近淡水紅樹林生態保留區內的水鳥、潮間帶生物以及熱鬧多樣的各式河口生物。', '宜蘭分署', 0x000000000101000000b45a608f895d5e40a8c5e061da2b3940, 1, 1, '251', 2, 1),
(45, '南澳生態教育館', 'https://recreation.forest.gov.tw/Education/EE?typ_id=NA', '09:00:00', '16:00:00', '宜蘭縣南澳鄉南澳村中正路55號', NULL, NULL, '南澳生態教育館和林業及自然保育署宜蘭分署南澳工作站位在同一棟建築物內。民國86年時，南澳工作站搬遷至此，將原有的樟樹造林地整理規劃為原生植物標本園，並在辦公室主建築物側邊設置南澳生態教育館，針對臺灣的森林資源利用以及生態保育等主題發揮解說教育之功能。除了室內展示，館舍外的原生樹木園區也值得一遊，原生樹木園區內的植物是依據植物分類系統加以規劃，種類合計有47科120種，以木本植物為主，藤本、草本為輔。是宜蘭縣中、小學，甚至北部地區學校校外教學之優質場所。本館鄰近3處重要保護留區，包括「烏石鼻海岸自然保留區」、「南澳闊葉樹林自然保留區」及「觀音海岸野生動物重要棲息環境」等，在解說教育推廣工作中同時也關切周邊保護留區的現況與面臨的危機。本館除了作為南澳地區在地自然與文化的解說教育平台，也讓參觀的民眾得以認識範圍內的保護留區、生物多樣性、森林生態系經營、生態旅遊、社區林業、以及生態旅遊等不同主題，有效發揮生態教育館之最佳機能與服務。', '宜蘭分署', 0x000000000101000000ed28ce5147735e40ffb1101d02773840, 1, 1, '272', 2, 1),
(46, '員山生態教育館', 'https://recreation.forest.gov.tw/Education/EE?typ_id=YS', '09:00:00', '16:00:00', '宜蘭縣員山鄉員山村員山路1段163號', NULL, NULL, '1F 森林生態系展示空間 ：主要為森林生態系介紹，運用互動式導覽裝置，化身為過去的林業工作者，進入森林生態展示空間，讓遊客置身在森林的環境中，倘佯於森林綠海之中。2F 生態步道暨社區林業展區：提供宜蘭優質景點介紹，包括自然步道以及社區林業等。視廳室則規劃有28人座位，可提供森林生態及相關環境教育議題影片播放欣賞。 另外，因應環境主題及時事變化，「保育新村」小型展示區則會不定期會有季節特展及互動式活動。', '宜蘭分署', 0x0000000001010000005fb69db6466d5e40d6389b8e00be3840, 1, 1, '264', 2, 1),
(47, '拉拉山生態教育館', 'https://recreation.forest.gov.tw/Education/EE?typ_id=LLS', '08:00:00', '17:00:00', '桃園市復興區華陵村巴陵207號', NULL, NULL, '拉拉山生態教育館是一棟地上二層、地下三層的建築，位於拉拉山森林步道起點，提供多功能的服務。拉拉山生態教育館是林業及自然保育署各場域中距離紅檜純林最近的館舍。在區域範圍內依檜木巨木群所在位置規劃約3,700公尺的循環步道，步道兩側有22棵巨木解說牌誌，介紹其樹種、樹齡、樹高等生態資料。是臺灣少數珍貴可近距離接觸的檜木林。因應拉拉山國家森林遊樂區的成立，為提供民眾更優質軟硬體服務，園區內近期已啟動生態教育館轉型為遊客中心的改善工程，接續亦將有管理站及箱涵等改善工程陸續展開，工期預計至112年1月底。請民眾體諒施工期間造成的不便，提醒上山民眾經過施工區域時，特別注意安全外，因原有館舍進行室內施工，基於安全考量已封閉，提醒入園民眾有如廁需求，可以先至上巴陵停車場旁的公共廁所，或園區入口管理站旁公共廁所，以節省排隊等候時間。另於停車場設有臨時廁所，步道內之4號巨木旁公廁仍持續提供服務。', '新竹分署', 0x000000000101000000daaa24b20f565e40e700c11c3db23840, 1, 1, '336', 2, 1),
(48, '火炎山生態教育館', 'https://recreation.forest.gov.tw/Education/EE?typ_id=HYS', '09:00:00', '17:00:00', '苗栗縣三義鄉中正路73號', NULL, NULL, '火炎山生態教育館是為一幢地上三層樓地下二樓的景觀建築，無論是外觀或內部設計，都以火炎山獨樹一格的天然特色為設計考量。火炎山生態教育館坐落於苗栗縣三義鄉，於2005年4月16日啟用，是目前國內少見針對自然地景所設置的展示解說教育場域，設立的宗旨為「讓火炎山生態教育館成為國內重要地景環境教育場域」，鄰近苗栗三義火炎山自然保留區，在2020年6月17日成為環境教育認證場所、2023年獲國家教育研究院「環境教育設施場所評鑑優異」的肯定，為苗栗地區保育宣導重要的入口平台。', '新竹分署', 0x000000000101000000f60ce19865305e402aa913d044683840, 1, 1, '367', 2, 1),
(49, '羅東林業文化園區', 'https://recreation.forest.gov.tw/Education/EE?typ_id=LD', '09:00:00', '17:00:00', '宜蘭縣羅東鎮中正北路118號', NULL, NULL, '羅東林業文化園區是林務局在1994年為延續羅東林業產業文化而設立的。這個園區不僅保存了原有的林業歷史遺跡，還展示了現代林業的發展。在園區內，你可以看到豐富的林業歷史資料，還可以參觀林業機具展示區，了解林業工作的過去和現在。', '宜蘭分署', 0x000000000101000000da1b7c6132715e4004560e2db2ad3840, 1, 1, '265', 2, 1),
(50, '觀霧自然教育園區', 'https://recreation.forest.gov.tw/Education/EE?typ_id=GW', '08:00:00', '17:00:00', '新竹縣尖石鄉觀霧村1號', NULL, NULL, '觀霧自然教育園區位於新竹縣尖石鄉，園區內擁有豐富的自然生態和多樣的植物群落。這裡有多條步道，遊客可以在專業解說員的帶領下，深入了解森林的奧秘。園區內還設有教育館，展示了當地的自然生態和保育成果。', '新竹分署', 0x0000000001010000005f29cb10c74a5e40b003e78c289d3840, 1, 1, '313', 2, 1),
(51, '茂林國家風景區生態教育館', 'https://recreation.forest.gov.tw/Education/EE?typ_id=ML', '09:00:00', '17:00:00', '高雄市茂林區茂林里1鄰茂林巷60號', NULL, NULL, '茂林國家風景區生態教育館位於高雄市茂林區，這裡是國內知名的生態旅遊景點，擁有豐富的動植物資源和獨特的自然景觀。教育館內展示了茂林地區的生態多樣性和保育成果，遊客可以通過互動展覽深入了解這片土地的自然奧秘。', '屏東分署', 0x0000000001010000007fd93d79582c5e402fdd240681e53640, 1, 1, '851', 2, 1),
(52, '台江國家公園生態教育館', 'https://recreation.forest.gov.tw/Education/EE?typ_id=TJ', '08:30:00', '17:00:00', '台南市安南區四草大道200號', NULL, NULL, '台江國家公園生態教育館是國內知名的生態教育場館，位於台南市安南區。這裡展示了台江國家公園的自然生態和歷史文化，遊客可以通過多媒體展示和互動體驗深入了解台江地區的生態環境和保育工作。', '台南分署', 0x000000000101000000598638d6c5095e40c286a757ca023740, 1, 1, '709', 2, 1),
(53, '太平山蹦蹦車', 'https://recreation.forest.gov.tw/Forestry/FR?typ_id=0100041', NULL, NULL, '宜蘭縣大同鄉', NULL, NULL, '行經高大林木的森林區及群山環繞的美麗山景。沿線設有自導式森林步道、蕨類園，及終點站的茂興國家森林步道。', '羅東林區管理處', 0x000000000101000000713d0ad7a3605e400ad7a3703d8a3840, NULL, NULL, '267', 4, NULL),
(54, '烏來台車', 'https://recreation.forest.gov.tw/Forestry/FR?typ_id=0200041', '09:00:00', '17:00:00', '新北市烏來區', NULL, NULL, '行經著名烏來瀑布景觀。原為運送木材，1963年開始提供載客服務。旺季時營運時間會延長。', '新竹林區管理處', 0x000000000101000000c3f5285c8f625e405c8fc2f528dc3840, NULL, NULL, '233', 4, NULL),
(55, '阿里山森林鐵路', 'https://recreation.forest.gov.tw/Forestry/FR?typ_id=0900041', NULL, NULL, '嘉義縣阿里山鄉', NULL, NULL, '行經熱帶、溫帶及寒帶森林區。包括祝山線，可在祝山車站觀賞著名的阿里山日出。日治時期為運送木材而建。特色包括螺旋線、Z字型路線、Ω型回頭線及特製蒸汽機車。', '阿里山林業鐵路及文化資產管理處', 0x000000000101000000a4703d0ad7335e40c3f5285c8f823740, NULL, NULL, '605', 4, NULL),
(56, '鰲鼓濕地森林園區', 'https://recreation.forest.gov.tw/Forest/FP?typ_id=05001', '09:00:00', '16:30:00', '嘉義縣東石鄉鰲鼓村四股54號', NULL, NULL, '鰲鼓濕地森林園區早期為台灣糖業公司填海造陸從事農、漁、牧事業及種植甘蔗的大本營，但由於地層嚴重下陷、海水入侵地下水層，農場逐漸沒落荒廢。地勢低窪加上周邊海堤圍繞，大雨過後，魚塭及舊有農地形成天然的蓄水池，久而久之，這些水塘濕地之棲地，越來越多候鳥與留鳥棲身及停留於此，成為現今之鰲鼓濕地森林園區。大面積的造林地十年或是二十年後將茁壯成林，鰲鼓濕地將會成為具有多樣林相及豐富濕地生態資源之國際級生態環境。鰲鼓濕地森林園區以「濕地保育」與「環境教育」做為園區主要發展定位，使鰲鼓濕地森林園區成為生態旅遊及教學研究的基地。', '嘉義分署', 0x0000000001010000000ad7a3703d0a5e400000000000803740, 1, 1, '614', 6, NULL),
(57, '林後四林平地森林園區', 'https://recreation.forest.gov.tw/Forest/FP?typ_id=06001', '08:00:00', '17:00:00', '屏東縣潮州鎮潮義路221之1', NULL, NULL, '「林後四林平地森林園區」位處屏東縣潮州鎮，為政府愛台12建設─綠色造林計畫中，所評選出三處平地森林園區的地點之一。園區期望運用森林遊憩結合綠色造林的概念，搭配符合生態、節能、減碳、健康的低密度、綠建築設計，創造一個能作為環境教育的完整生態體系，教導民眾及學童對資源環境的尊重、對生態的概念及對生活的態度；並融合屏東當地的環境特色、歷史文化、地方產業，帶動屏東地區的發展，促進區域的經濟效益並提昇傳統農業生產的價值，打造出具地方特色、導向之多元生態的知性園區，發展生態教學及深度旅遊的遊憩型態，達到綠色造林的價值。', '屏東分署', 0x000000000101000000f6285c8fc2255e4048e17a14ae873640, 1, 1, '920', 6, NULL),
(58, '大農大富平地森林園區', 'https://recreation.forest.gov.tw/Forest/FP?typ_id=08001', '08:00:00', '17:00:00', '花蓮縣光復鄉農場路32號', NULL, NULL, '「大農大富平地森林園區」位於花蓮縣光復鄉，地處花東縱谷，兩側是中央山脈與海岸山脈。從縱谷一路南下，約莫到了中段，過花蓮糖廠煙囪，緊接著就是一大片連綿不絕的森林。森林的外圍，有多元民族共同書寫的歷史。台灣是一座處處森林的美麗島嶼，但數百年的開發讓原始森林退出平野。21世紀開始，林務局積極推動平地造林，十年樹木，花蓮人擁有了全國第一座平地森林--大農大富平地森林園區。位於中央山脈與海岸山脈之間，1,250公頃的園區，相當於48座大安森林公園，可說是名副其實的超級吸碳造氧機。這裡種了近20種，逾百萬株低海拔常見的樹種，好看、好用，與人類的生活息息相關。涵養大地，供應人類與其他動物日常所需，它們的丰姿、色彩，是大地最美的一頁詩篇。整體大農大富平地森林園區的規劃以結合周邊農業、城鄉文化、社區營造及環境教育等產業與資源，打造符合生態、節能、減碳、健康導向的規劃與設計，企圖形成多元知性旅遊場域，且與縱谷內遊憩景點連線，提供優質遊憩服務，同時希冀可為平地森林、在地生態景觀、地方居民生活、國人身心健康與環境產業的永續再創新機。', '花蓮分署', 0x0000000001010000000ad7a3703d5a5e409a99999999993740, 1, 1, '976', 6, NULL);

-- --------------------------------------------------------

--
-- 資料表結構 `news`
--

CREATE TABLE `news` (
  `News_ID` varchar(6) NOT NULL,
  `Title` varchar(255) DEFAULT NULL,
  `Content` text DEFAULT NULL,
  `Publisher` varchar(255) DEFAULT NULL,
  `Publish_Date` date DEFAULT NULL,
  `Last_Update_Date` date DEFAULT NULL,
  `Importance` varchar(50) DEFAULT NULL,
  `Status` varchar(50) DEFAULT NULL,
  `Related_Links` varchar(255) DEFAULT NULL,
  `Category_ID` int(11) DEFAULT NULL
) ENGINE=InnoDB DEFAULT CHARSET=utf8mb4 COLLATE=utf8mb4_general_ci;

-- --------------------------------------------------------

--
-- 資料表結構 `trail`
--

CREATE TABLE `trail` (
  `TRAILID` varchar(4) NOT NULL,
  `TR_CNAME` varchar(255) NOT NULL,
  `TR_ID` int(11) NOT NULL,
  `City_ID` varchar(3) NOT NULL,
  `District_ID` varchar(4) NOT NULL,
  `TR_LENGTH` varchar(50) DEFAULT NULL,
  `TR_ALT` float DEFAULT NULL,
  `TR_ALT_LOW` float DEFAULT NULL,
  `TR_permit_stop` tinyint(1) DEFAULT NULL,
  `TR_PAVE` varchar(50) DEFAULT NULL,
  `TR_DIF_CLASS` int(11) DEFAULT NULL,
  `TR_TOUR` varchar(50) DEFAULT NULL,
  `TR_BEST_SEASON` varchar(100) DEFAULT NULL
) ENGINE=InnoDB DEFAULT CHARSET=utf8mb4 COLLATE=utf8mb4_general_ci;

--
-- 傾印資料表的資料 `trail`
--

INSERT INTO `trail` (`TRAILID`, `TR_CNAME`, `TR_ID`, `City_ID`, `District_ID`, `TR_LENGTH`, `TR_ALT`, `TR_ALT_LOW`, `TR_permit_stop`, `TR_PAVE`, `TR_DIF_CLASS`, `TR_TOUR`, `TR_BEST_SEASON`) VALUES
('001', '蘇花古道：大南澳越嶺段', 4, '19', '272', '4.1公里', 650, 100, 0, '土徑步道、土木階梯', 2, '一天', '四季皆宜'),
('002', '南澳古道', 4, '19', '272', '3.8公里', 350, 250, 0, '木棧道、碎石山徑', 1, '半天', '四季皆宜'),
('004', '金瓜寮魚蕨步道', 4, '03', '232', '1公里', 300, 290, 0, '枕木階梯、土徑', 1, '半天', 'None'),
('005', '拳頭姆自然步道', 4, '19', '266', '1.3公里', 310, 150, 0, '原木及碎木屑鋪設', 1, '半天', '四季皆宜'),
('006', '松羅步道', 4, '19', '267', '2公里', 400, 280, 0, '石子路', 1, '半天', '四季皆宜'),
('007', '礁溪跑馬古道', 4, '03', '232', '5公里', 419, 250, 0, '土石路、碎石路', 2, '一天', '四季皆宜'),
('007', '礁溪跑馬古道', 4, '19', '261', '5公里', 419, 250, 0, '土石路、碎石路', 2, '一天', '四季皆宜'),
('007', '礁溪跑馬古道', 4, '19', '262', '5公里', 419, 250, 0, '土石路、碎石路', 2, '一天', '四季皆宜'),
('008', '林美石磐步道', 4, '19', '262', '1.7公里', 300, 200, 0, '石子路', 2, '半天', '四季皆宜'),
('009', '聖母登山步道', 4, '19', '262', '1.6公里', 950, 400, 0, '土木階梯', 2, '一天', '四季皆宜'),
('011', '新寮瀑布步道', 4, '19', '272', '單程1.2公里', 205, 103, 0, '路況良好', 1, '半天', '全年皆宜'),
('012', '九寮溪自然步道', 4, '19', '267', '單程3公里', 375, 250, 0, '土石路', 1, '半天', '四季皆宜'),
('013', '台灣山毛櫸步道', 4, '19', '272', '單程3.8公里', 1800, 1600, 0, '自然土徑步道、原木步道及木棧道', 2, '半天', '秋季'),
('014', '翠峰湖環山步道', 4, '19', '272', '3.95公里', 2000, 1840, 0, '土石路、碎石路、棧橋、階梯', 2, '半天', '四季皆宜'),
('016', '茂興懷舊步道', 4, '19', '267', '主線：1.1公里、上環線：0.25公里、下環線：0.25公里', 1950, 1900, 0, '土石路、木棧道', 1, '半天', '四季皆宜'),
('018', '鐵杉林自然步道', 4, '19', '272', '1.3公里', 2180, 2000, 0, '木棧道、土石路、階梯', 2, '半天', '四季皆宜'),
('019', '見晴懷古步道', 4, '19', '267', '單程0.9公里', 2000, 1890, 0, '碎石路、木棧道、階梯', 1, '半天', '四季皆宜'),
('020', '鳩之澤自然步道', 4, '19', '267', '單程1.2公里', 700, 520, 0, '碎石路、木棧道階梯', 2, '半天', '四季皆宜'),
('021', '望洋山步道', 4, '19', '272', '主線0.9公里/支線0.3公里', 2050, 1880, 0, '土石路、木棧道', 2, '半天', '全年'),
('022', '朝陽步道', 4, '19', '270', '2.2公里', 182, 0, 0, '枕木階梯、土徑', 1, '半天', '四季皆宜'),
('023', '東滿步道', 1, '03', '237', '7.36公里', 1130, 500, 0, '土路面、木棧道、木階梯', 2, '一天', '四季皆宜'),
('023', '東滿步道', 1, '04', '336', '7.36公里', 1130, 500, 0, '土路面、木棧道、木階梯', 2, '一天', '四季皆宜'),
('024', '福巴越嶺國家步道', 1, '03', '233', '18 公里', 1666, 430, 0, '原始山徑', 3, '一天', '四季皆宜'),
('024', '福巴越嶺國家步道', 1, '04', '336', '18 公里', 1666, 430, 0, '原始山徑', 3, '一天', '四季皆宜'),
('025', '北插天山登山步道', 1, '04', '336', '9公里', 1727, 1130, 0, '原始山徑', 3, '一天以上', '四季皆宜'),
('026', '霞喀羅國家步道', 1, '06', '311', '22.2公里', 1900, 1600, 0, '原始山徑', 2, '一天', '四季皆宜'),
('026', '霞喀羅國家步道', 1, '06', '313', '22.2公里', 1900, 1600, 0, '原始山徑', 2, '一天', '四季皆宜'),
('027', '大霸尖山登山步道', 1, '06', '313', '30公里', 3380, 1800, 0, '土路面、木棧道、砌石階梯', 4, '一天以上', '四季皆宜'),
('027', '大霸尖山登山步道', 1, '07', '365', '30公里', 3380, 1800, 0, '土路面、木棧道、砌石階梯', 4, '一天以上', '四季皆宜'),
('028', '桶後越嶺步道', 1, '03', '233', '7公里', 730, 450, 0, '原始山徑', 2, '一天', '四季皆宜'),
('030', '紅河谷越嶺步道', 1, '03', '233', '15公里(因風災受損目前僅開放烏來端0-4公里)', 920, 110, 0, '階梯.原始山徑', 2, 'None', 'None'),
('031', '哈盆越嶺步道', 1, '03', '233', '7.5公里', 756, 450, 0, '土路面、木棧道、砌石階梯', 2, '一天', '四季皆宜'),
('034', '塔曼山步道', 1, '04', '336', '單程2.95公里', 2130, 2000, 0, '原始山徑', 2, '半天', '四季皆宜'),
('035', '北得拉曼巨木步道', 1, '06', '313', '2.6公里', 1300, 900, 0, '原始山徑，偶攀爬岩壁、木梯', 3, '一天', '四季皆宜'),
('036', '馬里光瀑布步道', 1, '06', '313', '0.6公里', 1400, 1350, 0, '石砌', 1, 'None', 'None'),
('038', '鎮西堡巨木群步道', 1, '06', '313', '4.6公里', 1927, 1628, 0, '原始山徑', 2, '一天', '四季皆宜'),
('042', '鳥嘴山登山步道', 1, '07', '365', '3.3公里', 1437, 600, 0, 'None', 2, '一天', '四季皆宜'),
('043', '加里山登山步道', 1, '07', '353', '3.9公里', 2220, 1350, 0, '觀賞大、小雪山與馬拉邦山山系', 3, '一天', '四季皆宜'),
('044', '五指山登山步道', 1, '06', '314', '4.5公里', 1061, 800, 0, '山徑、枕木階梯', 2, '一天', '四季皆宜'),
('046', '冬瓜山登山步道', 1, '07', '365', '1.6公里', 1200, 600, 0, '山徑', 2, '一天', '四季皆宜'),
('047', '馬那邦山登山步道', 1, '07', '364', '4.2公里', 1406, 800, 0, '木棧道、碎石路', 2, '一天', '四季皆宜'),
('047', '馬那邦山登山步道', 1, '07', '365', '4.2公里', 1406, 800, 0, '木棧道、碎石路', 2, '一天', '四季皆宜'),
('048', '橫嶺山步道', 7, '08', '424', '6.6公里', 1200, 850, 0, '石階、山徑、木棧道', 2, '一天', '四季皆宜'),
('049', '大雪山國家森林遊樂區步道群', 7, '08', '424', '9公里', 2300, 1800, 0, '石階、山徑、木棧道', 2, '一天以上', '四季皆宜'),
('051', '德芙蘭步道', 7, '08', '424', '3公里', 1000, 700, 0, '石階、山徑', 2, '半天', '春'),
('052', '八仙山主峰步道', 7, '08', '424', '單程6公里', 2366, 1029, 0, '石階、山徑、木棧道', 3, '一天', '四季皆宜'),
('053', '東卯山步道', 7, '08', '424', '單程6.7公里', 1690, 791, 0, '石階、攀岩、山徑、木棧道', 2, '一天', '四季皆宜'),
('054', '唐麻丹山步道', 7, '08', '424', '5.1公里', 1305, 650, 0, '石階、山徑、木馬道、木棧道', 3, '一天', '春'),
('055', '波津加山步道', 7, '08', '424', '單程3.6公里', 1770, 812, 0, '石階、山徑、木棧道', 3, '一天', '四季皆宜'),
('056', '屋我尾山步道', 7, '08', '424', '6.1公里', 1915, 1796, 0, '石階、山徑、木棧道', 3, '一天', '四季皆宜'),
('057', '馬崙山步道', 7, '08', '424', '7公里', 2305, 1051, 0, '石階、山徑、木棧道', 3, '一天', '四季皆宜'),
('059', '白毛山步道', 7, '08', '424', '單程2.3公里', 1522, 913, 0, '水泥產業道路、山徑、木棧道', 2, '一天', '四季皆宜'),
('060', '鳶嘴稍來小雪山國家步道', 7, '08', '424', '15.2公里', 2600, 1800, 0, '石階、攀岩、山徑、木棧道', 4, '一天以上', '四季皆宜'),
('061', '合歡尖山步道', 2, '10', '546', '0.4公里', 3217, 3110, 0, '山徑', 3, '半天', '五、六月'),
('062', '合歡東峰步道', 2, '18', '972', '0.95公里', 3421, 3100, 0, '石階、山徑、木棧道', 3, '半天', '5、6月'),
('063', '桃山瀑布步道', 7, '08', '424', '單程4.3公里', 2200, 1800, 0, '石階、山徑、木棧道', 2, '一天', '四季皆宜'),
('064', '能高越嶺道-西段', 2, '10', '546', '26.5公里', 2860, 1860, 0, '土路面、木棧道、木階梯、吊橋', 4, '一天以上', '四季皆宜'),
('066', '能高越嶺道：東段', 6, '18', '972', '能高越嶺道全長26.5公里，越嶺道里程數計算是以西段南投屯原登山口(0公里)開始，至東段登山口26.', 3263, 1689, 1, '聯外道路奇萊路目前車輛可達10.5K處，需從此處徒步行走，112年歷杜蘇芮、海葵、小犬颱風帶來的豪雨', 4, '一天以上', '四季皆宜'),
('067', '桃源里森林步道', 2, '09', '500', '4.43公里', 140, 103, 0, '山徑、木階梯、木棧橋、吊索橋、產業道路', 1, '半天', '四季皆宜'),
('069', '清水岩步道群', 2, '09', '511', '4.1公里', 320, 0, 0, '土路面、木棧道、木階梯', 1, '一天', '四季皆宜'),
('069', '清水岩步道群', 2, '09', '520', '4.1公里', 320, 0, 0, '土路面、木棧道、木階梯', 1, '一天', '四季皆宜'),
('070', '麒麟山森林步道', 2, '09', '520', '1.2公里', 200, 144, 0, '道路、自行車道、山徑、階梯', 1, '半天', '四季皆宜'),
('070', '麒麟山森林步道', 2, '10', '551', '1.2公里', 200, 144, 0, '道路、自行車道、山徑、階梯', 1, '半天', '四季皆宜'),
('072', '坑內坑森林步道', 2, '09', '530', '2.11公里', 380, 140, 0, '土路面、木棧道、木階梯、吊橋', 1, '半天', '四季皆宜'),
('075', '澀水森林步道', 2, '10', '555', '4.0', 800, 500, 0, '木棧道、階梯、產業道路', 1, '半天', '四季皆宜'),
('078', '龍過脈森林步道', 2, '11', '643', '4.2公里', 200, 90, 0, '土路面、木棧道、木階梯', 1, '半天', '春'),
('079', '二崙自然步道', 2, '11', '649', '4公里', 30, 0, 0, '粉砂路面、木棧道、木階梯', 1, '半天', '四季皆宜'),
('080', '塔山步道', 3, '13', '605', '單程3.5公里', 2663, 2100, 0, '枕木碎石步道、木棧道', 2, '一天', '四季皆宜'),
('081', '特富野古道', 3, '10', '556', '6.32公里', 2282, 1798, 0, '枕木碎石步道、山徑', 2, '一天', '四季皆宜'),
('081', '特富野古道', 3, '13', '605', '6.32公里', 2282, 1798, 0, '枕木碎石步道、山徑', 2, '一天', '四季皆宜'),
('082', '嘉南雲峰步道', 3, '11', '646', '4.0公里', 1795, 1300, 0, '枕木碎石步道、山徑', 2, '一天', '四季皆宜'),
('083', '瑞太古道', 3, '13', '603', '5.2公里', 1500, 1000, 0, '山徑、枕木階梯', 1, '半天', '四季皆宜'),
('084', '四大天王山步道', 3, '13', '604', '3.9公里', 1320, 940, 0, '山徑、石板階梯', 1, '半天', '四季皆宜'),
('085', '獨立山步道', 3, '13', '604', '3.5公里', 816, 543, 0, '山徑、階梯', 1, '半天', '全年'),
('086', '獨立山-大巃頂步道', 3, '13', '604', '1.6公里', 1190, 840, 1, '枕木、山徑', 2, '一天', '全年'),
('090', '石夢谷步道', 3, '13', '605', '單程4.8公里', 1800, 800, 0, '枕木石板步道、木梯', 3, '一天', '四季皆宜'),
('092', '茶之道步道', 3, '13', '605', '1.9公里', 1696, 1555, 0, '枕木棧道、產業道路', 1, '一天', '全年'),
('093', '對高岳森林浴步道', 3, '13', '605', '單程1.7公里', 2453, 2379, 0, '山徑、木棧道', 2, '半天', '全年'),
('094', '阿里山國家森林遊樂區巨木群步道', 3, '13', '605', '1.1公里', 2148, 2000, 0, '木棧道', 1, '一天', '全年'),
('095', '二萬坪步道', 3, '13', '605', '0.3公里', 2036, 2027, 0, '混凝土階梯、枕木步道', 1, '半天', '全年'),
('096', '十字路來吉古道', 3, '13', '605', '0.7公里', 1500, 1400, 1, '山徑、石板階梯', 2, '半天', '全年'),
('098', '里佳-山美步道', 3, '13', '605', '1.2公里', 1000, 800, 1, '木棧道、山徑', 3, '一天', '全年'),
('099', '奮瑞古道', 3, '13', '604', '6.5公里', 1600, 1100, 0, '山徑、石板步道', 2, '一天', '四季皆宜'),
('100', '奮起湖大凍山步道', 3, '13', '604', '3.6公里', 1976, 1645, 0, '山徑、石板步道、枕木碎石步道', 2, '一天', '全年'),
('103', '土匪山步道', 3, '13', '602', '1.8公里', 700, 360, 0, '枕木碎石步道、木棧道', 2, '一天', '全年'),
('105', '關仔嶺大凍山步道', 3, '14', '732', '3公里', 1241, 480, 0, '枕木碎石步道、山徑', 2, '一天', '全年'),
('106', '關仔嶺碧雲寺-水火同源登山步道', 3, '14', '732', '1.3公里', 500, 350, 0, '枕木步道、山徑', 1, '半天', '全年'),
('107', '崁頂步道', 3, '14', '732', '0.5公里', 530, 510, 0, '枕木步道', 1, '半天', '全年'),
('108', '雞籠山步道', 3, '14', '732', '1.6公里', 889, 878, 0, '枕木、山徑、石板步道', 1, '半天', '全年'),
('109', '崁頭山步道', 3, '14', '733', '3.2 公里', 844, 580, 0, '山徑、石板步道', 2, '半天', '四季皆宜'),
('114', '鈺鼎步道', 3, '14', '716', '1.6公里', 430, 170, 0, '石階、原木棧道', 1, '半天', '全年'),
('119', '北大武山步道', 5, '15', '921', '9公里', 3092, 1500, 1, '山徑、階梯', 5, '一天以上', '四季皆宜'),
('120', '六龜警備道：藤枝段', 5, '15', '848', '1公里', 1800, 1750, 0, '山徑、階梯', 3, '自東藤枝山三角點往下走，經藤枝步道群（西施花步道2.6K-2.5k）接六龜警備道後再接到西施花步道下', '四季皆宜'),
('122', '浸水營古道：西段', 5, '15', '942', '2.7公里', 1400, 1150, 1, 'None', 3, '半天', 'None'),
('125', '美濃雙溪樹木園步道', 5, '15', '843', '單程1.5公里', 200, 100, 0, '山徑', 1, '半天', '四季皆宜'),
('130', '六義山步道', 5, '15', '847', '4.35', 784, 350, 0, '階梯、產業道路、山徑', 1, '一天', '四季皆宜'),
('131', '尾寮山登山步道', 5, '15', '851', '單程9.3公里', 1430, 200, 1, '產業道路、山徑', 2, '一天', '四季皆宜'),
('131', '尾寮山登山步道', 5, '16', '901', '單程9.3公里', 1430, 200, 1, '產業道路、山徑', 2, '一天', '四季皆宜'),
('131', '尾寮山登山步道', 5, '16', '906', '單程9.3公里', 1430, 200, 1, '產業道路、山徑', 2, '一天', '四季皆宜'),
('132', '筏灣泰武步道', 5, '16', '903', '4.5公里', 1500, 900, 1, '山徑', 4, '一天', '冬季及春季較佳'),
('132', '筏灣泰武步道', 5, '16', '921', '4.5公里', 1500, 900, 1, '山徑', 4, '一天', '冬季及春季較佳'),
('133', '里龍山步道', 5, '15', '943', '4.07公里', 1050, 200, 1, '山徑、階梯', 3, '一天', '春'),
('136', '石門山步道', 5, '15', '945', '1.05公里', 384, 80, 0, '山徑、碎石路、木階梯', 3, '半天', '春'),
('137', '高士佛步道', 5, '15', '945', '單程2.5公里', 514, 214, 1, '山徑、碎石路', 2, '半天', '春'),
('139', '嘉明湖國家步道', 8, '17', '957', '13公里', 3603, 2327, 1, '土徑、草坡、碎石路、冬季路面偶有結冰', 4, '一天以上', '四季皆宜'),
('140', '都蘭山步道', 8, '17', '959', '3.8公里', 1190, 590, 0, '緩坡、階梯、陡坡', 2, '一天', '四季皆宜'),
('141', '麻荖漏步道', 8, '17', '961', '1.2 公里', 550, 380, 0, '枕木階梯、土徑、木棧橋、木爬梯、溪床步道', 2, '半天', '四季皆宜'),
('147', '鯉魚山步道', 8, '17', '950', '1.7公里', 80, 10, 0, '階梯及枕木步道', 1, '半天', '四季皆宜'),
('150', '大武觀海步道', 8, '17', '965', '1.1公里', 40, 20, 0, '枕木階梯步道、土徑步道', 1, '半天', '四季皆宜'),
('152', '月眉山步道', 6, '18', '974', '3公里', 614, 400, 0, '自然土石山徑，陡坡設有枕木階梯', 1, '3~4小時', '四季皆宜'),
('153', '安通越嶺道：西段', 6, '18', '981', '2.065公里', 910, 600, 0, '自然土石路面，陡坡處設有木階梯', 1, '2~3小時', '四季皆宜'),
('154', '八通關越道：鹿鳴吊橋段', 6, '18', '982', '2.7公里', 320, 250, 0, '自然土石路面', 1, '2~3小時', '四季皆宜'),
('155', '佐倉步道', 6, '18', '972', '3.95 公里', 490, 70, 0, '水泥鋪面，少部分為碎石級配', 1, '3~4小時', '四季皆宜'),
('156', '鯉魚山步道群', 6, '18', '974', '10.04公里', 601, 140, 0, '自然土石山徑、枕木、棧道、石板及塊石', 1, '一天', '四季皆宜'),
('159', '虎頭山步道', 6, '18', '978', '1.985公里', 380, 160, 0, '自然土石山徑，碎石級配，木、石階梯', 1, '2~2.5小時', '四季皆宜'),
('164', '九九峰森林步道', 2, '10', '542', '1.92 公里', 485, 0, 0, '石礫.棧道.產業道路', 1, '半天', '秋冬季'),
('165', '檜木原始林步道', 4, '19', '272', '0.6公里', 2000, 1980, 0, '木棧道', 1, '半天', '四季皆宜'),
('167', '關山紅石步道', 8, '17', '956', '單程3.72公里', 730, 270, 0, '土徑及枕木步道', 2, '一天', '四季皆宜'),
('170', '浸水營國家步道東段', 8, '17', '966', '13.2公里', 1450, 122, 1, '土徑', 2, '一天', '四季皆宜'),
('174', '鎮南宮步道', 3, '14', '734', '0.99公里', 105, 65, 0, '枕木步道', 1, '半天', '四季皆宜'),
('178', '福山步道', 3, '13', '605', '2.1公里', 1360, 1280, 0, '泥土、石板步道', 1, '一天', '全年'),
('179', '里美避難步道', 3, '13', '605', '1.6公里', 980, 550, 1, '枕木碎步道、木棧道', 4, '一天', '全年'),
('180', '龍麟山步道', 3, '14', '716', '2.3公里', 530, 240, 0, '枕木碎石步道、木棧道', 2, '半天', '全年'),
('180', '龍麟山步道', 3, '15', '845', '2.3公里', 530, 240, 0, '枕木碎石步道、木棧道', 2, '半天', '全年'),
('183', '月光山登山步道', 5, '15', '843', '單程3公里', 650, 250, 0, '山徑(不佳)', 1, '一天', 'None'),
('198', '奮起湖肖楠母樹林', 3, '13', '604', '0.1公里', 1350, 1400, 0, '木棧道', 1, '半天', '全年'),
('200', '水山步道', 3, '13', '605', '1.6公里', 2317, 2292, 0, '鐵道、石板階梯 ', 1, '半天', '全年'),
('201', '安通越嶺古道東段', 8, '17', '962', '東段4.04公里，西段2.06公里。', 892, 723, 0, '土徑', 3, '一天', 'None'),
('207', '浸水營步道：前段', 5, '15', '942', '2.7公里', 72, 520, 1, '土石路面', 2, '半天', '春'),
('208', '綠島阿眉山步道', 8, '17', '951', '單程0.94公里', 277, 170, 0, '土徑', 1, '半天', 'None'),
('209', '綠島觀海步道', 8, '17', '951', '單程0.22公里', 70, 20, 0, '木棧階梯', 1, '半天', 'None'),
('212', '撒固兒步道', 6, '18', '970', '1.35公里', 140, 65, 0, '自然土石路面，陡坡架設階梯及棧道', 1, '1~1.5小時', '四季皆宜'),
('214', '烏山嶺水利古道', 3, '14', '734', 'None', 523, 102, 0, 'None', 1, 'None', '全年適宜'),
('215', '水山療癒步道', 3, '13', '605', '0.86公里', 2317, 2271, 0, '山徑、木棧道', 1, 'None', '全年適宜');

-- --------------------------------------------------------

--
-- 資料表結構 `tr_admin`
--

CREATE TABLE `tr_admin` (
  `TR_ID` int(11) NOT NULL,
  `TR_Name` varchar(10) DEFAULT NULL,
  `TR_Phone` varchar(15) DEFAULT NULL,
  `TR_Address` varchar(50) DEFAULT NULL
) ENGINE=InnoDB DEFAULT CHARSET=utf8mb4 COLLATE=utf8mb4_general_ci;

--
-- 傾印資料表的資料 `tr_admin`
--

INSERT INTO `tr_admin` (`TR_ID`, `TR_Name`, `TR_Phone`, `TR_Address`) VALUES
(1, '新竹分署', '(035)22-4163', '新竹市中山路2號'),
(2, '南投分署', '(049)2365226', '南投縣草屯鎮新庄里史館路456號'),
(3, '嘉義分署', '(05)278-7006', '嘉義市林森西路1號'),
(4, '宜蘭分署', '(03)954-5114', '宜蘭縣羅東鎮中正北路118號'),
(5, '屏東分署', '(08)723-6941', '屏東市民興路39號'),
(6, '花蓮分署', '(03)832-5141', '花蓮市林政街1號'),
(7, '臺中分署', '(04)2515-0855', '臺中市豐原區南陽路逸仙莊1號'),
(8, '臺東分署', '(089)32-4121', '臺東市廣東路297號');

-- --------------------------------------------------------

--
-- 資料表結構 `tr_info`
--

CREATE TABLE `tr_info` (
  `TRAILID` char(4) NOT NULL,
  `TR_TYP` varchar(20) DEFAULT NULL,
  `TITLE` varchar(255) DEFAULT NULL,
  `CONTENT` varchar(255) DEFAULT NULL,
  `ANN_DATE` date DEFAULT NULL,
  `opendate` date DEFAULT NULL,
  `closedate` date DEFAULT NULL,
  `TR_SUB` varchar(20) DEFAULT NULL,
  `TR_ID` int(11) DEFAULT NULL
) ENGINE=InnoDB DEFAULT CHARSET=utf8mb4 COLLATE=utf8mb4_general_ci;

--
-- 傾印資料表的資料 `tr_info`
--

INSERT INTO `tr_info` (`TRAILID`, `TR_TYP`, `TITLE`, `CONTENT`, `ANN_DATE`, `opendate`, `closedate`, `TR_SUB`, `TR_ID`) VALUES
('002', '暫停開放', '受4月3日地震後土石鬆動，已有大面積崩塌與落石狀況，本步道暫停開放，請勿進入。', '受4月3日地震後土石鬆動，已有大面積崩塌與落石狀況，本步道暫停開放，請勿進入。', '2024-04-08', '2024-07-01', '2024-04-08', '全線', 4),
('008', '暫停開放', '配合礁溪鄉公所草湳湖步道工程，林美石磐步道即日起暫停開放至6月底，如有工程相關問題，請洽礁溪鄉公所：(03)988 1311', '配合礁溪鄉公所草湳湖步道工程，林美石磐步道即日起暫停開放至6月底，如有工程相關問題，請洽礁溪鄉公所：(03)988 1311', '2023-11-30', '2024-07-01', '2023-11-30', '全線', 4),
('019', '注意', '觀雲棧道（見晴步道聯外路線）為提供遊客安全舒適的休憩環境、提升遊憩設施安全，於113年6月11日起至8月31日針對太平山觀雲棧道進行鋪面改善作業，棧道暫停開放，造成不便敬請見諒。', '觀雲棧道（見晴步道聯外路線）為提供遊客安全舒適的休憩環境、提升遊憩設施安全，於113年6月11日起至8月31日針對太平山觀雲棧道進行鋪面改善作業，棧道暫停開放，造成不便敬請見諒。', '2024-05-28', NULL, NULL, '全線', 4),
('020', '部分封閉', '鳩之澤自然步道-手作步道支線因邊坡落石不穩，暫停開放。', '鳩之澤自然步道-手作步道支線因邊坡落石不穩，暫停開放。', '2023-05-01', '2024-07-01', '2023-05-01', '全線', 4),
('024', '部分封閉', '烏來(福山)端0.05K及1.2K均有崩塌，5.37K木橋毀損，不建議通行。', '因山區雨勢影響，福巴越嶺國家步道烏來(福山)端0.5K及1.2K均有崩塌，5.37K木橋毀損，不建議通行，請由巴陵(拉拉山國家森林遊樂區)端，進入往返。\r\n\r\n聯絡電話：\r\n內洞：02-26617358\r\n滿月圓：02-26720004\r\n東眼山：03-3821505\r\n拉拉山：03-3912142\r\n觀霧：037-272917\r\n烏來台車：02-26617712\r\n林業署新竹分署：03-5224163', '2023-08-02', '2024-10-01', '2023-08-03', '全線', 1),
('030', '部分封閉', '因風災受損目前僅開放烏來端0-4公里', '因風災受損目前僅開放烏來端0-4公里', '2023-03-09', '2024-10-01', '2023-03-09', '全線', 1),
('031', '暫停開放', '沿線因風災受損，暫未開放。', '沿線因風災受損，暫未開放。', '2024-01-01', '2025-01-01', '2024-01-01', '全線', 1),
('060', '部分封閉', '木馬道支線因工程施工暫停開放', '木馬道支線因工程施工，為遊客安全，自即日起暫停開放，不便之處，敬請見諒。', '2024-02-22', '2025-01-01', '2024-02-22', '其他', 7),
('064', '注意', '因5月28日豪雨雨勢影響，能高越嶺步道3.3K崩塌路基流失，請評估自身能力及裝備注意通行。', NULL, '2024-05-29', NULL, NULL, '西段', 2),
('069', '部分封閉', '因5月28日豪雨致十八彎步道0K+800路基流失，無法通行，將進行修復工程，請改走其他步道', NULL, '2024-05-29', '2024-08-01', '2024-05-29', '全線', 2),
('070', '注意', '麒麟山步道因枕木階梯、棧道及護欄等設施腐朽損壞嚴重，影響行走安全。將辦理整修工程，自113年6月17日起封閉至113年10月10日止，請改走其他步道。', NULL, '2024-05-31', NULL, NULL, '全線', 2),
('082', '部分封閉', '本步道3K處，因棧橋坍塌，暫停開放', NULL, '2024-02-19', '2025-01-01', '2023-09-21', '其他', 3),
('090', '暫停開放', '石夢谷步道因連日大雨土石崩落暫停開放', '石夢谷步道0K100因大雨而大面積土石崩落將請開口廠商清理暫停開放', '2022-07-08', '2024-07-01', '2022-07-08', '全線', 3),
('103', '注意', '土匪山步道0.2K處木棧橋扶手欄杆損壞，請遊客注意安全，儘速通過', '土匪山步道0.2K處因近日地震及山區降雨導致塊石掉落，造成木棧橋扶手欄杆損壞，請民眾行經此路段儘速通過，並注意安全。', '2024-05-08', NULL, NULL, '其他', 3),
('109', '暫停開放', '崁頭山步道整修全線封閉至今年10月', NULL, '2024-04-08', '2024-11-01', '2024-04-08', '全線', 3),
('114', '暫停開放', '本步道自113年4月26日起至10月26止，因施工暫停開放', NULL, '2024-04-19', '2024-10-27', '2024-04-26', '全線', 3),
('132', '暫停開放', '莫拉克風災後部分路段路基坍塌、嚴重毀損', '莫拉克風災後部分路段路基坍塌、嚴重毀損，考量使用程度低及修復經費考量，近期尚無計畫修復，籲請民眾勿冒險進入以維自身安全。', '2019-04-29', '2024-09-06', '2023-09-05', '全線', 5),
('147', '注意', '鯉魚山步道分區進行整修工程，請勿進入施工區域，以策安全。', NULL, '2024-01-04', NULL, NULL, '全線', 8),
('152', '全線開放', '月眉山北側登山口聯外道路(嶺頂產業道路)為山區道路且路途長，建議遊客駕駛高底盤車輛，並減速通行；另可考慮自南側登山口進入，原途折返。', '月眉山北側登山口聯外道路(嶺頂產業道路)為山區道路且路途長，建議遊客駕駛高底盤車輛，並減速通行；另可考慮自南側登山口進入，原途折返。', '2024-01-03', '2024-01-01', NULL, '全線', 6),
('155', '暫停開放', '因0403花蓮大地震後餘震不斷及降雨影響，步道暫停開放。', NULL, '2024-04-08', '2025-01-01', '2024-04-03', '全線', 6),
('183', '暫停開放', '受碧盧颱風影響造成多處坍塌及持續地滑,委請成大監測中', NULL, '2023-08-29', '2024-09-06', '2023-09-05', '全線', 5);

-- --------------------------------------------------------

--
-- 資料表結構 `type`
--

CREATE TABLE `type` (
  `Type_ID` int(11) NOT NULL,
  `Type_Name` varchar(255) NOT NULL
) ENGINE=InnoDB DEFAULT CHARSET=utf8mb4 COLLATE=utf8mb4_general_ci;

--
-- 傾印資料表的資料 `type`
--

INSERT INTO `type` (`Type_ID`, `Type_Name`) VALUES
(1, '國家森林遊樂區'),
(2, '生態教育館'),
(3, '林業文化園區'),
(4, '林業鐵路'),
(5, '自然教育中心'),
(6, '平地森林園區'),
(7, '步道');

-- --------------------------------------------------------

--
-- 資料表結構 `user`
--

CREATE TABLE `user` (
  `User_ID` int(11) NOT NULL,
  `User_first_name` varchar(10) NOT NULL,
  `User_last_name` varchar(10) NOT NULL,
  `User_gender` varchar(3) NOT NULL,
  `User_email` varchar(100) NOT NULL,
  `User_birthday` date NOT NULL,
  `User_passwd` varchar(255) NOT NULL,
  `User_permission` varchar(3) NOT NULL
) ENGINE=InnoDB DEFAULT CHARSET=utf8mb4 COLLATE=utf8mb4_general_ci;

--
-- 傾印資料表的資料 `user`
--

INSERT INTO `user` (`User_ID`, `User_first_name`, `User_last_name`, `User_gender`, `User_email`, `User_birthday`, `User_passwd`, `User_permission`) VALUES
(2, 'BB', 'AA', '女', 'B1129039@gmail.com', '2024-06-04', '$2y$10$/UNaBjFZfteL0ouZgkOxV.R9qLCoNA0fQ0C4aUh5ZiSc4mu5zJJ9y', '0');

-- --------------------------------------------------------

--
-- 資料表結構 `user_line`
--

CREATE TABLE `user_line` (
  `Line_ID` int(5) NOT NULL,
  `User_ID` int(5) NOT NULL,
  `Line_Date` datetime NOT NULL
) ENGINE=InnoDB DEFAULT CHARSET=utf8mb4 COLLATE=utf8mb4_general_ci;

-- --------------------------------------------------------

--
-- 資料表結構 `user_note`
--

CREATE TABLE `user_note` (
  `Note_ID` int(5) NOT NULL,
  `User_ID` int(5) NOT NULL,
  `Note_Date` datetime NOT NULL,
  `Note` text NOT NULL,
  `Note_title` text NOT NULL
) ENGINE=InnoDB DEFAULT CHARSET=utf8mb4 COLLATE=utf8mb4_general_ci;

-- --------------------------------------------------------

--
-- 資料表結構 `weather_forecast`
--

CREATE TABLE `weather_forecast` (
  `Start_Time` datetime NOT NULL,
  `End_Time` datetime NOT NULL,
  `District_ID` varchar(4) NOT NULL,
  `Weather_Type_ID` int(11) DEFAULT NULL,
  `MaxTemperature` int(11) DEFAULT NULL,
  `MinTemperature` int(11) DEFAULT NULL,
  `Remarks` varchar(255) DEFAULT NULL
) ENGINE=InnoDB DEFAULT CHARSET=utf8mb4 COLLATE=utf8mb4_general_ci;

--
-- 傾印資料表的資料 `weather_forecast`
--

INSERT INTO `weather_forecast` (`Start_Time`, `End_Time`, `District_ID`, `Weather_Type_ID`, `MaxTemperature`, `MinTemperature`, `Remarks`) VALUES
('2024-06-04 00:00:00', '2024-06-04 06:00:00', '100', 10, 23, 22, NULL),
('2024-06-04 00:00:00', '2024-06-04 06:00:00', '103', 10, 23, 22, NULL),
('2024-06-04 00:00:00', '2024-06-04 06:00:00', '104', 10, 23, 22, NULL),
('2024-06-04 00:00:00', '2024-06-04 06:00:00', '105', 10, 22, 22, NULL),
('2024-06-04 00:00:00', '2024-06-04 06:00:00', '106', 10, 23, 22, NULL),
('2024-06-04 00:00:00', '2024-06-04 06:00:00', '108', 10, 23, 22, NULL),
('2024-06-04 00:00:00', '2024-06-04 06:00:00', '110', 10, 22, 22, NULL),
('2024-06-04 00:00:00', '2024-06-04 06:00:00', '111', 10, 23, 22, NULL),
('2024-06-04 00:00:00', '2024-06-04 06:00:00', '112', 10, 22, 22, NULL),
('2024-06-04 00:00:00', '2024-06-04 06:00:00', '114', 10, 22, 22, NULL),
('2024-06-04 00:00:00', '2024-06-04 06:00:00', '115', 10, 22, 21, NULL),
('2024-06-04 00:00:00', '2024-06-04 06:00:00', '116', 10, 21, 21, NULL),
('2024-06-04 00:00:00', '2024-06-04 06:00:00', '200', 10, 21, 21, NULL),
('2024-06-04 00:00:00', '2024-06-04 06:00:00', '204', 10, 21, 21, NULL),
('2024-06-04 00:00:00', '2024-06-04 06:00:00', '205', 10, 21, 20, NULL),
('2024-06-04 00:00:00', '2024-06-04 06:00:00', '206', 10, 21, 20, NULL),
('2024-06-04 00:00:00', '2024-06-04 06:00:00', '207', 10, 21, 20, NULL),
('2024-06-04 00:00:00', '2024-06-04 06:00:00', '208', 19, 22, 22, NULL),
('2024-06-04 00:00:00', '2024-06-04 06:00:00', '209', 3, 22, 21, NULL),
('2024-06-04 00:00:00', '2024-06-04 06:00:00', '210', 3, 22, 22, NULL),
('2024-06-04 00:00:00', '2024-06-04 06:00:00', '211', 2, 22, 22, NULL),
('2024-06-04 00:00:00', '2024-06-04 06:00:00', '212', 2, 22, 22, NULL),
('2024-06-04 00:00:00', '2024-06-04 06:00:00', '220', 10, 23, 22, NULL),
('2024-06-04 00:00:00', '2024-06-04 06:00:00', '221', 10, 21, 20, NULL),
('2024-06-04 00:00:00', '2024-06-04 06:00:00', '222', 10, 21, 20, NULL),
('2024-06-04 00:00:00', '2024-06-04 06:00:00', '223', 10, 19, 19, NULL),
('2024-06-04 00:00:00', '2024-06-04 06:00:00', '224', 10, 21, 20, NULL),
('2024-06-04 00:00:00', '2024-06-04 06:00:00', '226', 10, 18, 18, NULL),
('2024-06-04 00:00:00', '2024-06-04 06:00:00', '227', 26, 21, 21, NULL),
('2024-06-04 00:00:00', '2024-06-04 06:00:00', '228', 26, 21, 21, NULL),
('2024-06-04 00:00:00', '2024-06-04 06:00:00', '231', 10, 22, 21, NULL),
('2024-06-04 00:00:00', '2024-06-04 06:00:00', '232', 10, 19, 18, NULL),
('2024-06-04 00:00:00', '2024-06-04 06:00:00', '233', 10, 17, 17, NULL),
('2024-06-04 00:00:00', '2024-06-04 06:00:00', '234', 10, 23, 22, NULL),
('2024-06-04 00:00:00', '2024-06-04 06:00:00', '235', 10, 22, 22, NULL),
('2024-06-04 00:00:00', '2024-06-04 06:00:00', '236', 10, 22, 22, NULL),
('2024-06-04 00:00:00', '2024-06-04 06:00:00', '237', 10, 22, 21, NULL),
('2024-06-04 00:00:00', '2024-06-04 06:00:00', '238', 10, 23, 22, NULL),
('2024-06-04 00:00:00', '2024-06-04 06:00:00', '239', 10, 23, 22, NULL),
('2024-06-04 00:00:00', '2024-06-04 06:00:00', '241', 10, 23, 22, NULL),
('2024-06-04 00:00:00', '2024-06-04 06:00:00', '242', 10, 23, 22, NULL),
('2024-06-04 00:00:00', '2024-06-04 06:00:00', '243', 10, 22, 22, NULL),
('2024-06-04 00:00:00', '2024-06-04 06:00:00', '244', 10, 22, 21, NULL),
('2024-06-04 00:00:00', '2024-06-04 06:00:00', '247', 10, 23, 22, NULL),
('2024-06-04 00:00:00', '2024-06-04 06:00:00', '248', 10, 22, 21, NULL),
('2024-06-04 00:00:00', '2024-06-04 06:00:00', '249', 10, 22, 22, NULL),
('2024-06-04 00:00:00', '2024-06-04 06:00:00', '251', 10, 22, 22, NULL),
('2024-06-04 00:00:00', '2024-06-04 06:00:00', '252', 10, 22, 21, NULL),
('2024-06-04 00:00:00', '2024-06-04 06:00:00', '253', 10, 22, 22, NULL),
('2024-06-04 00:00:00', '2024-06-04 06:00:00', '302', 19, 22, 21, NULL),
('2024-06-04 00:00:00', '2024-06-04 06:00:00', '303', 19, 22, 21, NULL),
('2024-06-04 00:00:00', '2024-06-04 06:00:00', '304', 19, 22, 21, NULL),
('2024-06-04 00:00:00', '2024-06-04 06:00:00', '305', 19, 21, 20, NULL),
('2024-06-04 00:00:00', '2024-06-04 06:00:00', '306', 19, 20, 19, NULL),
('2024-06-04 00:00:00', '2024-06-04 06:00:00', '308', 19, 21, 20, NULL),
('2024-06-04 00:00:00', '2024-06-04 06:00:00', '310', 19, 21, 20, NULL),
('2024-06-04 00:00:00', '2024-06-04 06:00:00', '311', 19, 20, 19, NULL),
('2024-06-04 00:00:00', '2024-06-04 06:00:00', '312', 19, 21, 20, NULL),
('2024-06-04 00:00:00', '2024-06-04 06:00:00', '313', 19, 19, 18, NULL),
('2024-06-04 00:00:00', '2024-06-04 06:00:00', '314', 19, 21, 20, NULL),
('2024-06-04 00:00:00', '2024-06-04 06:00:00', '315', 19, 21, 20, NULL),
('2024-06-04 00:00:00', '2024-06-04 06:00:00', '320', 19, 22, 21, NULL),
('2024-06-04 00:00:00', '2024-06-04 06:00:00', '324', 19, 21, 20, NULL),
('2024-06-04 00:00:00', '2024-06-04 06:00:00', '325', 19, 20, 19, NULL),
('2024-06-04 00:00:00', '2024-06-04 06:00:00', '326', 19, 20, 20, NULL),
('2024-06-04 00:00:00', '2024-06-04 06:00:00', '327', 19, 22, 21, NULL),
('2024-06-04 00:00:00', '2024-06-04 06:00:00', '328', 19, 23, 23, NULL),
('2024-06-04 00:00:00', '2024-06-04 06:00:00', '330', 10, 22, 22, NULL),
('2024-06-04 00:00:00', '2024-06-04 06:00:00', '333', 10, 22, 22, NULL),
('2024-06-04 00:00:00', '2024-06-04 06:00:00', '334', 19, 21, 21, NULL),
('2024-06-04 00:00:00', '2024-06-04 06:00:00', '335', 19, 21, 20, NULL),
('2024-06-04 00:00:00', '2024-06-04 06:00:00', '336', 19, 19, 18, NULL),
('2024-06-04 00:00:00', '2024-06-04 06:00:00', '337', 19, 23, 22, NULL),
('2024-06-04 00:00:00', '2024-06-04 06:00:00', '338', 10, 23, 22, NULL),
('2024-06-04 00:00:00', '2024-06-04 06:00:00', '350', 19, 22, 22, NULL),
('2024-06-04 00:00:00', '2024-06-04 06:00:00', '351', 19, 22, 21, NULL),
('2024-06-04 00:00:00', '2024-06-04 06:00:00', '352', 19, 21, 20, NULL),
('2024-06-04 00:00:00', '2024-06-04 06:00:00', '353', 19, 20, 20, NULL),
('2024-06-04 00:00:00', '2024-06-04 06:00:00', '354', 19, 21, 20, NULL),
('2024-06-04 00:00:00', '2024-06-04 06:00:00', '356', 10, 22, 22, NULL),
('2024-06-04 00:00:00', '2024-06-04 06:00:00', '357', 10, 22, 22, NULL),
('2024-06-04 00:00:00', '2024-06-04 06:00:00', '358', 10, 22, 22, NULL),
('2024-06-04 00:00:00', '2024-06-04 06:00:00', '360', 10, 22, 21, NULL),
('2024-06-04 00:00:00', '2024-06-04 06:00:00', '361', 19, 22, 21, NULL),
('2024-06-04 00:00:00', '2024-06-04 06:00:00', '362', 19, 22, 21, NULL),
('2024-06-04 00:00:00', '2024-06-04 06:00:00', '363', 19, 21, 21, NULL),
('2024-06-04 00:00:00', '2024-06-04 06:00:00', '364', 19, 21, 20, NULL),
('2024-06-04 00:00:00', '2024-06-04 06:00:00', '365', 19, 20, 20, NULL),
('2024-06-04 00:00:00', '2024-06-04 06:00:00', '366', 10, 22, 21, NULL),
('2024-06-04 00:00:00', '2024-06-04 06:00:00', '367', 10, 21, 20, NULL),
('2024-06-04 00:00:00', '2024-06-04 06:00:00', '368', 10, 22, 21, NULL),
('2024-06-04 00:00:00', '2024-06-04 06:00:00', '369', 4, 22, 21, NULL),
('2024-06-04 00:00:00', '2024-06-04 06:00:00', '406', 4, 24, 23, NULL),
('2024-06-04 00:00:00', '2024-06-04 06:00:00', '407', 4, 24, 23, NULL),
('2024-06-04 00:00:00', '2024-06-04 06:00:00', '408', 4, 24, 23, NULL),
('2024-06-04 00:00:00', '2024-06-04 06:00:00', '411', 4, 24, 24, NULL),
('2024-06-04 00:00:00', '2024-06-04 06:00:00', '412', 4, 24, 24, NULL),
('2024-06-04 00:00:00', '2024-06-04 06:00:00', '413', 5, 24, 23, NULL),
('2024-06-04 00:00:00', '2024-06-04 06:00:00', '414', 4, 24, 23, NULL),
('2024-06-04 00:00:00', '2024-06-04 06:00:00', '420', 4, 23, 23, NULL),
('2024-06-04 00:00:00', '2024-06-04 06:00:00', '421', 4, 22, 22, NULL),
('2024-06-04 00:00:00', '2024-06-04 06:00:00', '422', 3, 22, 21, NULL),
('2024-06-04 00:00:00', '2024-06-04 06:00:00', '423', 4, 22, 22, NULL),
('2024-06-04 00:00:00', '2024-06-04 06:00:00', '424', 4, 21, 20, NULL),
('2024-06-04 00:00:00', '2024-06-04 06:00:00', '426', 3, 22, 21, NULL),
('2024-06-04 00:00:00', '2024-06-04 06:00:00', '427', 4, 24, 23, NULL),
('2024-06-04 00:00:00', '2024-06-04 06:00:00', '428', 4, 23, 22, NULL),
('2024-06-04 00:00:00', '2024-06-04 06:00:00', '429', 4, 23, 22, NULL),
('2024-06-04 00:00:00', '2024-06-04 06:00:00', '432', 4, 24, 23, NULL),
('2024-06-04 00:00:00', '2024-06-04 06:00:00', '433', 4, 23, 23, NULL),
('2024-06-04 00:00:00', '2024-06-04 06:00:00', '434', 4, 23, 23, NULL),
('2024-06-04 00:00:00', '2024-06-04 06:00:00', '435', 4, 23, 23, NULL),
('2024-06-04 00:00:00', '2024-06-04 06:00:00', '436', 4, 23, 22, NULL),
('2024-06-04 00:00:00', '2024-06-04 06:00:00', '437', 4, 22, 22, NULL),
('2024-06-04 00:00:00', '2024-06-04 06:00:00', '438', 4, 22, 22, NULL),
('2024-06-04 00:00:00', '2024-06-04 06:00:00', '500', 4, 24, 23, NULL),
('2024-06-04 00:00:00', '2024-06-04 06:00:00', '502', 4, 23, 23, NULL),
('2024-06-04 00:00:00', '2024-06-04 06:00:00', '503', 4, 24, 23, NULL),
('2024-06-04 00:00:00', '2024-06-04 06:00:00', '504', 4, 24, 23, NULL),
('2024-06-04 00:00:00', '2024-06-04 06:00:00', '505', 4, 24, 23, NULL),
('2024-06-04 00:00:00', '2024-06-04 06:00:00', '506', 4, 24, 23, NULL),
('2024-06-04 00:00:00', '2024-06-04 06:00:00', '507', 4, 23, 23, NULL),
('2024-06-04 00:00:00', '2024-06-04 06:00:00', '508', 4, 24, 23, NULL),
('2024-06-04 00:00:00', '2024-06-04 06:00:00', '509', 4, 24, 23, NULL),
('2024-06-04 00:00:00', '2024-06-04 06:00:00', '511', 4, 24, 23, NULL),
('2024-06-04 00:00:00', '2024-06-04 06:00:00', '512', 4, 24, 23, NULL),
('2024-06-04 00:00:00', '2024-06-04 06:00:00', '513', 4, 24, 23, NULL),
('2024-06-04 00:00:00', '2024-06-04 06:00:00', '514', 4, 24, 23, NULL),
('2024-06-04 00:00:00', '2024-06-04 06:00:00', '515', 4, 24, 23, NULL),
('2024-06-04 00:00:00', '2024-06-04 06:00:00', '516', 4, 24, 23, NULL),
('2024-06-04 00:00:00', '2024-06-04 06:00:00', '520', 4, 24, 23, NULL),
('2024-06-04 00:00:00', '2024-06-04 06:00:00', '521', 4, 23, 23, NULL),
('2024-06-04 00:00:00', '2024-06-04 06:00:00', '522', 4, 24, 23, NULL),
('2024-06-04 00:00:00', '2024-06-04 06:00:00', '523', 4, 23, 22, NULL),
('2024-06-04 00:00:00', '2024-06-04 06:00:00', '524', 4, 23, 22, NULL),
('2024-06-04 00:00:00', '2024-06-04 06:00:00', '525', 3, 23, 22, NULL),
('2024-06-04 00:00:00', '2024-06-04 06:00:00', '526', 4, 23, 22, NULL),
('2024-06-04 00:00:00', '2024-06-04 06:00:00', '527', 3, 23, 22, NULL),
('2024-06-04 00:00:00', '2024-06-04 06:00:00', '528', 4, 24, 23, NULL),
('2024-06-04 00:00:00', '2024-06-04 06:00:00', '530', 5, 24, 23, NULL),
('2024-06-04 00:00:00', '2024-06-04 06:00:00', '540', 5, 23, 23, NULL),
('2024-06-04 00:00:00', '2024-06-04 06:00:00', '541', 4, 23, 22, NULL),
('2024-06-04 00:00:00', '2024-06-04 06:00:00', '542', 5, 24, 23, NULL),
('2024-06-04 00:00:00', '2024-06-04 06:00:00', '544', 4, 22, 22, NULL),
('2024-06-04 00:00:00', '2024-06-04 06:00:00', '545', 5, 21, 20, NULL),
('2024-06-04 00:00:00', '2024-06-04 06:00:00', '546', 7, 19, 18, NULL),
('2024-06-04 00:00:00', '2024-06-04 06:00:00', '551', 5, 22, 22, NULL),
('2024-06-04 00:00:00', '2024-06-04 06:00:00', '552', 4, 22, 21, NULL),
('2024-06-04 00:00:00', '2024-06-04 06:00:00', '553', 5, 22, 21, NULL),
('2024-06-04 00:00:00', '2024-06-04 06:00:00', '555', 5, 20, 20, NULL),
('2024-06-04 00:00:00', '2024-06-04 06:00:00', '556', 7, 20, 20, NULL),
('2024-06-04 00:00:00', '2024-06-04 06:00:00', '557', 5, 23, 22, NULL),
('2024-06-04 00:00:00', '2024-06-04 06:00:00', '558', 5, 20, 19, NULL),
('2024-06-04 00:00:00', '2024-06-04 06:00:00', '602', 4, 23, 22, NULL),
('2024-06-04 00:00:00', '2024-06-04 06:00:00', '603', 4, 23, 22, NULL),
('2024-06-04 00:00:00', '2024-06-04 06:00:00', '604', 4, 23, 22, NULL),
('2024-06-04 00:00:00', '2024-06-04 06:00:00', '606', 4, 23, 23, NULL),
('2024-06-04 00:00:00', '2024-06-04 06:00:00', '607', 7, 23, 22, NULL),
('2024-06-04 00:00:00', '2024-06-04 06:00:00', '608', 4, 23, 22, NULL),
('2024-06-04 00:00:00', '2024-06-04 06:00:00', '611', 4, 23, 22, NULL),
('2024-06-04 00:00:00', '2024-06-04 06:00:00', '612', 4, 23, 22, NULL),
('2024-06-04 00:00:00', '2024-06-04 06:00:00', '613', 4, 23, 22, NULL),
('2024-06-04 00:00:00', '2024-06-04 06:00:00', '614', 3, 24, 24, NULL),
('2024-06-04 00:00:00', '2024-06-04 06:00:00', '615', 4, 23, 22, NULL),
('2024-06-04 00:00:00', '2024-06-04 06:00:00', '616', 4, 23, 22, NULL),
('2024-06-04 00:00:00', '2024-06-04 06:00:00', '621', 4, 23, 22, NULL),
('2024-06-04 00:00:00', '2024-06-04 06:00:00', '622', 4, 23, 23, NULL),
('2024-06-04 00:00:00', '2024-06-04 06:00:00', '623', 4, 23, 22, NULL),
('2024-06-04 00:00:00', '2024-06-04 06:00:00', '624', 3, 23, 23, NULL),
('2024-06-04 00:00:00', '2024-06-04 06:00:00', '625', 3, 24, 24, NULL),
('2024-06-04 00:00:00', '2024-06-04 06:00:00', '630', 4, 23, 22, NULL),
('2024-06-04 00:00:00', '2024-06-04 06:00:00', '631', 4, 23, 22, NULL),
('2024-06-04 00:00:00', '2024-06-04 06:00:00', '632', 4, 23, 22, NULL),
('2024-06-04 00:00:00', '2024-06-04 06:00:00', '633', 4, 23, 22, NULL),
('2024-06-04 00:00:00', '2024-06-04 06:00:00', '634', 3, 23, 22, NULL),
('2024-06-04 00:00:00', '2024-06-04 06:00:00', '635', 3, 23, 22, NULL),
('2024-06-04 00:00:00', '2024-06-04 06:00:00', '636', 2, 23, 23, NULL),
('2024-06-04 00:00:00', '2024-06-04 06:00:00', '637', 3, 23, 22, NULL),
('2024-06-04 00:00:00', '2024-06-04 06:00:00', '638', 3, 23, 22, NULL),
('2024-06-04 00:00:00', '2024-06-04 06:00:00', '640', 4, 23, 22, NULL),
('2024-06-04 00:00:00', '2024-06-04 06:00:00', '643', 5, 23, 23, NULL),
('2024-06-04 00:00:00', '2024-06-04 06:00:00', '646', 4, 23, 22, NULL),
('2024-06-04 00:00:00', '2024-06-04 06:00:00', '647', 4, 23, 22, NULL),
('2024-06-04 00:00:00', '2024-06-04 06:00:00', '648', 4, 24, 23, NULL),
('2024-06-04 00:00:00', '2024-06-04 06:00:00', '649', 3, 23, 22, NULL),
('2024-06-04 00:00:00', '2024-06-04 06:00:00', '651', 4, 23, 22, NULL),
('2024-06-04 00:00:00', '2024-06-04 06:00:00', '652', 3, 23, 22, NULL),
('2024-06-04 00:00:00', '2024-06-04 06:00:00', '653', 2, 23, 22, NULL),
('2024-06-04 00:00:00', '2024-06-04 06:00:00', '654', 2, 23, 22, NULL),
('2024-06-04 00:00:00', '2024-06-04 06:00:00', '655', 3, 23, 22, NULL),
('2024-06-04 00:00:00', '2024-06-04 06:00:00', '700', 4, 26, 25, NULL),
('2024-06-04 00:00:00', '2024-06-04 06:00:00', '701', 19, 25, 24, NULL),
('2024-06-04 00:00:00', '2024-06-04 06:00:00', '702', 4, 26, 25, NULL),
('2024-06-04 00:00:00', '2024-06-04 06:00:00', '704', 19, 26, 25, NULL),
('2024-06-04 00:00:00', '2024-06-04 06:00:00', '708', 4, 26, 25, NULL),
('2024-06-04 00:00:00', '2024-06-04 06:00:00', '709', 4, 25, 24, NULL),
('2024-06-04 00:00:00', '2024-06-04 06:00:00', '710', 4, 25, 24, NULL),
('2024-06-04 00:00:00', '2024-06-04 06:00:00', '711', 4, 25, 24, NULL),
('2024-06-04 00:00:00', '2024-06-04 06:00:00', '712', 4, 24, 23, NULL),
('2024-06-04 00:00:00', '2024-06-04 06:00:00', '713', 4, 24, 24, NULL),
('2024-06-04 00:00:00', '2024-06-04 06:00:00', '714', 4, 24, 24, NULL),
('2024-06-04 00:00:00', '2024-06-04 06:00:00', '715', 4, 24, 23, NULL),
('2024-06-04 00:00:00', '2024-06-04 06:00:00', '716', 4, 24, 23, NULL),
('2024-06-04 00:00:00', '2024-06-04 06:00:00', '717', 4, 25, 24, NULL),
('2024-06-04 00:00:00', '2024-06-04 06:00:00', '718', 4, 24, 23, NULL),
('2024-06-04 00:00:00', '2024-06-04 06:00:00', '719', 4, 24, 23, NULL),
('2024-06-04 00:00:00', '2024-06-04 06:00:00', '720', 4, 24, 23, NULL),
('2024-06-04 00:00:00', '2024-06-04 06:00:00', '721', 4, 24, 23, NULL),
('2024-06-04 00:00:00', '2024-06-04 06:00:00', '722', 4, 24, 23, NULL),
('2024-06-04 00:00:00', '2024-06-04 06:00:00', '723', 4, 24, 23, NULL),
('2024-06-04 00:00:00', '2024-06-04 06:00:00', '725', 4, 24, 23, NULL),
('2024-06-04 00:00:00', '2024-06-04 06:00:00', '726', 3, 24, 23, NULL),
('2024-06-04 00:00:00', '2024-06-04 06:00:00', '727', 3, 25, 24, NULL),
('2024-06-04 00:00:00', '2024-06-04 06:00:00', '730', 4, 24, 23, NULL),
('2024-06-04 00:00:00', '2024-06-04 06:00:00', '731', 4, 23, 22, NULL),
('2024-06-04 00:00:00', '2024-06-04 06:00:00', '732', 4, 23, 22, NULL),
('2024-06-04 00:00:00', '2024-06-04 06:00:00', '733', 4, 23, 22, NULL),
('2024-06-04 00:00:00', '2024-06-04 06:00:00', '734', 4, 24, 23, NULL),
('2024-06-04 00:00:00', '2024-06-04 06:00:00', '735', 4, 24, 23, NULL),
('2024-06-04 00:00:00', '2024-06-04 06:00:00', '736', 4, 24, 23, NULL),
('2024-06-04 00:00:00', '2024-06-04 06:00:00', '737', 3, 23, 23, NULL),
('2024-06-04 00:00:00', '2024-06-04 06:00:00', '741', 4, 24, 23, NULL),
('2024-06-04 00:00:00', '2024-06-04 06:00:00', '742', 4, 24, 24, NULL),
('2024-06-04 00:00:00', '2024-06-04 06:00:00', '743', 4, 24, 24, NULL),
('2024-06-04 00:00:00', '2024-06-04 06:00:00', '744', 4, 24, 24, NULL),
('2024-06-04 00:00:00', '2024-06-04 06:00:00', '745', 4, 24, 23, NULL),
('2024-06-04 00:00:00', '2024-06-04 06:00:00', '800', 4, 27, 26, NULL),
('2024-06-04 00:00:00', '2024-06-04 06:00:00', '801', 4, 26, 26, NULL),
('2024-06-04 00:00:00', '2024-06-04 06:00:00', '802', 4, 27, 26, NULL),
('2024-06-04 00:00:00', '2024-06-04 06:00:00', '803', 4, 26, 26, NULL),
('2024-06-04 00:00:00', '2024-06-04 06:00:00', '804', 4, 26, 26, NULL),
('2024-06-04 00:00:00', '2024-06-04 06:00:00', '805', 4, 26, 26, NULL),
('2024-06-04 00:00:00', '2024-06-04 06:00:00', '806', 4, 26, 26, NULL),
('2024-06-04 00:00:00', '2024-06-04 06:00:00', '807', 4, 26, 26, NULL),
('2024-06-04 00:00:00', '2024-06-04 06:00:00', '811', 4, 26, 25, NULL),
('2024-06-04 00:00:00', '2024-06-04 06:00:00', '812', 4, 26, 26, NULL),
('2024-06-04 00:00:00', '2024-06-04 06:00:00', '813', 4, 26, 25, NULL),
('2024-06-04 00:00:00', '2024-06-04 06:00:00', '814', 4, 26, 25, NULL),
('2024-06-04 00:00:00', '2024-06-04 06:00:00', '815', 4, 26, 25, NULL),
('2024-06-04 00:00:00', '2024-06-04 06:00:00', '820', 3, 26, 25, NULL),
('2024-06-04 00:00:00', '2024-06-04 06:00:00', '821', 4, 25, 24, NULL),
('2024-06-04 00:00:00', '2024-06-04 06:00:00', '822', 3, 25, 24, NULL),
('2024-06-04 00:00:00', '2024-06-04 06:00:00', '823', 3, 25, 24, NULL),
('2024-06-04 00:00:00', '2024-06-04 06:00:00', '824', 3, 25, 24, NULL),
('2024-06-04 00:00:00', '2024-06-04 06:00:00', '825', 3, 26, 25, NULL),
('2024-06-04 00:00:00', '2024-06-04 06:00:00', '826', 3, 26, 25, NULL),
('2024-06-04 00:00:00', '2024-06-04 06:00:00', '827', 4, 26, 25, NULL),
('2024-06-04 00:00:00', '2024-06-04 06:00:00', '828', 4, 26, 25, NULL),
('2024-06-04 00:00:00', '2024-06-04 06:00:00', '829', 4, 25, 24, NULL),
('2024-06-04 00:00:00', '2024-06-04 06:00:00', '830', 4, 26, 25, NULL),
('2024-06-04 00:00:00', '2024-06-04 06:00:00', '831', 4, 26, 25, NULL),
('2024-06-04 00:00:00', '2024-06-04 06:00:00', '832', 4, 26, 25, NULL),
('2024-06-04 00:00:00', '2024-06-04 06:00:00', '833', 4, 26, 25, NULL),
('2024-06-04 00:00:00', '2024-06-04 06:00:00', '840', 4, 26, 24, NULL),
('2024-06-04 00:00:00', '2024-06-04 06:00:00', '842', 4, 25, 24, NULL),
('2024-06-04 00:00:00', '2024-06-04 06:00:00', '843', 4, 25, 24, NULL),
('2024-06-04 00:00:00', '2024-06-04 06:00:00', '844', 7, 22, 22, NULL),
('2024-06-04 00:00:00', '2024-06-04 06:00:00', '845', 3, 24, 24, NULL),
('2024-06-04 00:00:00', '2024-06-04 06:00:00', '846', 4, 24, 23, NULL),
('2024-06-04 00:00:00', '2024-06-04 06:00:00', '847', 5, 22, 22, NULL),
('2024-06-04 00:00:00', '2024-06-04 06:00:00', '848', 7, 20, 19, NULL),
('2024-06-04 00:00:00', '2024-06-04 06:00:00', '849', 7, 19, 18, NULL),
('2024-06-04 00:00:00', '2024-06-04 06:00:00', '851', 5, 23, 23, NULL),
('2024-06-04 00:00:00', '2024-06-04 06:00:00', '852', 4, 26, 25, NULL),
('2024-06-04 00:00:00', '2024-06-04 06:00:00', '880', 3, 24, 24, NULL),
('2024-06-04 00:00:00', '2024-06-04 06:00:00', '881', 3, 24, 24, NULL),
('2024-06-04 00:00:00', '2024-06-04 06:00:00', '882', 2, 25, 24, NULL),
('2024-06-04 00:00:00', '2024-06-04 06:00:00', '883', 2, 25, 24, NULL),
('2024-06-04 00:00:00', '2024-06-04 06:00:00', '884', 3, 24, 24, NULL),
('2024-06-04 00:00:00', '2024-06-04 06:00:00', '885', 3, 24, 24, NULL),
('2024-06-04 00:00:00', '2024-06-04 06:00:00', '890', 3, 22, 21, NULL),
('2024-06-04 00:00:00', '2024-06-04 06:00:00', '891', 3, 21, 21, NULL),
('2024-06-04 00:00:00', '2024-06-04 06:00:00', '892', 3, 21, 21, NULL),
('2024-06-04 00:00:00', '2024-06-04 06:00:00', '893', 3, 21, 21, NULL),
('2024-06-04 00:00:00', '2024-06-04 06:00:00', '894', 4, 22, 21, NULL),
('2024-06-04 00:00:00', '2024-06-04 06:00:00', '896', 5, 24, 23, NULL),
('2024-06-04 00:00:00', '2024-06-04 06:00:00', '900', 4, 26, 25, NULL),
('2024-06-04 00:00:00', '2024-06-04 06:00:00', '902', 7, 22, 22, NULL),
('2024-06-04 00:00:00', '2024-06-04 06:00:00', '903', 5, 24, 23, NULL),
('2024-06-04 00:00:00', '2024-06-04 06:00:00', '904', 4, 26, 25, NULL),
('2024-06-04 00:00:00', '2024-06-04 06:00:00', '905', 4, 25, 25, NULL),
('2024-06-04 00:00:00', '2024-06-04 06:00:00', '906', 5, 25, 24, NULL),
('2024-06-04 00:00:00', '2024-06-04 06:00:00', '907', 5, 25, 25, NULL),
('2024-06-04 00:00:00', '2024-06-04 06:00:00', '908', 5, 26, 25, NULL),
('2024-06-04 00:00:00', '2024-06-04 06:00:00', '909', 4, 26, 25, NULL),
('2024-06-04 00:00:00', '2024-06-04 06:00:00', '911', 4, 26, 25, NULL),
('2024-06-04 00:00:00', '2024-06-04 06:00:00', '912', 4, 25, 25, NULL),
('2024-06-04 00:00:00', '2024-06-04 06:00:00', '913', 4, 26, 25, NULL),
('2024-06-04 00:00:00', '2024-06-04 06:00:00', '921', 4, 25, 24, NULL),
('2024-06-04 00:00:00', '2024-06-04 06:00:00', '922', 4, 24, 23, NULL),
('2024-06-04 00:00:00', '2024-06-04 06:00:00', '923', 4, 25, 25, NULL),
('2024-06-04 00:00:00', '2024-06-04 06:00:00', '924', 4, 26, 25, NULL),
('2024-06-04 00:00:00', '2024-06-04 06:00:00', '925', 4, 25, 25, NULL),
('2024-06-04 00:00:00', '2024-06-04 06:00:00', '926', 4, 26, 25, NULL),
('2024-06-04 00:00:00', '2024-06-04 06:00:00', '927', 5, 26, 25, NULL),
('2024-06-04 00:00:00', '2024-06-04 06:00:00', '928', 4, 26, 25, NULL),
('2024-06-04 00:00:00', '2024-06-04 06:00:00', '929', 5, 26, 25, NULL),
('2024-06-04 00:00:00', '2024-06-04 06:00:00', '931', 4, 25, 25, NULL),
('2024-06-04 00:00:00', '2024-06-04 06:00:00', '932', 4, 26, 26, NULL),
('2024-06-04 00:00:00', '2024-06-04 06:00:00', '940', 5, 25, 25, NULL),
('2024-06-04 00:00:00', '2024-06-04 06:00:00', '941', 5, 24, 24, NULL),
('2024-06-04 00:00:00', '2024-06-04 06:00:00', '942', 5, 24, 23, NULL),
('2024-06-04 00:00:00', '2024-06-04 06:00:00', '943', 5, 24, 24, NULL),
('2024-06-04 00:00:00', '2024-06-04 06:00:00', '944', 5, 24, 24, NULL),
('2024-06-04 00:00:00', '2024-06-04 06:00:00', '945', 5, 23, 22, NULL),
('2024-06-04 00:00:00', '2024-06-04 06:00:00', '947', 5, 24, 23, NULL),
('2024-06-04 00:00:00', '2024-06-04 06:00:00', '950', 5, 23, 22, NULL),
('2024-06-04 00:00:00', '2024-06-04 06:00:00', '951', 4, 24, 24, NULL),
('2024-06-04 00:00:00', '2024-06-04 06:00:00', '952', 5, 24, 24, NULL),
('2024-06-04 00:00:00', '2024-06-04 06:00:00', '953', 7, 21, 20, NULL),
('2024-06-04 00:00:00', '2024-06-04 06:00:00', '954', 5, 22, 21, NULL),
('2024-06-04 00:00:00', '2024-06-04 06:00:00', '955', 5, 21, 20, NULL),
('2024-06-04 00:00:00', '2024-06-04 06:00:00', '956', 7, 21, 20, NULL),
('2024-06-04 00:00:00', '2024-06-04 06:00:00', '957', 7, 19, 19, NULL),
('2024-06-04 00:00:00', '2024-06-04 06:00:00', '958', 5, 20, 19, NULL),
('2024-06-04 00:00:00', '2024-06-04 06:00:00', '959', 3, 23, 22, NULL),
('2024-06-04 00:00:00', '2024-06-04 06:00:00', '961', 4, 23, 22, NULL),
('2024-06-04 00:00:00', '2024-06-04 06:00:00', '962', 3, 22, 22, NULL),
('2024-06-04 00:00:00', '2024-06-04 06:00:00', '964', 7, 21, 21, NULL),
('2024-06-04 00:00:00', '2024-06-04 06:00:00', '965', 5, 23, 22, NULL),
('2024-06-04 00:00:00', '2024-06-04 06:00:00', '966', 5, 23, 22, NULL),
('2024-06-04 00:00:00', '2024-06-04 06:00:00', '970', 5, 22, 22, NULL),
('2024-06-04 00:00:00', '2024-06-04 06:00:00', '971', 5, 21, 21, NULL),
('2024-06-04 00:00:00', '2024-06-04 06:00:00', '972', 7, 19, 19, NULL),
('2024-06-04 00:00:00', '2024-06-04 06:00:00', '973', 5, 21, 21, NULL),
('2024-06-04 00:00:00', '2024-06-04 06:00:00', '974', 5, 21, 20, NULL),
('2024-06-04 00:00:00', '2024-06-04 06:00:00', '975', 5, 20, 20, NULL),
('2024-06-04 00:00:00', '2024-06-04 06:00:00', '976', 5, 20, 20, NULL),
('2024-06-04 00:00:00', '2024-06-04 06:00:00', '977', 3, 20, 20, NULL),
('2024-06-04 00:00:00', '2024-06-04 06:00:00', '978', 5, 21, 20, NULL),
('2024-06-04 00:00:00', '2024-06-04 06:00:00', '979', 5, 20, 20, NULL),
('2024-06-04 00:00:00', '2024-06-04 06:00:00', '981', 5, 20, 19, NULL),
('2024-06-04 00:00:00', '2024-06-04 06:00:00', '982', 5, 19, 18, NULL),
('2024-06-04 00:00:00', '2024-06-04 06:00:00', '983', 5, 20, 19, NULL),
('2024-06-04 06:00:00', '2024-06-04 18:00:00', '100', 4, 28, 22, NULL),
('2024-06-04 06:00:00', '2024-06-04 18:00:00', '103', 4, 28, 22, NULL),
('2024-06-04 06:00:00', '2024-06-04 18:00:00', '104', 4, 28, 22, NULL),
('2024-06-04 06:00:00', '2024-06-04 18:00:00', '105', 4, 27, 22, NULL),
('2024-06-04 06:00:00', '2024-06-04 18:00:00', '106', 4, 27, 22, NULL),
('2024-06-04 06:00:00', '2024-06-04 18:00:00', '108', 4, 28, 22, NULL),
('2024-06-04 06:00:00', '2024-06-04 18:00:00', '110', 4, 28, 22, NULL),
('2024-06-04 06:00:00', '2024-06-04 18:00:00', '111', 4, 28, 22, NULL),
('2024-06-04 06:00:00', '2024-06-04 18:00:00', '112', 4, 27, 22, NULL),
('2024-06-04 06:00:00', '2024-06-04 18:00:00', '114', 4, 27, 22, NULL),
('2024-06-04 06:00:00', '2024-06-04 18:00:00', '115', 4, 27, 21, NULL),
('2024-06-04 06:00:00', '2024-06-04 18:00:00', '116', 4, 27, 21, NULL),
('2024-06-04 06:00:00', '2024-06-04 18:00:00', '200', 4, 26, 21, NULL),
('2024-06-04 06:00:00', '2024-06-04 18:00:00', '204', 4, 26, 21, NULL),
('2024-06-04 06:00:00', '2024-06-04 18:00:00', '205', 4, 26, 20, NULL),
('2024-06-04 06:00:00', '2024-06-04 18:00:00', '206', 4, 26, 20, NULL),
('2024-06-04 06:00:00', '2024-06-04 18:00:00', '207', 4, 25, 21, NULL),
('2024-06-04 06:00:00', '2024-06-04 18:00:00', '208', 4, 26, 22, NULL),
('2024-06-04 06:00:00', '2024-06-04 18:00:00', '209', 2, 25, 21, NULL),
('2024-06-04 06:00:00', '2024-06-04 18:00:00', '210', 2, 25, 22, NULL),
('2024-06-04 06:00:00', '2024-06-04 18:00:00', '211', 2, 25, 22, NULL),
('2024-06-04 06:00:00', '2024-06-04 18:00:00', '212', 2, 25, 22, NULL),
('2024-06-04 06:00:00', '2024-06-04 18:00:00', '220', 4, 28, 22, NULL),
('2024-06-04 06:00:00', '2024-06-04 18:00:00', '221', 4, 26, 20, NULL),
('2024-06-04 06:00:00', '2024-06-04 18:00:00', '222', 4, 26, 20, NULL),
('2024-06-04 06:00:00', '2024-06-04 18:00:00', '223', 4, 26, 19, NULL),
('2024-06-04 06:00:00', '2024-06-04 18:00:00', '224', 4, 25, 20, NULL),
('2024-06-04 06:00:00', '2024-06-04 18:00:00', '226', 4, 24, 18, NULL),
('2024-06-04 06:00:00', '2024-06-04 18:00:00', '227', 4, 27, 21, NULL),
('2024-06-04 06:00:00', '2024-06-04 18:00:00', '228', 4, 26, 21, NULL),
('2024-06-04 06:00:00', '2024-06-04 18:00:00', '231', 4, 27, 21, NULL),
('2024-06-04 06:00:00', '2024-06-04 18:00:00', '232', 5, 25, 18, NULL),
('2024-06-04 06:00:00', '2024-06-04 18:00:00', '233', 5, 25, 17, NULL),
('2024-06-04 06:00:00', '2024-06-04 18:00:00', '234', 4, 28, 22, NULL),
('2024-06-04 06:00:00', '2024-06-04 18:00:00', '235', 4, 28, 22, NULL),
('2024-06-04 06:00:00', '2024-06-04 18:00:00', '236', 4, 28, 22, NULL),
('2024-06-04 06:00:00', '2024-06-04 18:00:00', '237', 4, 27, 21, NULL),
('2024-06-04 06:00:00', '2024-06-04 18:00:00', '238', 4, 28, 22, NULL),
('2024-06-04 06:00:00', '2024-06-04 18:00:00', '239', 4, 28, 22, NULL),
('2024-06-04 06:00:00', '2024-06-04 18:00:00', '241', 4, 28, 22, NULL),
('2024-06-04 06:00:00', '2024-06-04 18:00:00', '242', 4, 28, 22, NULL),
('2024-06-04 06:00:00', '2024-06-04 18:00:00', '243', 4, 28, 22, NULL),
('2024-06-04 06:00:00', '2024-06-04 18:00:00', '244', 4, 26, 21, NULL),
('2024-06-04 06:00:00', '2024-06-04 18:00:00', '247', 4, 28, 22, NULL),
('2024-06-04 06:00:00', '2024-06-04 18:00:00', '248', 4, 27, 21, NULL),
('2024-06-04 06:00:00', '2024-06-04 18:00:00', '249', 4, 27, 22, NULL),
('2024-06-04 06:00:00', '2024-06-04 18:00:00', '251', 4, 27, 22, NULL),
('2024-06-04 06:00:00', '2024-06-04 18:00:00', '252', 4, 26, 22, NULL),
('2024-06-04 06:00:00', '2024-06-04 18:00:00', '253', 4, 26, 22, NULL),
('2024-06-04 06:00:00', '2024-06-04 18:00:00', '302', 6, 28, 21, NULL),
('2024-06-04 06:00:00', '2024-06-04 18:00:00', '303', 5, 27, 21, NULL),
('2024-06-04 06:00:00', '2024-06-04 18:00:00', '304', 5, 27, 22, NULL),
('2024-06-04 06:00:00', '2024-06-04 18:00:00', '305', 6, 27, 20, NULL),
('2024-06-04 06:00:00', '2024-06-04 18:00:00', '306', 6, 27, 20, NULL),
('2024-06-04 06:00:00', '2024-06-04 18:00:00', '308', 6, 27, 20, NULL),
('2024-06-04 06:00:00', '2024-06-04 18:00:00', '310', 6, 27, 20, NULL),
('2024-06-04 06:00:00', '2024-06-04 18:00:00', '311', 21, 25, 19, NULL),
('2024-06-04 06:00:00', '2024-06-04 18:00:00', '312', 6, 27, 20, NULL),
('2024-06-04 06:00:00', '2024-06-04 18:00:00', '313', 6, 24, 19, NULL),
('2024-06-04 06:00:00', '2024-06-04 18:00:00', '314', 6, 27, 20, NULL),
('2024-06-04 06:00:00', '2024-06-04 18:00:00', '315', 5, 27, 20, NULL),
('2024-06-04 06:00:00', '2024-06-04 18:00:00', '320', 4, 26, 21, NULL),
('2024-06-04 06:00:00', '2024-06-04 18:00:00', '324', 5, 26, 20, NULL),
('2024-06-04 06:00:00', '2024-06-04 18:00:00', '325', 5, 26, 19, NULL),
('2024-06-04 06:00:00', '2024-06-04 18:00:00', '326', 6, 26, 20, NULL),
('2024-06-04 06:00:00', '2024-06-04 18:00:00', '327', 4, 26, 21, NULL),
('2024-06-04 06:00:00', '2024-06-04 18:00:00', '328', 4, 26, 23, NULL),
('2024-06-04 06:00:00', '2024-06-04 18:00:00', '330', 4, 27, 22, NULL),
('2024-06-04 06:00:00', '2024-06-04 18:00:00', '333', 5, 27, 22, NULL),
('2024-06-04 06:00:00', '2024-06-04 18:00:00', '334', 5, 27, 21, NULL),
('2024-06-04 06:00:00', '2024-06-04 18:00:00', '335', 5, 26, 20, NULL),
('2024-06-04 06:00:00', '2024-06-04 18:00:00', '336', 5, 25, 18, NULL),
('2024-06-04 06:00:00', '2024-06-04 18:00:00', '337', 4, 26, 22, NULL),
('2024-06-04 06:00:00', '2024-06-04 18:00:00', '338', 4, 27, 22, NULL),
('2024-06-04 06:00:00', '2024-06-04 18:00:00', '350', 7, 27, 22, NULL),
('2024-06-04 06:00:00', '2024-06-04 18:00:00', '351', 7, 28, 21, NULL),
('2024-06-04 06:00:00', '2024-06-04 18:00:00', '352', 7, 27, 20, NULL),
('2024-06-04 06:00:00', '2024-06-04 18:00:00', '353', 21, 26, 20, NULL),
('2024-06-04 06:00:00', '2024-06-04 18:00:00', '354', 26, 26, 20, NULL),
('2024-06-04 06:00:00', '2024-06-04 18:00:00', '356', 6, 27, 22, NULL),
('2024-06-04 06:00:00', '2024-06-04 18:00:00', '357', 6, 27, 22, NULL),
('2024-06-04 06:00:00', '2024-06-04 18:00:00', '358', 7, 27, 22, NULL),
('2024-06-04 06:00:00', '2024-06-04 18:00:00', '360', 6, 27, 21, NULL),
('2024-06-04 06:00:00', '2024-06-04 18:00:00', '361', 7, 27, 21, NULL),
('2024-06-04 06:00:00', '2024-06-04 18:00:00', '362', 7, 28, 21, NULL),
('2024-06-04 06:00:00', '2024-06-04 18:00:00', '363', 26, 27, 21, NULL),
('2024-06-04 06:00:00', '2024-06-04 18:00:00', '364', 26, 27, 20, NULL),
('2024-06-04 06:00:00', '2024-06-04 18:00:00', '365', 26, 26, 20, NULL),
('2024-06-04 06:00:00', '2024-06-04 18:00:00', '366', 7, 28, 21, NULL),
('2024-06-04 06:00:00', '2024-06-04 18:00:00', '367', 7, 27, 20, NULL),
('2024-06-04 06:00:00', '2024-06-04 18:00:00', '368', 6, 27, 21, NULL),
('2024-06-04 06:00:00', '2024-06-04 18:00:00', '369', 26, 28, 21, NULL),
('2024-06-04 06:00:00', '2024-06-04 18:00:00', '406', 6, 30, 23, NULL),
('2024-06-04 06:00:00', '2024-06-04 18:00:00', '407', 5, 30, 23, NULL),
('2024-06-04 06:00:00', '2024-06-04 18:00:00', '408', 5, 30, 23, NULL),
('2024-06-04 06:00:00', '2024-06-04 18:00:00', '411', 21, 30, 24, NULL),
('2024-06-04 06:00:00', '2024-06-04 18:00:00', '412', 21, 30, 24, NULL),
('2024-06-04 06:00:00', '2024-06-04 18:00:00', '413', 21, 30, 23, NULL),
('2024-06-04 06:00:00', '2024-06-04 18:00:00', '414', 5, 30, 23, NULL),
('2024-06-04 06:00:00', '2024-06-04 18:00:00', '420', 6, 29, 23, NULL),
('2024-06-04 06:00:00', '2024-06-04 18:00:00', '421', 6, 28, 22, NULL),
('2024-06-04 06:00:00', '2024-06-04 18:00:00', '422', 6, 28, 22, NULL),
('2024-06-04 06:00:00', '2024-06-04 18:00:00', '423', 6, 28, 22, NULL),
('2024-06-04 06:00:00', '2024-06-04 18:00:00', '424', 19, 26, 20, NULL),
('2024-06-04 06:00:00', '2024-06-04 18:00:00', '426', 21, 28, 21, NULL),
('2024-06-04 06:00:00', '2024-06-04 18:00:00', '427', 6, 29, 23, NULL),
('2024-06-04 06:00:00', '2024-06-04 18:00:00', '428', 5, 28, 22, NULL),
('2024-06-04 06:00:00', '2024-06-04 18:00:00', '429', 6, 28, 22, NULL),
('2024-06-04 06:00:00', '2024-06-04 18:00:00', '432', 5, 29, 23, NULL),
('2024-06-04 06:00:00', '2024-06-04 18:00:00', '433', 5, 28, 23, NULL),
('2024-06-04 06:00:00', '2024-06-04 18:00:00', '434', 5, 29, 23, NULL),
('2024-06-04 06:00:00', '2024-06-04 18:00:00', '435', 5, 28, 23, NULL),
('2024-06-04 06:00:00', '2024-06-04 18:00:00', '436', 5, 28, 23, NULL),
('2024-06-04 06:00:00', '2024-06-04 18:00:00', '437', 6, 27, 22, NULL),
('2024-06-04 06:00:00', '2024-06-04 18:00:00', '438', 6, 27, 22, NULL),
('2024-06-04 06:00:00', '2024-06-04 18:00:00', '500', 5, 29, 23, NULL),
('2024-06-04 06:00:00', '2024-06-04 18:00:00', '502', 5, 30, 23, NULL),
('2024-06-04 06:00:00', '2024-06-04 18:00:00', '503', 5, 30, 23, NULL),
('2024-06-04 06:00:00', '2024-06-04 18:00:00', '504', 6, 30, 23, NULL),
('2024-06-04 06:00:00', '2024-06-04 18:00:00', '505', 6, 29, 23, NULL),
('2024-06-04 06:00:00', '2024-06-04 18:00:00', '506', 6, 30, 23, NULL),
('2024-06-04 06:00:00', '2024-06-04 18:00:00', '507', 6, 29, 23, NULL),
('2024-06-04 06:00:00', '2024-06-04 18:00:00', '508', 6, 29, 23, NULL),
('2024-06-04 06:00:00', '2024-06-04 18:00:00', '509', 6, 29, 23, NULL),
('2024-06-04 06:00:00', '2024-06-04 18:00:00', '511', 6, 30, 23, NULL),
('2024-06-04 06:00:00', '2024-06-04 18:00:00', '512', 6, 30, 23, NULL),
('2024-06-04 06:00:00', '2024-06-04 18:00:00', '513', 6, 30, 23, NULL),
('2024-06-04 06:00:00', '2024-06-04 18:00:00', '514', 6, 30, 23, NULL),
('2024-06-04 06:00:00', '2024-06-04 18:00:00', '515', 5, 30, 23, NULL),
('2024-06-04 06:00:00', '2024-06-04 18:00:00', '516', 6, 30, 23, NULL),
('2024-06-04 06:00:00', '2024-06-04 18:00:00', '520', 6, 30, 23, NULL),
('2024-06-04 06:00:00', '2024-06-04 18:00:00', '521', 4, 30, 23, NULL),
('2024-06-04 06:00:00', '2024-06-04 18:00:00', '522', 6, 30, 23, NULL),
('2024-06-04 06:00:00', '2024-06-04 18:00:00', '523', 4, 30, 22, NULL),
('2024-06-04 06:00:00', '2024-06-04 18:00:00', '524', 4, 30, 23, NULL),
('2024-06-04 06:00:00', '2024-06-04 18:00:00', '525', 4, 30, 22, NULL),
('2024-06-04 06:00:00', '2024-06-04 18:00:00', '526', 4, 29, 22, NULL),
('2024-06-04 06:00:00', '2024-06-04 18:00:00', '527', 2, 28, 22, NULL),
('2024-06-04 06:00:00', '2024-06-04 18:00:00', '528', 4, 28, 23, NULL),
('2024-06-04 06:00:00', '2024-06-04 18:00:00', '530', 6, 30, 23, NULL),
('2024-06-04 06:00:00', '2024-06-04 18:00:00', '540', 5, 30, 23, NULL),
('2024-06-04 06:00:00', '2024-06-04 18:00:00', '541', 19, 29, 22, NULL),
('2024-06-04 06:00:00', '2024-06-04 18:00:00', '542', 5, 29, 23, NULL),
('2024-06-04 06:00:00', '2024-06-04 18:00:00', '544', 21, 28, 22, NULL),
('2024-06-04 06:00:00', '2024-06-04 18:00:00', '545', 21, 27, 20, NULL),
('2024-06-04 06:00:00', '2024-06-04 18:00:00', '546', 26, 23, 18, NULL),
('2024-06-04 06:00:00', '2024-06-04 18:00:00', '551', 5, 29, 22, NULL),
('2024-06-04 06:00:00', '2024-06-04 18:00:00', '552', 21, 29, 22, NULL),
('2024-06-04 06:00:00', '2024-06-04 18:00:00', '553', 21, 27, 21, NULL),
('2024-06-04 06:00:00', '2024-06-04 18:00:00', '555', 21, 26, 20, NULL),
('2024-06-04 06:00:00', '2024-06-04 18:00:00', '556', 21, 26, 20, NULL),
('2024-06-04 06:00:00', '2024-06-04 18:00:00', '557', 6, 30, 22, NULL),
('2024-06-04 06:00:00', '2024-06-04 18:00:00', '558', 21, 26, 20, NULL),
('2024-06-04 06:00:00', '2024-06-04 18:00:00', '602', 6, 29, 22, NULL),
('2024-06-04 06:00:00', '2024-06-04 18:00:00', '603', 6, 29, 22, NULL),
('2024-06-04 06:00:00', '2024-06-04 18:00:00', '604', 6, 29, 22, NULL),
('2024-06-04 06:00:00', '2024-06-04 18:00:00', '606', 6, 29, 23, NULL),
('2024-06-04 06:00:00', '2024-06-04 18:00:00', '607', 7, 28, 22, NULL),
('2024-06-04 06:00:00', '2024-06-04 18:00:00', '608', 6, 30, 22, NULL),
('2024-06-04 06:00:00', '2024-06-04 18:00:00', '611', 6, 30, 22, NULL),
('2024-06-04 06:00:00', '2024-06-04 18:00:00', '612', 6, 30, 22, NULL),
('2024-06-04 06:00:00', '2024-06-04 18:00:00', '613', 4, 29, 22, NULL),
('2024-06-04 06:00:00', '2024-06-04 18:00:00', '614', 4, 29, 24, NULL),
('2024-06-04 06:00:00', '2024-06-04 18:00:00', '615', 4, 30, 22, NULL),
('2024-06-04 06:00:00', '2024-06-04 18:00:00', '616', 4, 30, 22, NULL),
('2024-06-04 06:00:00', '2024-06-04 18:00:00', '621', 6, 30, 23, NULL),
('2024-06-04 06:00:00', '2024-06-04 18:00:00', '622', 6, 30, 23, NULL),
('2024-06-04 06:00:00', '2024-06-04 18:00:00', '623', 5, 30, 22, NULL),
('2024-06-04 06:00:00', '2024-06-04 18:00:00', '624', 5, 30, 23, NULL),
('2024-06-04 06:00:00', '2024-06-04 18:00:00', '625', 4, 29, 24, NULL),
('2024-06-04 06:00:00', '2024-06-04 18:00:00', '630', 6, 30, 23, NULL),
('2024-06-04 06:00:00', '2024-06-04 18:00:00', '631', 5, 30, 22, NULL),
('2024-06-04 06:00:00', '2024-06-04 18:00:00', '632', 6, 30, 22, NULL),
('2024-06-04 06:00:00', '2024-06-04 18:00:00', '633', 4, 30, 22, NULL),
('2024-06-04 06:00:00', '2024-06-04 18:00:00', '634', 4, 29, 22, NULL),
('2024-06-04 06:00:00', '2024-06-04 18:00:00', '635', 4, 29, 22, NULL),
('2024-06-04 06:00:00', '2024-06-04 18:00:00', '636', 2, 29, 23, NULL),
('2024-06-04 06:00:00', '2024-06-04 18:00:00', '637', 4, 29, 22, NULL),
('2024-06-04 06:00:00', '2024-06-04 18:00:00', '638', 2, 29, 22, NULL),
('2024-06-04 06:00:00', '2024-06-04 18:00:00', '640', 6, 30, 22, NULL),
('2024-06-04 06:00:00', '2024-06-04 18:00:00', '643', 6, 30, 23, NULL),
('2024-06-04 06:00:00', '2024-06-04 18:00:00', '646', 5, 30, 22, NULL),
('2024-06-04 06:00:00', '2024-06-04 18:00:00', '647', 4, 30, 22, NULL),
('2024-06-04 06:00:00', '2024-06-04 18:00:00', '648', 4, 30, 23, NULL),
('2024-06-04 06:00:00', '2024-06-04 18:00:00', '649', 4, 30, 22, NULL),
('2024-06-04 06:00:00', '2024-06-04 18:00:00', '651', 4, 30, 22, NULL),
('2024-06-04 06:00:00', '2024-06-04 18:00:00', '652', 4, 30, 22, NULL),
('2024-06-04 06:00:00', '2024-06-04 18:00:00', '653', 4, 29, 22, NULL),
('2024-06-04 06:00:00', '2024-06-04 18:00:00', '654', 4, 30, 22, NULL),
('2024-06-04 06:00:00', '2024-06-04 18:00:00', '655', 4, 30, 22, NULL),
('2024-06-04 06:00:00', '2024-06-04 18:00:00', '700', 4, 30, 25, NULL),
('2024-06-04 06:00:00', '2024-06-04 18:00:00', '701', 6, 30, 24, NULL),
('2024-06-04 06:00:00', '2024-06-04 18:00:00', '702', 6, 30, 25, NULL),
('2024-06-04 06:00:00', '2024-06-04 18:00:00', '704', 6, 30, 25, NULL),
('2024-06-04 06:00:00', '2024-06-04 18:00:00', '708', 4, 30, 25, NULL),
('2024-06-04 06:00:00', '2024-06-04 18:00:00', '709', 4, 30, 24, NULL),
('2024-06-04 06:00:00', '2024-06-04 18:00:00', '710', 6, 30, 24, NULL),
('2024-06-04 06:00:00', '2024-06-04 18:00:00', '711', 6, 30, 24, NULL),
('2024-06-04 06:00:00', '2024-06-04 18:00:00', '712', 6, 30, 24, NULL),
('2024-06-04 06:00:00', '2024-06-04 18:00:00', '713', 6, 30, 24, NULL),
('2024-06-04 06:00:00', '2024-06-04 18:00:00', '714', 6, 30, 24, NULL),
('2024-06-04 06:00:00', '2024-06-04 18:00:00', '715', 6, 30, 24, NULL),
('2024-06-04 06:00:00', '2024-06-04 18:00:00', '716', 6, 29, 23, NULL),
('2024-06-04 06:00:00', '2024-06-04 18:00:00', '717', 5, 30, 24, NULL),
('2024-06-04 06:00:00', '2024-06-04 18:00:00', '718', 6, 30, 24, NULL),
('2024-06-04 06:00:00', '2024-06-04 18:00:00', '719', 6, 30, 24, NULL),
('2024-06-04 06:00:00', '2024-06-04 18:00:00', '720', 6, 31, 23, NULL),
('2024-06-04 06:00:00', '2024-06-04 18:00:00', '721', 5, 31, 23, NULL),
('2024-06-04 06:00:00', '2024-06-04 18:00:00', '722', 5, 30, 23, NULL),
('2024-06-04 06:00:00', '2024-06-04 18:00:00', '723', 5, 30, 24, NULL),
('2024-06-04 06:00:00', '2024-06-04 18:00:00', '725', 5, 30, 23, NULL),
('2024-06-04 06:00:00', '2024-06-04 18:00:00', '726', 5, 30, 23, NULL),
('2024-06-04 06:00:00', '2024-06-04 18:00:00', '727', 5, 29, 24, NULL),
('2024-06-04 06:00:00', '2024-06-04 18:00:00', '730', 6, 30, 23, NULL),
('2024-06-04 06:00:00', '2024-06-04 18:00:00', '731', 6, 30, 22, NULL),
('2024-06-04 06:00:00', '2024-06-04 18:00:00', '732', 6, 30, 22, NULL),
('2024-06-04 06:00:00', '2024-06-04 18:00:00', '733', 6, 30, 22, NULL),
('2024-06-04 06:00:00', '2024-06-04 18:00:00', '734', 6, 30, 23, NULL),
('2024-06-04 06:00:00', '2024-06-04 18:00:00', '735', 5, 30, 23, NULL),
('2024-06-04 06:00:00', '2024-06-04 18:00:00', '736', 6, 30, 23, NULL),
('2024-06-04 06:00:00', '2024-06-04 18:00:00', '737', 5, 30, 23, NULL),
('2024-06-04 06:00:00', '2024-06-04 18:00:00', '741', 6, 30, 23, NULL),
('2024-06-04 06:00:00', '2024-06-04 18:00:00', '742', 6, 31, 24, NULL),
('2024-06-04 06:00:00', '2024-06-04 18:00:00', '743', 6, 31, 24, NULL),
('2024-06-04 06:00:00', '2024-06-04 18:00:00', '744', 6, 30, 24, NULL),
('2024-06-04 06:00:00', '2024-06-04 18:00:00', '745', 5, 30, 24, NULL),
('2024-06-04 06:00:00', '2024-06-04 18:00:00', '800', 6, 30, 26, NULL),
('2024-06-04 06:00:00', '2024-06-04 18:00:00', '801', 6, 30, 26, NULL),
('2024-06-04 06:00:00', '2024-06-04 18:00:00', '802', 6, 30, 26, NULL),
('2024-06-04 06:00:00', '2024-06-04 18:00:00', '803', 6, 30, 26, NULL),
('2024-06-04 06:00:00', '2024-06-04 18:00:00', '804', 6, 30, 26, NULL),
('2024-06-04 06:00:00', '2024-06-04 18:00:00', '805', 5, 30, 26, NULL),
('2024-06-04 06:00:00', '2024-06-04 18:00:00', '806', 5, 30, 26, NULL),
('2024-06-04 06:00:00', '2024-06-04 18:00:00', '807', 6, 30, 26, NULL),
('2024-06-04 06:00:00', '2024-06-04 18:00:00', '811', 6, 30, 25, NULL),
('2024-06-04 06:00:00', '2024-06-04 18:00:00', '812', 5, 30, 26, NULL),
('2024-06-04 06:00:00', '2024-06-04 18:00:00', '813', 6, 30, 25, NULL),
('2024-06-04 06:00:00', '2024-06-04 18:00:00', '814', 6, 30, 25, NULL),
('2024-06-04 06:00:00', '2024-06-04 18:00:00', '815', 6, 30, 25, NULL),
('2024-06-04 06:00:00', '2024-06-04 18:00:00', '820', 6, 30, 25, NULL),
('2024-06-04 06:00:00', '2024-06-04 18:00:00', '821', 6, 30, 24, NULL),
('2024-06-04 06:00:00', '2024-06-04 18:00:00', '822', 6, 30, 24, NULL),
('2024-06-04 06:00:00', '2024-06-04 18:00:00', '823', 6, 30, 24, NULL),
('2024-06-04 06:00:00', '2024-06-04 18:00:00', '824', 6, 30, 24, NULL),
('2024-06-04 06:00:00', '2024-06-04 18:00:00', '825', 6, 30, 25, NULL),
('2024-06-04 06:00:00', '2024-06-04 18:00:00', '826', 6, 30, 25, NULL),
('2024-06-04 06:00:00', '2024-06-04 18:00:00', '827', 5, 30, 25, NULL),
('2024-06-04 06:00:00', '2024-06-04 18:00:00', '828', 5, 30, 25, NULL),
('2024-06-04 06:00:00', '2024-06-04 18:00:00', '829', 4, 29, 24, NULL),
('2024-06-04 06:00:00', '2024-06-04 18:00:00', '830', 6, 30, 25, NULL),
('2024-06-04 06:00:00', '2024-06-04 18:00:00', '831', 5, 30, 25, NULL),
('2024-06-04 06:00:00', '2024-06-04 18:00:00', '832', 19, 30, 25, NULL),
('2024-06-04 06:00:00', '2024-06-04 18:00:00', '833', 6, 30, 25, NULL),
('2024-06-04 06:00:00', '2024-06-04 18:00:00', '840', 6, 31, 24, NULL),
('2024-06-04 06:00:00', '2024-06-04 18:00:00', '842', 7, 30, 24, NULL),
('2024-06-04 06:00:00', '2024-06-04 18:00:00', '843', 26, 30, 24, NULL),
('2024-06-04 06:00:00', '2024-06-04 18:00:00', '844', 21, 28, 22, NULL),
('2024-06-04 06:00:00', '2024-06-04 18:00:00', '845', 6, 30, 24, NULL),
('2024-06-04 06:00:00', '2024-06-04 18:00:00', '846', 26, 30, 24, NULL),
('2024-06-04 06:00:00', '2024-06-04 18:00:00', '847', 21, 28, 22, NULL),
('2024-06-04 06:00:00', '2024-06-04 18:00:00', '848', 21, 24, 20, NULL),
('2024-06-04 06:00:00', '2024-06-04 18:00:00', '849', 26, 23, 18, NULL),
('2024-06-04 06:00:00', '2024-06-04 18:00:00', '851', 21, 28, 23, NULL),
('2024-06-04 06:00:00', '2024-06-04 18:00:00', '852', 4, 30, 25, NULL),
('2024-06-04 06:00:00', '2024-06-04 18:00:00', '880', 5, 28, 24, NULL),
('2024-06-04 06:00:00', '2024-06-04 18:00:00', '881', 5, 27, 24, NULL),
('2024-06-04 06:00:00', '2024-06-04 18:00:00', '882', 5, 28, 24, NULL),
('2024-06-04 06:00:00', '2024-06-04 18:00:00', '883', 5, 28, 24, NULL),
('2024-06-04 06:00:00', '2024-06-04 18:00:00', '884', 5, 27, 24, NULL),
('2024-06-04 06:00:00', '2024-06-04 18:00:00', '885', 5, 28, 24, NULL),
('2024-06-04 06:00:00', '2024-06-04 18:00:00', '890', 7, 26, 21, NULL),
('2024-06-04 06:00:00', '2024-06-04 18:00:00', '891', 6, 26, 21, NULL),
('2024-06-04 06:00:00', '2024-06-04 18:00:00', '892', 7, 26, 21, NULL),
('2024-06-04 06:00:00', '2024-06-04 18:00:00', '893', 7, 26, 21, NULL),
('2024-06-04 06:00:00', '2024-06-04 18:00:00', '894', 6, 26, 21, NULL),
('2024-06-04 06:00:00', '2024-06-04 18:00:00', '896', 5, 27, 23, NULL),
('2024-06-04 06:00:00', '2024-06-04 18:00:00', '900', 7, 31, 25, NULL),
('2024-06-04 06:00:00', '2024-06-04 18:00:00', '902', 21, 27, 22, NULL),
('2024-06-04 06:00:00', '2024-06-04 18:00:00', '903', 6, 29, 23, NULL),
('2024-06-04 06:00:00', '2024-06-04 18:00:00', '904', 26, 31, 25, NULL),
('2024-06-04 06:00:00', '2024-06-04 18:00:00', '905', 7, 30, 25, NULL),
('2024-06-04 06:00:00', '2024-06-04 18:00:00', '906', 26, 30, 24, NULL),
('2024-06-04 06:00:00', '2024-06-04 18:00:00', '907', 26, 30, 25, NULL),
('2024-06-04 06:00:00', '2024-06-04 18:00:00', '908', 26, 31, 25, NULL),
('2024-06-04 06:00:00', '2024-06-04 18:00:00', '909', 26, 31, 25, NULL),
('2024-06-04 06:00:00', '2024-06-04 18:00:00', '911', 26, 31, 25, NULL),
('2024-06-04 06:00:00', '2024-06-04 18:00:00', '912', 26, 31, 25, NULL),
('2024-06-04 06:00:00', '2024-06-04 18:00:00', '913', 21, 31, 25, NULL),
('2024-06-04 06:00:00', '2024-06-04 18:00:00', '921', 21, 30, 24, NULL),
('2024-06-04 06:00:00', '2024-06-04 18:00:00', '922', 21, 30, 23, NULL),
('2024-06-04 06:00:00', '2024-06-04 18:00:00', '923', 26, 31, 25, NULL),
('2024-06-04 06:00:00', '2024-06-04 18:00:00', '924', 21, 31, 25, NULL),
('2024-06-04 06:00:00', '2024-06-04 18:00:00', '925', 6, 31, 25, NULL),
('2024-06-04 06:00:00', '2024-06-04 18:00:00', '926', 21, 30, 25, NULL),
('2024-06-04 06:00:00', '2024-06-04 18:00:00', '927', 6, 30, 25, NULL),
('2024-06-04 06:00:00', '2024-06-04 18:00:00', '928', 6, 30, 25, NULL),
('2024-06-04 06:00:00', '2024-06-04 18:00:00', '929', 6, 30, 25, NULL),
('2024-06-04 06:00:00', '2024-06-04 18:00:00', '931', 6, 31, 25, NULL),
('2024-06-04 06:00:00', '2024-06-04 18:00:00', '932', 21, 31, 26, NULL),
('2024-06-04 06:00:00', '2024-06-04 18:00:00', '940', 5, 30, 25, NULL),
('2024-06-04 06:00:00', '2024-06-04 18:00:00', '941', 4, 30, 24, NULL),
('2024-06-04 06:00:00', '2024-06-04 18:00:00', '942', 5, 30, 24, NULL),
('2024-06-04 06:00:00', '2024-06-04 18:00:00', '943', 6, 29, 24, NULL),
('2024-06-04 06:00:00', '2024-06-04 18:00:00', '944', 5, 30, 24, NULL),
('2024-06-04 06:00:00', '2024-06-04 18:00:00', '945', 6, 28, 23, NULL),
('2024-06-04 06:00:00', '2024-06-04 18:00:00', '947', 6, 28, 24, NULL),
('2024-06-04 06:00:00', '2024-06-04 18:00:00', '950', 7, 29, 22, NULL),
('2024-06-04 06:00:00', '2024-06-04 18:00:00', '951', 6, 29, 24, NULL),
('2024-06-04 06:00:00', '2024-06-04 18:00:00', '952', 6, 28, 24, NULL),
('2024-06-04 06:00:00', '2024-06-04 18:00:00', '953', 6, 27, 20, NULL),
('2024-06-04 06:00:00', '2024-06-04 18:00:00', '954', 7, 29, 22, NULL),
('2024-06-04 06:00:00', '2024-06-04 18:00:00', '955', 6, 27, 21, NULL),
('2024-06-04 06:00:00', '2024-06-04 18:00:00', '956', 6, 26, 20, NULL),
('2024-06-04 06:00:00', '2024-06-04 18:00:00', '957', 7, 24, 19, NULL),
('2024-06-04 06:00:00', '2024-06-04 18:00:00', '958', 6, 26, 20, NULL),
('2024-06-04 06:00:00', '2024-06-04 18:00:00', '959', 6, 29, 23, NULL),
('2024-06-04 06:00:00', '2024-06-04 18:00:00', '961', 6, 29, 23, NULL),
('2024-06-04 06:00:00', '2024-06-04 18:00:00', '962', 6, 29, 22, NULL),
('2024-06-04 06:00:00', '2024-06-04 18:00:00', '964', 7, 27, 21, NULL),
('2024-06-04 06:00:00', '2024-06-04 18:00:00', '965', 5, 29, 23, NULL),
('2024-06-04 06:00:00', '2024-06-04 18:00:00', '966', 6, 29, 23, NULL),
('2024-06-04 06:00:00', '2024-06-04 18:00:00', '970', 4, 28, 22, NULL),
('2024-06-04 06:00:00', '2024-06-04 18:00:00', '971', 5, 27, 21, NULL),
('2024-06-04 06:00:00', '2024-06-04 18:00:00', '972', 6, 25, 19, NULL),
('2024-06-04 06:00:00', '2024-06-04 18:00:00', '973', 5, 27, 21, NULL),
('2024-06-04 06:00:00', '2024-06-04 18:00:00', '974', 5, 27, 20, NULL),
('2024-06-04 06:00:00', '2024-06-04 18:00:00', '975', 7, 27, 20, NULL),
('2024-06-04 06:00:00', '2024-06-04 18:00:00', '976', 7, 27, 20, NULL),
('2024-06-04 06:00:00', '2024-06-04 18:00:00', '977', 5, 27, 20, NULL),
('2024-06-04 06:00:00', '2024-06-04 18:00:00', '978', 5, 27, 20, NULL),
('2024-06-04 06:00:00', '2024-06-04 18:00:00', '979', 7, 27, 20, NULL),
('2024-06-04 06:00:00', '2024-06-04 18:00:00', '981', 5, 27, 19, NULL),
('2024-06-04 06:00:00', '2024-06-04 18:00:00', '982', 6, 25, 18, NULL),
('2024-06-04 06:00:00', '2024-06-04 18:00:00', '983', 6, 27, 19, NULL),
('2024-06-04 18:00:00', '2024-06-05 06:00:00', '100', 7, 26, 24, NULL),
('2024-06-04 18:00:00', '2024-06-05 06:00:00', '103', 7, 26, 24, NULL),
('2024-06-04 18:00:00', '2024-06-05 06:00:00', '104', 7, 26, 24, NULL),
('2024-06-04 18:00:00', '2024-06-05 06:00:00', '105', 7, 26, 24, NULL),
('2024-06-04 18:00:00', '2024-06-05 06:00:00', '106', 7, 25, 23, NULL),
('2024-06-04 18:00:00', '2024-06-05 06:00:00', '108', 7, 26, 24, NULL),
('2024-06-04 18:00:00', '2024-06-05 06:00:00', '110', 7, 26, 24, NULL),
('2024-06-04 18:00:00', '2024-06-05 06:00:00', '111', 26, 26, 24, NULL),
('2024-06-04 18:00:00', '2024-06-05 06:00:00', '112', 26, 26, 24, NULL),
('2024-06-04 18:00:00', '2024-06-05 06:00:00', '114', 7, 26, 24, NULL),
('2024-06-04 18:00:00', '2024-06-05 06:00:00', '115', 7, 25, 23, NULL),
('2024-06-04 18:00:00', '2024-06-05 06:00:00', '116', 7, 25, 23, NULL),
('2024-06-04 18:00:00', '2024-06-05 06:00:00', '200', 7, 25, 23, NULL),
('2024-06-04 18:00:00', '2024-06-05 06:00:00', '204', 7, 25, 23, NULL),
('2024-06-04 18:00:00', '2024-06-05 06:00:00', '205', 7, 25, 23, NULL),
('2024-06-04 18:00:00', '2024-06-05 06:00:00', '206', 7, 25, 23, NULL),
('2024-06-04 18:00:00', '2024-06-05 06:00:00', '207', 26, 24, 23, NULL),
('2024-06-04 18:00:00', '2024-06-05 06:00:00', '208', 21, 24, 23, NULL),
('2024-06-04 18:00:00', '2024-06-05 06:00:00', '209', 26, 23, 22, NULL),
('2024-06-04 18:00:00', '2024-06-05 06:00:00', '210', 26, 23, 22, NULL),
('2024-06-04 18:00:00', '2024-06-05 06:00:00', '211', 26, 23, 22, NULL),
('2024-06-04 18:00:00', '2024-06-05 06:00:00', '212', 21, 24, 23, NULL),
('2024-06-04 18:00:00', '2024-06-05 06:00:00', '220', 7, 26, 24, NULL),
('2024-06-04 18:00:00', '2024-06-05 06:00:00', '221', 7, 24, 23, NULL),
('2024-06-04 18:00:00', '2024-06-05 06:00:00', '222', 7, 24, 22, NULL),
('2024-06-04 18:00:00', '2024-06-05 06:00:00', '223', 7, 24, 22, NULL),
('2024-06-04 18:00:00', '2024-06-05 06:00:00', '224', 7, 24, 23, NULL),
('2024-06-04 18:00:00', '2024-06-05 06:00:00', '226', 7, 23, 21, NULL),
('2024-06-04 18:00:00', '2024-06-05 06:00:00', '227', 26, 25, 23, NULL),
('2024-06-04 18:00:00', '2024-06-05 06:00:00', '228', 26, 25, 23, NULL),
('2024-06-04 18:00:00', '2024-06-05 06:00:00', '231', 7, 25, 23, NULL),
('2024-06-04 18:00:00', '2024-06-05 06:00:00', '232', 7, 23, 21, NULL),
('2024-06-04 18:00:00', '2024-06-05 06:00:00', '233', 7, 22, 20, NULL),
('2024-06-04 18:00:00', '2024-06-05 06:00:00', '234', 7, 26, 24, NULL),
('2024-06-04 18:00:00', '2024-06-05 06:00:00', '235', 7, 26, 24, NULL),
('2024-06-04 18:00:00', '2024-06-05 06:00:00', '236', 7, 26, 23, NULL),
('2024-06-04 18:00:00', '2024-06-05 06:00:00', '237', 7, 25, 23, NULL),
('2024-06-04 18:00:00', '2024-06-05 06:00:00', '238', 7, 26, 23, NULL),
('2024-06-04 18:00:00', '2024-06-05 06:00:00', '239', 26, 26, 23, NULL),
('2024-06-04 18:00:00', '2024-06-05 06:00:00', '241', 7, 26, 24, NULL),
('2024-06-04 18:00:00', '2024-06-05 06:00:00', '242', 7, 26, 24, NULL),
('2024-06-04 18:00:00', '2024-06-05 06:00:00', '243', 7, 26, 24, NULL);
INSERT INTO `weather_forecast` (`Start_Time`, `End_Time`, `District_ID`, `Weather_Type_ID`, `MaxTemperature`, `MinTemperature`, `Remarks`) VALUES
('2024-06-04 18:00:00', '2024-06-05 06:00:00', '244', 7, 24, 22, NULL),
('2024-06-04 18:00:00', '2024-06-05 06:00:00', '247', 7, 26, 24, NULL),
('2024-06-04 18:00:00', '2024-06-05 06:00:00', '248', 7, 26, 23, NULL),
('2024-06-04 18:00:00', '2024-06-05 06:00:00', '249', 7, 25, 23, NULL),
('2024-06-04 18:00:00', '2024-06-05 06:00:00', '251', 26, 25, 23, NULL),
('2024-06-04 18:00:00', '2024-06-05 06:00:00', '252', 26, 24, 23, NULL),
('2024-06-04 18:00:00', '2024-06-05 06:00:00', '253', 26, 24, 23, NULL),
('2024-06-04 18:00:00', '2024-06-05 06:00:00', '302', 26, 26, 22, NULL),
('2024-06-04 18:00:00', '2024-06-05 06:00:00', '303', 26, 25, 22, NULL),
('2024-06-04 18:00:00', '2024-06-05 06:00:00', '304', 26, 25, 22, NULL),
('2024-06-04 18:00:00', '2024-06-05 06:00:00', '305', 26, 25, 22, NULL),
('2024-06-04 18:00:00', '2024-06-05 06:00:00', '306', 7, 24, 21, NULL),
('2024-06-04 18:00:00', '2024-06-05 06:00:00', '308', 7, 25, 22, NULL),
('2024-06-04 18:00:00', '2024-06-05 06:00:00', '310', 7, 25, 21, NULL),
('2024-06-04 18:00:00', '2024-06-05 06:00:00', '311', 7, 23, 21, NULL),
('2024-06-04 18:00:00', '2024-06-05 06:00:00', '312', 7, 24, 21, NULL),
('2024-06-04 18:00:00', '2024-06-05 06:00:00', '313', 7, 22, 20, NULL),
('2024-06-04 18:00:00', '2024-06-05 06:00:00', '314', 7, 25, 21, NULL),
('2024-06-04 18:00:00', '2024-06-05 06:00:00', '315', 7, 25, 22, NULL),
('2024-06-04 18:00:00', '2024-06-05 06:00:00', '320', 7, 25, 22, NULL),
('2024-06-04 18:00:00', '2024-06-05 06:00:00', '324', 7, 24, 22, NULL),
('2024-06-04 18:00:00', '2024-06-05 06:00:00', '325', 7, 23, 21, NULL),
('2024-06-04 18:00:00', '2024-06-05 06:00:00', '326', 26, 24, 21, NULL),
('2024-06-04 18:00:00', '2024-06-05 06:00:00', '327', 7, 24, 22, NULL),
('2024-06-04 18:00:00', '2024-06-05 06:00:00', '328', 7, 25, 23, NULL),
('2024-06-04 18:00:00', '2024-06-05 06:00:00', '330', 26, 25, 23, NULL),
('2024-06-04 18:00:00', '2024-06-05 06:00:00', '333', 26, 25, 23, NULL),
('2024-06-04 18:00:00', '2024-06-05 06:00:00', '334', 7, 25, 22, NULL),
('2024-06-04 18:00:00', '2024-06-05 06:00:00', '335', 7, 24, 22, NULL),
('2024-06-04 18:00:00', '2024-06-05 06:00:00', '336', 7, 23, 20, NULL),
('2024-06-04 18:00:00', '2024-06-05 06:00:00', '337', 7, 25, 23, NULL),
('2024-06-04 18:00:00', '2024-06-05 06:00:00', '338', 26, 25, 23, NULL),
('2024-06-04 18:00:00', '2024-06-05 06:00:00', '350', 7, 26, 23, NULL),
('2024-06-04 18:00:00', '2024-06-05 06:00:00', '351', 7, 26, 22, NULL),
('2024-06-04 18:00:00', '2024-06-05 06:00:00', '352', 7, 25, 22, NULL),
('2024-06-04 18:00:00', '2024-06-05 06:00:00', '353', 7, 24, 21, NULL),
('2024-06-04 18:00:00', '2024-06-05 06:00:00', '354', 7, 24, 21, NULL),
('2024-06-04 18:00:00', '2024-06-05 06:00:00', '356', 7, 25, 23, NULL),
('2024-06-04 18:00:00', '2024-06-05 06:00:00', '357', 7, 25, 23, NULL),
('2024-06-04 18:00:00', '2024-06-05 06:00:00', '358', 7, 25, 23, NULL),
('2024-06-04 18:00:00', '2024-06-05 06:00:00', '360', 7, 25, 22, NULL),
('2024-06-04 18:00:00', '2024-06-05 06:00:00', '361', 7, 25, 22, NULL),
('2024-06-04 18:00:00', '2024-06-05 06:00:00', '362', 7, 25, 22, NULL),
('2024-06-04 18:00:00', '2024-06-05 06:00:00', '363', 7, 25, 22, NULL),
('2024-06-04 18:00:00', '2024-06-05 06:00:00', '364', 7, 24, 21, NULL),
('2024-06-04 18:00:00', '2024-06-05 06:00:00', '365', 7, 23, 21, NULL),
('2024-06-04 18:00:00', '2024-06-05 06:00:00', '366', 7, 25, 22, NULL),
('2024-06-04 18:00:00', '2024-06-05 06:00:00', '367', 7, 24, 21, NULL),
('2024-06-04 18:00:00', '2024-06-05 06:00:00', '368', 7, 25, 22, NULL),
('2024-06-04 18:00:00', '2024-06-05 06:00:00', '369', 7, 25, 22, NULL),
('2024-06-04 18:00:00', '2024-06-05 06:00:00', '406', 7, 27, 24, NULL),
('2024-06-04 18:00:00', '2024-06-05 06:00:00', '407', 6, 28, 24, NULL),
('2024-06-04 18:00:00', '2024-06-05 06:00:00', '408', 6, 28, 24, NULL),
('2024-06-04 18:00:00', '2024-06-05 06:00:00', '411', 6, 28, 24, NULL),
('2024-06-04 18:00:00', '2024-06-05 06:00:00', '412', 6, 28, 24, NULL),
('2024-06-04 18:00:00', '2024-06-05 06:00:00', '413', 6, 27, 24, NULL),
('2024-06-04 18:00:00', '2024-06-05 06:00:00', '414', 6, 28, 24, NULL),
('2024-06-04 18:00:00', '2024-06-05 06:00:00', '420', 7, 27, 23, NULL),
('2024-06-04 18:00:00', '2024-06-05 06:00:00', '421', 7, 26, 22, NULL),
('2024-06-04 18:00:00', '2024-06-05 06:00:00', '422', 7, 25, 23, NULL),
('2024-06-04 18:00:00', '2024-06-05 06:00:00', '423', 7, 25, 23, NULL),
('2024-06-04 18:00:00', '2024-06-05 06:00:00', '424', 6, 24, 21, NULL),
('2024-06-04 18:00:00', '2024-06-05 06:00:00', '426', 7, 25, 22, NULL),
('2024-06-04 18:00:00', '2024-06-05 06:00:00', '427', 7, 27, 24, NULL),
('2024-06-04 18:00:00', '2024-06-05 06:00:00', '428', 7, 26, 23, NULL),
('2024-06-04 18:00:00', '2024-06-05 06:00:00', '429', 7, 26, 23, NULL),
('2024-06-04 18:00:00', '2024-06-05 06:00:00', '432', 6, 27, 24, NULL),
('2024-06-04 18:00:00', '2024-06-05 06:00:00', '433', 7, 26, 23, NULL),
('2024-06-04 18:00:00', '2024-06-05 06:00:00', '434', 7, 27, 24, NULL),
('2024-06-04 18:00:00', '2024-06-05 06:00:00', '435', 7, 26, 23, NULL),
('2024-06-04 18:00:00', '2024-06-05 06:00:00', '436', 7, 26, 23, NULL),
('2024-06-04 18:00:00', '2024-06-05 06:00:00', '437', 7, 25, 23, NULL),
('2024-06-04 18:00:00', '2024-06-05 06:00:00', '438', 7, 25, 22, NULL),
('2024-06-04 18:00:00', '2024-06-05 06:00:00', '500', 7, 27, 24, NULL),
('2024-06-04 18:00:00', '2024-06-05 06:00:00', '502', 6, 27, 24, NULL),
('2024-06-04 18:00:00', '2024-06-05 06:00:00', '503', 6, 28, 24, NULL),
('2024-06-04 18:00:00', '2024-06-05 06:00:00', '504', 6, 27, 24, NULL),
('2024-06-04 18:00:00', '2024-06-05 06:00:00', '505', 7, 27, 24, NULL),
('2024-06-04 18:00:00', '2024-06-05 06:00:00', '506', 6, 27, 24, NULL),
('2024-06-04 18:00:00', '2024-06-05 06:00:00', '507', 7, 27, 24, NULL),
('2024-06-04 18:00:00', '2024-06-05 06:00:00', '508', 6, 27, 24, NULL),
('2024-06-04 18:00:00', '2024-06-05 06:00:00', '509', 6, 27, 24, NULL),
('2024-06-04 18:00:00', '2024-06-05 06:00:00', '511', 6, 28, 24, NULL),
('2024-06-04 18:00:00', '2024-06-05 06:00:00', '512', 6, 28, 24, NULL),
('2024-06-04 18:00:00', '2024-06-05 06:00:00', '513', 6, 28, 24, NULL),
('2024-06-04 18:00:00', '2024-06-05 06:00:00', '514', 6, 28, 25, NULL),
('2024-06-04 18:00:00', '2024-06-05 06:00:00', '515', 6, 28, 24, NULL),
('2024-06-04 18:00:00', '2024-06-05 06:00:00', '516', 5, 28, 24, NULL),
('2024-06-04 18:00:00', '2024-06-05 06:00:00', '520', 6, 28, 24, NULL),
('2024-06-04 18:00:00', '2024-06-05 06:00:00', '521', 7, 28, 24, NULL),
('2024-06-04 18:00:00', '2024-06-05 06:00:00', '522', 7, 28, 24, NULL),
('2024-06-04 18:00:00', '2024-06-05 06:00:00', '523', 7, 28, 24, NULL),
('2024-06-04 18:00:00', '2024-06-05 06:00:00', '524', 7, 28, 24, NULL),
('2024-06-04 18:00:00', '2024-06-05 06:00:00', '525', 7, 28, 24, NULL),
('2024-06-04 18:00:00', '2024-06-05 06:00:00', '526', 7, 27, 24, NULL),
('2024-06-04 18:00:00', '2024-06-05 06:00:00', '527', 6, 27, 24, NULL),
('2024-06-04 18:00:00', '2024-06-05 06:00:00', '528', 7, 27, 24, NULL),
('2024-06-04 18:00:00', '2024-06-05 06:00:00', '530', 7, 28, 24, NULL),
('2024-06-04 18:00:00', '2024-06-05 06:00:00', '540', 6, 27, 24, NULL),
('2024-06-04 18:00:00', '2024-06-05 06:00:00', '541', 7, 27, 23, NULL),
('2024-06-04 18:00:00', '2024-06-05 06:00:00', '542', 6, 27, 23, NULL),
('2024-06-04 18:00:00', '2024-06-05 06:00:00', '544', 6, 26, 23, NULL),
('2024-06-04 18:00:00', '2024-06-05 06:00:00', '545', 7, 25, 21, NULL),
('2024-06-04 18:00:00', '2024-06-05 06:00:00', '546', 7, 20, 19, NULL),
('2024-06-04 18:00:00', '2024-06-05 06:00:00', '551', 7, 27, 23, NULL),
('2024-06-04 18:00:00', '2024-06-05 06:00:00', '552', 7, 26, 23, NULL),
('2024-06-04 18:00:00', '2024-06-05 06:00:00', '553', 7, 25, 22, NULL),
('2024-06-04 18:00:00', '2024-06-05 06:00:00', '555', 7, 23, 21, NULL),
('2024-06-04 18:00:00', '2024-06-05 06:00:00', '556', 7, 23, 20, NULL),
('2024-06-04 18:00:00', '2024-06-05 06:00:00', '557', 7, 27, 23, NULL),
('2024-06-04 18:00:00', '2024-06-05 06:00:00', '558', 7, 24, 21, NULL),
('2024-06-04 18:00:00', '2024-06-05 06:00:00', '602', 7, 26, 23, NULL),
('2024-06-04 18:00:00', '2024-06-05 06:00:00', '603', 7, 26, 23, NULL),
('2024-06-04 18:00:00', '2024-06-05 06:00:00', '604', 7, 26, 23, NULL),
('2024-06-04 18:00:00', '2024-06-05 06:00:00', '606', 7, 27, 23, NULL),
('2024-06-04 18:00:00', '2024-06-05 06:00:00', '607', 7, 25, 23, NULL),
('2024-06-04 18:00:00', '2024-06-05 06:00:00', '608', 7, 28, 24, NULL),
('2024-06-04 18:00:00', '2024-06-05 06:00:00', '611', 7, 28, 24, NULL),
('2024-06-04 18:00:00', '2024-06-05 06:00:00', '612', 7, 28, 24, NULL),
('2024-06-04 18:00:00', '2024-06-05 06:00:00', '613', 7, 27, 24, NULL),
('2024-06-04 18:00:00', '2024-06-05 06:00:00', '614', 7, 28, 24, NULL),
('2024-06-04 18:00:00', '2024-06-05 06:00:00', '615', 7, 28, 24, NULL),
('2024-06-04 18:00:00', '2024-06-05 06:00:00', '616', 7, 28, 24, NULL),
('2024-06-04 18:00:00', '2024-06-05 06:00:00', '621', 7, 28, 24, NULL),
('2024-06-04 18:00:00', '2024-06-05 06:00:00', '622', 7, 27, 24, NULL),
('2024-06-04 18:00:00', '2024-06-05 06:00:00', '623', 7, 27, 24, NULL),
('2024-06-04 18:00:00', '2024-06-05 06:00:00', '624', 7, 27, 24, NULL),
('2024-06-04 18:00:00', '2024-06-05 06:00:00', '625', 7, 27, 24, NULL),
('2024-06-04 18:00:00', '2024-06-05 06:00:00', '630', 7, 27, 24, NULL),
('2024-06-04 18:00:00', '2024-06-05 06:00:00', '631', 7, 27, 24, NULL),
('2024-06-04 18:00:00', '2024-06-05 06:00:00', '632', 6, 27, 24, NULL),
('2024-06-04 18:00:00', '2024-06-05 06:00:00', '633', 6, 27, 24, NULL),
('2024-06-04 18:00:00', '2024-06-05 06:00:00', '634', 7, 27, 24, NULL),
('2024-06-04 18:00:00', '2024-06-05 06:00:00', '635', 7, 27, 24, NULL),
('2024-06-04 18:00:00', '2024-06-05 06:00:00', '636', 7, 27, 24, NULL),
('2024-06-04 18:00:00', '2024-06-05 06:00:00', '637', 6, 27, 24, NULL),
('2024-06-04 18:00:00', '2024-06-05 06:00:00', '638', 7, 27, 24, NULL),
('2024-06-04 18:00:00', '2024-06-05 06:00:00', '640', 7, 27, 24, NULL),
('2024-06-04 18:00:00', '2024-06-05 06:00:00', '643', 7, 27, 24, NULL),
('2024-06-04 18:00:00', '2024-06-05 06:00:00', '646', 7, 27, 23, NULL),
('2024-06-04 18:00:00', '2024-06-05 06:00:00', '647', 7, 27, 24, NULL),
('2024-06-04 18:00:00', '2024-06-05 06:00:00', '648', 7, 28, 24, NULL),
('2024-06-04 18:00:00', '2024-06-05 06:00:00', '649', 7, 27, 24, NULL),
('2024-06-04 18:00:00', '2024-06-05 06:00:00', '651', 7, 28, 24, NULL),
('2024-06-04 18:00:00', '2024-06-05 06:00:00', '652', 7, 28, 24, NULL),
('2024-06-04 18:00:00', '2024-06-05 06:00:00', '653', 7, 27, 24, NULL),
('2024-06-04 18:00:00', '2024-06-05 06:00:00', '654', 7, 28, 24, NULL),
('2024-06-04 18:00:00', '2024-06-05 06:00:00', '655', 6, 27, 24, NULL),
('2024-06-04 18:00:00', '2024-06-05 06:00:00', '700', 7, 28, 25, NULL),
('2024-06-04 18:00:00', '2024-06-05 06:00:00', '701', 26, 28, 25, NULL),
('2024-06-04 18:00:00', '2024-06-05 06:00:00', '702', 6, 28, 26, NULL),
('2024-06-04 18:00:00', '2024-06-05 06:00:00', '704', 26, 28, 25, NULL),
('2024-06-04 18:00:00', '2024-06-05 06:00:00', '708', 7, 28, 25, NULL),
('2024-06-04 18:00:00', '2024-06-05 06:00:00', '709', 7, 28, 25, NULL),
('2024-06-04 18:00:00', '2024-06-05 06:00:00', '710', 7, 28, 25, NULL),
('2024-06-04 18:00:00', '2024-06-05 06:00:00', '711', 7, 28, 24, NULL),
('2024-06-04 18:00:00', '2024-06-05 06:00:00', '712', 7, 28, 24, NULL),
('2024-06-04 18:00:00', '2024-06-05 06:00:00', '713', 7, 28, 24, NULL),
('2024-06-04 18:00:00', '2024-06-05 06:00:00', '714', 7, 28, 24, NULL),
('2024-06-04 18:00:00', '2024-06-05 06:00:00', '715', 7, 27, 24, NULL),
('2024-06-04 18:00:00', '2024-06-05 06:00:00', '716', 7, 27, 23, NULL),
('2024-06-04 18:00:00', '2024-06-05 06:00:00', '717', 7, 28, 25, NULL),
('2024-06-04 18:00:00', '2024-06-05 06:00:00', '718', 7, 28, 24, NULL),
('2024-06-04 18:00:00', '2024-06-05 06:00:00', '719', 7, 27, 24, NULL),
('2024-06-04 18:00:00', '2024-06-05 06:00:00', '720', 7, 28, 24, NULL),
('2024-06-04 18:00:00', '2024-06-05 06:00:00', '721', 7, 28, 25, NULL),
('2024-06-04 18:00:00', '2024-06-05 06:00:00', '722', 7, 28, 24, NULL),
('2024-06-04 18:00:00', '2024-06-05 06:00:00', '723', 7, 28, 25, NULL),
('2024-06-04 18:00:00', '2024-06-05 06:00:00', '725', 7, 28, 24, NULL),
('2024-06-04 18:00:00', '2024-06-05 06:00:00', '726', 7, 28, 25, NULL),
('2024-06-04 18:00:00', '2024-06-05 06:00:00', '727', 7, 27, 25, NULL),
('2024-06-04 18:00:00', '2024-06-05 06:00:00', '730', 7, 28, 24, NULL),
('2024-06-04 18:00:00', '2024-06-05 06:00:00', '731', 7, 28, 24, NULL),
('2024-06-04 18:00:00', '2024-06-05 06:00:00', '732', 7, 27, 24, NULL),
('2024-06-04 18:00:00', '2024-06-05 06:00:00', '733', 7, 27, 24, NULL),
('2024-06-04 18:00:00', '2024-06-05 06:00:00', '734', 7, 28, 24, NULL),
('2024-06-04 18:00:00', '2024-06-05 06:00:00', '735', 7, 28, 24, NULL),
('2024-06-04 18:00:00', '2024-06-05 06:00:00', '736', 7, 28, 24, NULL),
('2024-06-04 18:00:00', '2024-06-05 06:00:00', '737', 7, 28, 24, NULL),
('2024-06-04 18:00:00', '2024-06-05 06:00:00', '741', 7, 28, 25, NULL),
('2024-06-04 18:00:00', '2024-06-05 06:00:00', '742', 7, 28, 24, NULL),
('2024-06-04 18:00:00', '2024-06-05 06:00:00', '743', 7, 28, 25, NULL),
('2024-06-04 18:00:00', '2024-06-05 06:00:00', '744', 7, 28, 25, NULL),
('2024-06-04 18:00:00', '2024-06-05 06:00:00', '745', 7, 28, 25, NULL),
('2024-06-04 18:00:00', '2024-06-05 06:00:00', '800', 6, 29, 26, NULL),
('2024-06-04 18:00:00', '2024-06-05 06:00:00', '801', 6, 29, 26, NULL),
('2024-06-04 18:00:00', '2024-06-05 06:00:00', '802', 6, 29, 26, NULL),
('2024-06-04 18:00:00', '2024-06-05 06:00:00', '803', 6, 29, 26, NULL),
('2024-06-04 18:00:00', '2024-06-05 06:00:00', '804', 6, 29, 26, NULL),
('2024-06-04 18:00:00', '2024-06-05 06:00:00', '805', 5, 29, 26, NULL),
('2024-06-04 18:00:00', '2024-06-05 06:00:00', '806', 6, 28, 26, NULL),
('2024-06-04 18:00:00', '2024-06-05 06:00:00', '807', 6, 28, 26, NULL),
('2024-06-04 18:00:00', '2024-06-05 06:00:00', '811', 6, 28, 25, NULL),
('2024-06-04 18:00:00', '2024-06-05 06:00:00', '812', 6, 28, 26, NULL),
('2024-06-04 18:00:00', '2024-06-05 06:00:00', '813', 6, 28, 26, NULL),
('2024-06-04 18:00:00', '2024-06-05 06:00:00', '814', 7, 29, 26, NULL),
('2024-06-04 18:00:00', '2024-06-05 06:00:00', '815', 7, 29, 25, NULL),
('2024-06-04 18:00:00', '2024-06-05 06:00:00', '820', 6, 28, 25, NULL),
('2024-06-04 18:00:00', '2024-06-05 06:00:00', '821', 7, 28, 25, NULL),
('2024-06-04 18:00:00', '2024-06-05 06:00:00', '822', 7, 28, 24, NULL),
('2024-06-04 18:00:00', '2024-06-05 06:00:00', '823', 7, 27, 24, NULL),
('2024-06-04 18:00:00', '2024-06-05 06:00:00', '824', 7, 28, 25, NULL),
('2024-06-04 18:00:00', '2024-06-05 06:00:00', '825', 6, 29, 25, NULL),
('2024-06-04 18:00:00', '2024-06-05 06:00:00', '826', 7, 28, 25, NULL),
('2024-06-04 18:00:00', '2024-06-05 06:00:00', '827', 7, 28, 26, NULL),
('2024-06-04 18:00:00', '2024-06-05 06:00:00', '828', 7, 28, 25, NULL),
('2024-06-04 18:00:00', '2024-06-05 06:00:00', '829', 7, 28, 25, NULL),
('2024-06-04 18:00:00', '2024-06-05 06:00:00', '830', 7, 29, 25, NULL),
('2024-06-04 18:00:00', '2024-06-05 06:00:00', '831', 7, 29, 25, NULL),
('2024-06-04 18:00:00', '2024-06-05 06:00:00', '832', 7, 29, 25, NULL),
('2024-06-04 18:00:00', '2024-06-05 06:00:00', '833', 7, 29, 25, NULL),
('2024-06-04 18:00:00', '2024-06-05 06:00:00', '840', 7, 29, 25, NULL),
('2024-06-04 18:00:00', '2024-06-05 06:00:00', '842', 7, 28, 25, NULL),
('2024-06-04 18:00:00', '2024-06-05 06:00:00', '843', 7, 28, 24, NULL),
('2024-06-04 18:00:00', '2024-06-05 06:00:00', '844', 7, 25, 22, NULL),
('2024-06-04 18:00:00', '2024-06-05 06:00:00', '845', 7, 28, 24, NULL),
('2024-06-04 18:00:00', '2024-06-05 06:00:00', '846', 7, 27, 24, NULL),
('2024-06-04 18:00:00', '2024-06-05 06:00:00', '847', 7, 25, 22, NULL),
('2024-06-04 18:00:00', '2024-06-05 06:00:00', '848', 7, 22, 20, NULL),
('2024-06-04 18:00:00', '2024-06-05 06:00:00', '849', 7, 21, 19, NULL),
('2024-06-04 18:00:00', '2024-06-05 06:00:00', '851', 7, 26, 23, NULL),
('2024-06-04 18:00:00', '2024-06-05 06:00:00', '852', 7, 28, 25, NULL),
('2024-06-04 18:00:00', '2024-06-05 06:00:00', '880', 7, 26, 24, NULL),
('2024-06-04 18:00:00', '2024-06-05 06:00:00', '881', 7, 26, 24, NULL),
('2024-06-04 18:00:00', '2024-06-05 06:00:00', '882', 7, 26, 24, NULL),
('2024-06-04 18:00:00', '2024-06-05 06:00:00', '883', 7, 26, 24, NULL),
('2024-06-04 18:00:00', '2024-06-05 06:00:00', '884', 7, 26, 24, NULL),
('2024-06-04 18:00:00', '2024-06-05 06:00:00', '885', 7, 26, 24, NULL),
('2024-06-04 18:00:00', '2024-06-05 06:00:00', '890', 26, 23, 20, NULL),
('2024-06-04 18:00:00', '2024-06-05 06:00:00', '891', 26, 23, 19, NULL),
('2024-06-04 18:00:00', '2024-06-05 06:00:00', '892', 26, 22, 20, NULL),
('2024-06-04 18:00:00', '2024-06-05 06:00:00', '893', 26, 22, 20, NULL),
('2024-06-04 18:00:00', '2024-06-05 06:00:00', '894', 26, 23, 20, NULL),
('2024-06-04 18:00:00', '2024-06-05 06:00:00', '896', 26, 25, 23, NULL),
('2024-06-04 18:00:00', '2024-06-05 06:00:00', '900', 7, 29, 25, NULL),
('2024-06-04 18:00:00', '2024-06-05 06:00:00', '902', 7, 24, 22, NULL),
('2024-06-04 18:00:00', '2024-06-05 06:00:00', '903', 7, 26, 23, NULL),
('2024-06-04 18:00:00', '2024-06-05 06:00:00', '904', 7, 29, 25, NULL),
('2024-06-04 18:00:00', '2024-06-05 06:00:00', '905', 7, 28, 25, NULL),
('2024-06-04 18:00:00', '2024-06-05 06:00:00', '906', 7, 28, 25, NULL),
('2024-06-04 18:00:00', '2024-06-05 06:00:00', '907', 7, 28, 25, NULL),
('2024-06-04 18:00:00', '2024-06-05 06:00:00', '908', 7, 29, 25, NULL),
('2024-06-04 18:00:00', '2024-06-05 06:00:00', '909', 7, 29, 25, NULL),
('2024-06-04 18:00:00', '2024-06-05 06:00:00', '911', 6, 28, 25, NULL),
('2024-06-04 18:00:00', '2024-06-05 06:00:00', '912', 6, 28, 25, NULL),
('2024-06-04 18:00:00', '2024-06-05 06:00:00', '913', 7, 29, 25, NULL),
('2024-06-04 18:00:00', '2024-06-05 06:00:00', '921', 6, 27, 24, NULL),
('2024-06-04 18:00:00', '2024-06-05 06:00:00', '922', 6, 27, 23, NULL),
('2024-06-04 18:00:00', '2024-06-05 06:00:00', '923', 6, 28, 24, NULL),
('2024-06-04 18:00:00', '2024-06-05 06:00:00', '924', 7, 29, 25, NULL),
('2024-06-04 18:00:00', '2024-06-05 06:00:00', '925', 7, 29, 24, NULL),
('2024-06-04 18:00:00', '2024-06-05 06:00:00', '926', 7, 28, 25, NULL),
('2024-06-04 18:00:00', '2024-06-05 06:00:00', '927', 7, 28, 25, NULL),
('2024-06-04 18:00:00', '2024-06-05 06:00:00', '928', 7, 28, 25, NULL),
('2024-06-04 18:00:00', '2024-06-05 06:00:00', '929', 7, 28, 25, NULL),
('2024-06-04 18:00:00', '2024-06-05 06:00:00', '931', 7, 28, 25, NULL),
('2024-06-04 18:00:00', '2024-06-05 06:00:00', '932', 7, 29, 25, NULL),
('2024-06-04 18:00:00', '2024-06-05 06:00:00', '940', 6, 28, 25, NULL),
('2024-06-04 18:00:00', '2024-06-05 06:00:00', '941', 7, 27, 25, NULL),
('2024-06-04 18:00:00', '2024-06-05 06:00:00', '942', 6, 27, 24, NULL),
('2024-06-04 18:00:00', '2024-06-05 06:00:00', '943', 7, 27, 25, NULL),
('2024-06-04 18:00:00', '2024-06-05 06:00:00', '944', 6, 27, 25, NULL),
('2024-06-04 18:00:00', '2024-06-05 06:00:00', '945', 7, 26, 24, NULL),
('2024-06-04 18:00:00', '2024-06-05 06:00:00', '947', 5, 26, 25, NULL),
('2024-06-04 18:00:00', '2024-06-05 06:00:00', '950', 4, 27, 24, NULL),
('2024-06-04 18:00:00', '2024-06-05 06:00:00', '951', 5, 27, 26, NULL),
('2024-06-04 18:00:00', '2024-06-05 06:00:00', '952', 5, 26, 25, NULL),
('2024-06-04 18:00:00', '2024-06-05 06:00:00', '953', 7, 24, 20, NULL),
('2024-06-04 18:00:00', '2024-06-05 06:00:00', '954', 6, 26, 22, NULL),
('2024-06-04 18:00:00', '2024-06-05 06:00:00', '955', 5, 24, 21, NULL),
('2024-06-04 18:00:00', '2024-06-05 06:00:00', '956', 5, 24, 21, NULL),
('2024-06-04 18:00:00', '2024-06-05 06:00:00', '957', 6, 22, 19, NULL),
('2024-06-04 18:00:00', '2024-06-05 06:00:00', '958', 4, 23, 20, NULL),
('2024-06-04 18:00:00', '2024-06-05 06:00:00', '959', 4, 27, 24, NULL),
('2024-06-04 18:00:00', '2024-06-05 06:00:00', '961', 4, 26, 23, NULL),
('2024-06-04 18:00:00', '2024-06-05 06:00:00', '962', 4, 26, 23, NULL),
('2024-06-04 18:00:00', '2024-06-05 06:00:00', '964', 6, 24, 21, NULL),
('2024-06-04 18:00:00', '2024-06-05 06:00:00', '965', 7, 26, 23, NULL),
('2024-06-04 18:00:00', '2024-06-05 06:00:00', '966', 7, 26, 24, NULL),
('2024-06-04 18:00:00', '2024-06-05 06:00:00', '970', 5, 26, 23, NULL),
('2024-06-04 18:00:00', '2024-06-05 06:00:00', '971', 5, 25, 22, NULL),
('2024-06-04 18:00:00', '2024-06-05 06:00:00', '972', 5, 22, 20, NULL),
('2024-06-04 18:00:00', '2024-06-05 06:00:00', '973', 5, 25, 22, NULL),
('2024-06-04 18:00:00', '2024-06-05 06:00:00', '974', 5, 25, 22, NULL),
('2024-06-04 18:00:00', '2024-06-05 06:00:00', '975', 6, 23, 21, NULL),
('2024-06-04 18:00:00', '2024-06-05 06:00:00', '976', 6, 24, 21, NULL),
('2024-06-04 18:00:00', '2024-06-05 06:00:00', '977', 4, 24, 22, NULL),
('2024-06-04 18:00:00', '2024-06-05 06:00:00', '978', 5, 24, 21, NULL),
('2024-06-04 18:00:00', '2024-06-05 06:00:00', '979', 5, 23, 21, NULL),
('2024-06-04 18:00:00', '2024-06-05 06:00:00', '981', 5, 24, 21, NULL),
('2024-06-04 18:00:00', '2024-06-05 06:00:00', '982', 5, 22, 19, NULL),
('2024-06-04 18:00:00', '2024-06-05 06:00:00', '983', 4, 23, 20, NULL),
('2024-06-05 06:00:00', '2024-06-05 18:00:00', '100', 26, 26, 24, NULL),
('2024-06-05 06:00:00', '2024-06-05 18:00:00', '103', 26, 26, 24, NULL),
('2024-06-05 06:00:00', '2024-06-05 18:00:00', '104', 26, 26, 24, NULL),
('2024-06-05 06:00:00', '2024-06-05 18:00:00', '105', 26, 26, 24, NULL),
('2024-06-05 06:00:00', '2024-06-05 18:00:00', '106', 26, 26, 23, NULL),
('2024-06-05 06:00:00', '2024-06-05 18:00:00', '108', 26, 26, 24, NULL),
('2024-06-05 06:00:00', '2024-06-05 18:00:00', '110', 26, 26, 24, NULL),
('2024-06-05 06:00:00', '2024-06-05 18:00:00', '111', 26, 26, 24, NULL),
('2024-06-05 06:00:00', '2024-06-05 18:00:00', '112', 26, 25, 24, NULL),
('2024-06-05 06:00:00', '2024-06-05 18:00:00', '114', 26, 26, 24, NULL),
('2024-06-05 06:00:00', '2024-06-05 18:00:00', '115', 26, 25, 23, NULL),
('2024-06-05 06:00:00', '2024-06-05 18:00:00', '116', 26, 25, 23, NULL),
('2024-06-05 06:00:00', '2024-06-05 18:00:00', '200', 26, 25, 23, NULL),
('2024-06-05 06:00:00', '2024-06-05 18:00:00', '204', 26, 25, 23, NULL),
('2024-06-05 06:00:00', '2024-06-05 18:00:00', '205', 26, 25, 23, NULL),
('2024-06-05 06:00:00', '2024-06-05 18:00:00', '206', 26, 25, 23, NULL),
('2024-06-05 06:00:00', '2024-06-05 18:00:00', '207', 26, 24, 23, NULL),
('2024-06-05 06:00:00', '2024-06-05 18:00:00', '208', 26, 25, 23, NULL),
('2024-06-05 06:00:00', '2024-06-05 18:00:00', '209', 26, 24, 22, NULL),
('2024-06-05 06:00:00', '2024-06-05 18:00:00', '210', 26, 24, 22, NULL),
('2024-06-05 06:00:00', '2024-06-05 18:00:00', '211', 26, 24, 22, NULL),
('2024-06-05 06:00:00', '2024-06-05 18:00:00', '212', 26, 25, 23, NULL),
('2024-06-05 06:00:00', '2024-06-05 18:00:00', '220', 26, 26, 24, NULL),
('2024-06-05 06:00:00', '2024-06-05 18:00:00', '221', 26, 24, 23, NULL),
('2024-06-05 06:00:00', '2024-06-05 18:00:00', '222', 26, 25, 22, NULL),
('2024-06-05 06:00:00', '2024-06-05 18:00:00', '223', 26, 24, 22, NULL),
('2024-06-05 06:00:00', '2024-06-05 18:00:00', '224', 26, 24, 23, NULL),
('2024-06-05 06:00:00', '2024-06-05 18:00:00', '226', 26, 23, 21, NULL),
('2024-06-05 06:00:00', '2024-06-05 18:00:00', '227', 26, 26, 24, NULL),
('2024-06-05 06:00:00', '2024-06-05 18:00:00', '228', 26, 25, 23, NULL),
('2024-06-05 06:00:00', '2024-06-05 18:00:00', '231', 26, 26, 23, NULL),
('2024-06-05 06:00:00', '2024-06-05 18:00:00', '232', 26, 24, 21, NULL),
('2024-06-05 06:00:00', '2024-06-05 18:00:00', '233', 26, 23, 20, NULL),
('2024-06-05 06:00:00', '2024-06-05 18:00:00', '234', 26, 26, 24, NULL),
('2024-06-05 06:00:00', '2024-06-05 18:00:00', '235', 26, 26, 24, NULL),
('2024-06-05 06:00:00', '2024-06-05 18:00:00', '236', 26, 26, 23, NULL),
('2024-06-05 06:00:00', '2024-06-05 18:00:00', '237', 26, 25, 23, NULL),
('2024-06-05 06:00:00', '2024-06-05 18:00:00', '238', 26, 26, 24, NULL),
('2024-06-05 06:00:00', '2024-06-05 18:00:00', '239', 26, 26, 23, NULL),
('2024-06-05 06:00:00', '2024-06-05 18:00:00', '241', 26, 26, 24, NULL),
('2024-06-05 06:00:00', '2024-06-05 18:00:00', '242', 26, 26, 24, NULL),
('2024-06-05 06:00:00', '2024-06-05 18:00:00', '243', 26, 25, 24, NULL),
('2024-06-05 06:00:00', '2024-06-05 18:00:00', '244', 26, 24, 22, NULL),
('2024-06-05 06:00:00', '2024-06-05 18:00:00', '247', 26, 26, 24, NULL),
('2024-06-05 06:00:00', '2024-06-05 18:00:00', '248', 26, 25, 23, NULL),
('2024-06-05 06:00:00', '2024-06-05 18:00:00', '249', 26, 25, 23, NULL),
('2024-06-05 06:00:00', '2024-06-05 18:00:00', '251', 26, 25, 23, NULL),
('2024-06-05 06:00:00', '2024-06-05 18:00:00', '252', 26, 24, 23, NULL),
('2024-06-05 06:00:00', '2024-06-05 18:00:00', '253', 26, 25, 23, NULL),
('2024-06-05 06:00:00', '2024-06-05 18:00:00', '302', 26, 26, 22, NULL),
('2024-06-05 06:00:00', '2024-06-05 18:00:00', '303', 26, 25, 22, NULL),
('2024-06-05 06:00:00', '2024-06-05 18:00:00', '304', 26, 25, 23, NULL),
('2024-06-05 06:00:00', '2024-06-05 18:00:00', '305', 26, 25, 22, NULL),
('2024-06-05 06:00:00', '2024-06-05 18:00:00', '306', 26, 25, 21, NULL),
('2024-06-05 06:00:00', '2024-06-05 18:00:00', '308', 26, 26, 22, NULL),
('2024-06-05 06:00:00', '2024-06-05 18:00:00', '310', 26, 25, 21, NULL),
('2024-06-05 06:00:00', '2024-06-05 18:00:00', '311', 26, 24, 21, NULL),
('2024-06-05 06:00:00', '2024-06-05 18:00:00', '312', 26, 25, 21, NULL),
('2024-06-05 06:00:00', '2024-06-05 18:00:00', '313', 26, 23, 20, NULL),
('2024-06-05 06:00:00', '2024-06-05 18:00:00', '314', 26, 26, 22, NULL),
('2024-06-05 06:00:00', '2024-06-05 18:00:00', '315', 26, 26, 22, NULL),
('2024-06-05 06:00:00', '2024-06-05 18:00:00', '320', 26, 24, 22, NULL),
('2024-06-05 06:00:00', '2024-06-05 18:00:00', '324', 26, 24, 22, NULL),
('2024-06-05 06:00:00', '2024-06-05 18:00:00', '325', 26, 24, 21, NULL),
('2024-06-05 06:00:00', '2024-06-05 18:00:00', '326', 26, 24, 21, NULL),
('2024-06-05 06:00:00', '2024-06-05 18:00:00', '327', 26, 24, 22, NULL),
('2024-06-05 06:00:00', '2024-06-05 18:00:00', '328', 26, 24, 23, NULL),
('2024-06-05 06:00:00', '2024-06-05 18:00:00', '330', 26, 25, 23, NULL),
('2024-06-05 06:00:00', '2024-06-05 18:00:00', '333', 26, 25, 23, NULL),
('2024-06-05 06:00:00', '2024-06-05 18:00:00', '334', 26, 25, 22, NULL),
('2024-06-05 06:00:00', '2024-06-05 18:00:00', '335', 26, 25, 22, NULL),
('2024-06-05 06:00:00', '2024-06-05 18:00:00', '336', 26, 23, 21, NULL),
('2024-06-05 06:00:00', '2024-06-05 18:00:00', '337', 26, 24, 23, NULL),
('2024-06-05 06:00:00', '2024-06-05 18:00:00', '338', 26, 25, 23, NULL),
('2024-06-05 06:00:00', '2024-06-05 18:00:00', '350', 26, 26, 23, NULL),
('2024-06-05 06:00:00', '2024-06-05 18:00:00', '351', 26, 26, 22, NULL),
('2024-06-05 06:00:00', '2024-06-05 18:00:00', '352', 26, 25, 22, NULL),
('2024-06-05 06:00:00', '2024-06-05 18:00:00', '353', 26, 25, 21, NULL),
('2024-06-05 06:00:00', '2024-06-05 18:00:00', '354', 26, 25, 21, NULL),
('2024-06-05 06:00:00', '2024-06-05 18:00:00', '356', 26, 26, 23, NULL),
('2024-06-05 06:00:00', '2024-06-05 18:00:00', '357', 26, 26, 23, NULL),
('2024-06-05 06:00:00', '2024-06-05 18:00:00', '358', 26, 26, 23, NULL),
('2024-06-05 06:00:00', '2024-06-05 18:00:00', '360', 26, 27, 22, NULL),
('2024-06-05 06:00:00', '2024-06-05 18:00:00', '361', 26, 26, 22, NULL),
('2024-06-05 06:00:00', '2024-06-05 18:00:00', '362', 26, 26, 22, NULL),
('2024-06-05 06:00:00', '2024-06-05 18:00:00', '363', 26, 26, 22, NULL),
('2024-06-05 06:00:00', '2024-06-05 18:00:00', '364', 26, 25, 21, NULL),
('2024-06-05 06:00:00', '2024-06-05 18:00:00', '365', 26, 24, 21, NULL),
('2024-06-05 06:00:00', '2024-06-05 18:00:00', '366', 26, 27, 22, NULL),
('2024-06-05 06:00:00', '2024-06-05 18:00:00', '367', 26, 26, 21, NULL),
('2024-06-05 06:00:00', '2024-06-05 18:00:00', '368', 26, 26, 22, NULL),
('2024-06-05 06:00:00', '2024-06-05 18:00:00', '369', 26, 25, 23, NULL),
('2024-06-05 06:00:00', '2024-06-05 18:00:00', '406', 26, 27, 24, NULL),
('2024-06-05 06:00:00', '2024-06-05 18:00:00', '407', 26, 27, 24, NULL),
('2024-06-05 06:00:00', '2024-06-05 18:00:00', '408', 26, 27, 24, NULL),
('2024-06-05 06:00:00', '2024-06-05 18:00:00', '411', 26, 27, 25, NULL),
('2024-06-05 06:00:00', '2024-06-05 18:00:00', '412', 26, 27, 24, NULL),
('2024-06-05 06:00:00', '2024-06-05 18:00:00', '413', 26, 27, 24, NULL),
('2024-06-05 06:00:00', '2024-06-05 18:00:00', '414', 26, 27, 24, NULL),
('2024-06-05 06:00:00', '2024-06-05 18:00:00', '420', 26, 27, 23, NULL),
('2024-06-05 06:00:00', '2024-06-05 18:00:00', '421', 26, 26, 23, NULL),
('2024-06-05 06:00:00', '2024-06-05 18:00:00', '422', 26, 25, 23, NULL),
('2024-06-05 06:00:00', '2024-06-05 18:00:00', '423', 26, 25, 23, NULL),
('2024-06-05 06:00:00', '2024-06-05 18:00:00', '424', 26, 23, 21, NULL),
('2024-06-05 06:00:00', '2024-06-05 18:00:00', '426', 26, 24, 22, NULL),
('2024-06-05 06:00:00', '2024-06-05 18:00:00', '427', 26, 27, 24, NULL),
('2024-06-05 06:00:00', '2024-06-05 18:00:00', '428', 26, 26, 23, NULL),
('2024-06-05 06:00:00', '2024-06-05 18:00:00', '429', 26, 26, 23, NULL),
('2024-06-05 06:00:00', '2024-06-05 18:00:00', '432', 26, 26, 24, NULL),
('2024-06-05 06:00:00', '2024-06-05 18:00:00', '433', 26, 26, 23, NULL),
('2024-06-05 06:00:00', '2024-06-05 18:00:00', '434', 26, 26, 24, NULL),
('2024-06-05 06:00:00', '2024-06-05 18:00:00', '435', 26, 26, 24, NULL),
('2024-06-05 06:00:00', '2024-06-05 18:00:00', '436', 26, 26, 24, NULL),
('2024-06-05 06:00:00', '2024-06-05 18:00:00', '437', 26, 26, 23, NULL),
('2024-06-05 06:00:00', '2024-06-05 18:00:00', '438', 26, 26, 23, NULL),
('2024-06-05 06:00:00', '2024-06-05 18:00:00', '500', 26, 27, 24, NULL),
('2024-06-05 06:00:00', '2024-06-05 18:00:00', '502', 26, 27, 24, NULL),
('2024-06-05 06:00:00', '2024-06-05 18:00:00', '503', 26, 27, 25, NULL),
('2024-06-05 06:00:00', '2024-06-05 18:00:00', '504', 26, 27, 25, NULL),
('2024-06-05 06:00:00', '2024-06-05 18:00:00', '505', 26, 28, 24, NULL),
('2024-06-05 06:00:00', '2024-06-05 18:00:00', '506', 26, 28, 24, NULL),
('2024-06-05 06:00:00', '2024-06-05 18:00:00', '507', 26, 27, 24, NULL),
('2024-06-05 06:00:00', '2024-06-05 18:00:00', '508', 26, 27, 24, NULL),
('2024-06-05 06:00:00', '2024-06-05 18:00:00', '509', 26, 27, 24, NULL),
('2024-06-05 06:00:00', '2024-06-05 18:00:00', '511', 26, 27, 25, NULL),
('2024-06-05 06:00:00', '2024-06-05 18:00:00', '512', 26, 28, 25, NULL),
('2024-06-05 06:00:00', '2024-06-05 18:00:00', '513', 26, 28, 25, NULL),
('2024-06-05 06:00:00', '2024-06-05 18:00:00', '514', 26, 28, 25, NULL),
('2024-06-05 06:00:00', '2024-06-05 18:00:00', '515', 26, 27, 25, NULL),
('2024-06-05 06:00:00', '2024-06-05 18:00:00', '516', 26, 28, 25, NULL),
('2024-06-05 06:00:00', '2024-06-05 18:00:00', '520', 26, 27, 24, NULL),
('2024-06-05 06:00:00', '2024-06-05 18:00:00', '521', 26, 27, 24, NULL),
('2024-06-05 06:00:00', '2024-06-05 18:00:00', '522', 26, 28, 25, NULL),
('2024-06-05 06:00:00', '2024-06-05 18:00:00', '523', 26, 27, 24, NULL),
('2024-06-05 06:00:00', '2024-06-05 18:00:00', '524', 26, 27, 24, NULL),
('2024-06-05 06:00:00', '2024-06-05 18:00:00', '525', 26, 27, 24, NULL),
('2024-06-05 06:00:00', '2024-06-05 18:00:00', '526', 26, 27, 24, NULL),
('2024-06-05 06:00:00', '2024-06-05 18:00:00', '527', 26, 27, 24, NULL),
('2024-06-05 06:00:00', '2024-06-05 18:00:00', '528', 26, 27, 24, NULL),
('2024-06-05 06:00:00', '2024-06-05 18:00:00', '530', 26, 27, 24, NULL),
('2024-06-05 06:00:00', '2024-06-05 18:00:00', '540', 26, 26, 24, NULL),
('2024-06-05 06:00:00', '2024-06-05 18:00:00', '541', 26, 26, 23, NULL),
('2024-06-05 06:00:00', '2024-06-05 18:00:00', '542', 26, 26, 24, NULL),
('2024-06-05 06:00:00', '2024-06-05 18:00:00', '544', 26, 25, 23, NULL),
('2024-06-05 06:00:00', '2024-06-05 18:00:00', '545', 26, 23, 21, NULL),
('2024-06-05 06:00:00', '2024-06-05 18:00:00', '546', 26, 20, 19, NULL),
('2024-06-05 06:00:00', '2024-06-05 18:00:00', '551', 26, 26, 23, NULL),
('2024-06-05 06:00:00', '2024-06-05 18:00:00', '552', 26, 26, 23, NULL),
('2024-06-05 06:00:00', '2024-06-05 18:00:00', '553', 26, 24, 22, NULL),
('2024-06-05 06:00:00', '2024-06-05 18:00:00', '555', 26, 22, 21, NULL),
('2024-06-05 06:00:00', '2024-06-05 18:00:00', '556', 26, 23, 20, NULL),
('2024-06-05 06:00:00', '2024-06-05 18:00:00', '557', 26, 26, 23, NULL),
('2024-06-05 06:00:00', '2024-06-05 18:00:00', '558', 26, 23, 21, NULL),
('2024-06-05 06:00:00', '2024-06-05 18:00:00', '602', 26, 26, 23, NULL),
('2024-06-05 06:00:00', '2024-06-05 18:00:00', '603', 26, 26, 23, NULL),
('2024-06-05 06:00:00', '2024-06-05 18:00:00', '604', 26, 26, 23, NULL),
('2024-06-05 06:00:00', '2024-06-05 18:00:00', '606', 26, 27, 23, NULL),
('2024-06-05 06:00:00', '2024-06-05 18:00:00', '607', 26, 26, 23, NULL),
('2024-06-05 06:00:00', '2024-06-05 18:00:00', '608', 26, 27, 24, NULL),
('2024-06-05 06:00:00', '2024-06-05 18:00:00', '611', 26, 28, 24, NULL),
('2024-06-05 06:00:00', '2024-06-05 18:00:00', '612', 26, 28, 24, NULL),
('2024-06-05 06:00:00', '2024-06-05 18:00:00', '613', 26, 28, 24, NULL),
('2024-06-05 06:00:00', '2024-06-05 18:00:00', '614', 26, 28, 24, NULL),
('2024-06-05 06:00:00', '2024-06-05 18:00:00', '615', 26, 28, 24, NULL),
('2024-06-05 06:00:00', '2024-06-05 18:00:00', '616', 26, 27, 24, NULL),
('2024-06-05 06:00:00', '2024-06-05 18:00:00', '621', 26, 27, 24, NULL),
('2024-06-05 06:00:00', '2024-06-05 18:00:00', '622', 26, 27, 24, NULL),
('2024-06-05 06:00:00', '2024-06-05 18:00:00', '623', 26, 27, 24, NULL),
('2024-06-05 06:00:00', '2024-06-05 18:00:00', '624', 26, 29, 24, NULL),
('2024-06-05 06:00:00', '2024-06-05 18:00:00', '625', 26, 28, 25, NULL),
('2024-06-05 06:00:00', '2024-06-05 18:00:00', '630', 26, 27, 24, NULL),
('2024-06-05 06:00:00', '2024-06-05 18:00:00', '631', 26, 27, 24, NULL),
('2024-06-05 06:00:00', '2024-06-05 18:00:00', '632', 26, 27, 24, NULL),
('2024-06-05 06:00:00', '2024-06-05 18:00:00', '633', 26, 27, 24, NULL),
('2024-06-05 06:00:00', '2024-06-05 18:00:00', '634', 26, 27, 24, NULL),
('2024-06-05 06:00:00', '2024-06-05 18:00:00', '635', 26, 28, 24, NULL),
('2024-06-05 06:00:00', '2024-06-05 18:00:00', '636', 26, 27, 24, NULL),
('2024-06-05 06:00:00', '2024-06-05 18:00:00', '637', 26, 27, 24, NULL),
('2024-06-05 06:00:00', '2024-06-05 18:00:00', '638', 26, 27, 24, NULL),
('2024-06-05 06:00:00', '2024-06-05 18:00:00', '640', 26, 26, 24, NULL),
('2024-06-05 06:00:00', '2024-06-05 18:00:00', '643', 26, 26, 24, NULL),
('2024-06-05 06:00:00', '2024-06-05 18:00:00', '646', 26, 27, 23, NULL),
('2024-06-05 06:00:00', '2024-06-05 18:00:00', '647', 26, 27, 24, NULL),
('2024-06-05 06:00:00', '2024-06-05 18:00:00', '648', 26, 27, 24, NULL),
('2024-06-05 06:00:00', '2024-06-05 18:00:00', '649', 26, 27, 24, NULL),
('2024-06-05 06:00:00', '2024-06-05 18:00:00', '651', 26, 27, 24, NULL),
('2024-06-05 06:00:00', '2024-06-05 18:00:00', '652', 26, 27, 24, NULL),
('2024-06-05 06:00:00', '2024-06-05 18:00:00', '653', 26, 27, 24, NULL),
('2024-06-05 06:00:00', '2024-06-05 18:00:00', '654', 26, 28, 24, NULL),
('2024-06-05 06:00:00', '2024-06-05 18:00:00', '655', 26, 27, 24, NULL),
('2024-06-05 06:00:00', '2024-06-05 18:00:00', '700', 26, 30, 26, NULL),
('2024-06-05 06:00:00', '2024-06-05 18:00:00', '701', 26, 29, 25, NULL),
('2024-06-05 06:00:00', '2024-06-05 18:00:00', '702', 26, 30, 26, NULL),
('2024-06-05 06:00:00', '2024-06-05 18:00:00', '704', 26, 30, 26, NULL),
('2024-06-05 06:00:00', '2024-06-05 18:00:00', '708', 26, 30, 26, NULL),
('2024-06-05 06:00:00', '2024-06-05 18:00:00', '709', 26, 30, 25, NULL),
('2024-06-05 06:00:00', '2024-06-05 18:00:00', '710', 26, 29, 25, NULL),
('2024-06-05 06:00:00', '2024-06-05 18:00:00', '711', 26, 29, 25, NULL),
('2024-06-05 06:00:00', '2024-06-05 18:00:00', '712', 26, 30, 25, NULL),
('2024-06-05 06:00:00', '2024-06-05 18:00:00', '713', 26, 30, 25, NULL),
('2024-06-05 06:00:00', '2024-06-05 18:00:00', '714', 26, 29, 25, NULL),
('2024-06-05 06:00:00', '2024-06-05 18:00:00', '715', 26, 29, 24, NULL),
('2024-06-05 06:00:00', '2024-06-05 18:00:00', '716', 26, 29, 24, NULL),
('2024-06-05 06:00:00', '2024-06-05 18:00:00', '717', 26, 29, 25, NULL),
('2024-06-05 06:00:00', '2024-06-05 18:00:00', '718', 26, 30, 24, NULL),
('2024-06-05 06:00:00', '2024-06-05 18:00:00', '719', 26, 30, 24, NULL),
('2024-06-05 06:00:00', '2024-06-05 18:00:00', '720', 26, 29, 25, NULL),
('2024-06-05 06:00:00', '2024-06-05 18:00:00', '721', 26, 30, 25, NULL),
('2024-06-05 06:00:00', '2024-06-05 18:00:00', '722', 26, 30, 25, NULL),
('2024-06-05 06:00:00', '2024-06-05 18:00:00', '723', 26, 30, 25, NULL),
('2024-06-05 06:00:00', '2024-06-05 18:00:00', '725', 26, 30, 25, NULL),
('2024-06-05 06:00:00', '2024-06-05 18:00:00', '726', 26, 30, 25, NULL),
('2024-06-05 06:00:00', '2024-06-05 18:00:00', '727', 26, 28, 25, NULL),
('2024-06-05 06:00:00', '2024-06-05 18:00:00', '730', 26, 29, 24, NULL),
('2024-06-05 06:00:00', '2024-06-05 18:00:00', '731', 26, 28, 24, NULL),
('2024-06-05 06:00:00', '2024-06-05 18:00:00', '732', 26, 28, 24, NULL),
('2024-06-05 06:00:00', '2024-06-05 18:00:00', '733', 26, 29, 24, NULL),
('2024-06-05 06:00:00', '2024-06-05 18:00:00', '734', 26, 29, 24, NULL),
('2024-06-05 06:00:00', '2024-06-05 18:00:00', '735', 26, 29, 24, NULL),
('2024-06-05 06:00:00', '2024-06-05 18:00:00', '736', 26, 29, 24, NULL),
('2024-06-05 06:00:00', '2024-06-05 18:00:00', '737', 26, 29, 24, NULL),
('2024-06-05 06:00:00', '2024-06-05 18:00:00', '741', 26, 30, 25, NULL),
('2024-06-05 06:00:00', '2024-06-05 18:00:00', '742', 26, 30, 25, NULL),
('2024-06-05 06:00:00', '2024-06-05 18:00:00', '743', 26, 30, 25, NULL),
('2024-06-05 06:00:00', '2024-06-05 18:00:00', '744', 26, 30, 25, NULL),
('2024-06-05 06:00:00', '2024-06-05 18:00:00', '745', 26, 30, 25, NULL),
('2024-06-05 06:00:00', '2024-06-05 18:00:00', '800', 7, 30, 26, NULL),
('2024-06-05 06:00:00', '2024-06-05 18:00:00', '801', 7, 30, 26, NULL),
('2024-06-05 06:00:00', '2024-06-05 18:00:00', '802', 7, 30, 26, NULL),
('2024-06-05 06:00:00', '2024-06-05 18:00:00', '803', 7, 30, 26, NULL),
('2024-06-05 06:00:00', '2024-06-05 18:00:00', '804', 7, 30, 26, NULL),
('2024-06-05 06:00:00', '2024-06-05 18:00:00', '805', 7, 31, 26, NULL),
('2024-06-05 06:00:00', '2024-06-05 18:00:00', '806', 7, 30, 26, NULL),
('2024-06-05 06:00:00', '2024-06-05 18:00:00', '807', 7, 30, 26, NULL),
('2024-06-05 06:00:00', '2024-06-05 18:00:00', '811', 7, 30, 25, NULL),
('2024-06-05 06:00:00', '2024-06-05 18:00:00', '812', 26, 30, 26, NULL),
('2024-06-05 06:00:00', '2024-06-05 18:00:00', '813', 7, 30, 26, NULL),
('2024-06-05 06:00:00', '2024-06-05 18:00:00', '814', 7, 31, 26, NULL),
('2024-06-05 06:00:00', '2024-06-05 18:00:00', '815', 7, 31, 25, NULL),
('2024-06-05 06:00:00', '2024-06-05 18:00:00', '820', 7, 31, 25, NULL),
('2024-06-05 06:00:00', '2024-06-05 18:00:00', '821', 7, 30, 25, NULL),
('2024-06-05 06:00:00', '2024-06-05 18:00:00', '822', 26, 29, 24, NULL),
('2024-06-05 06:00:00', '2024-06-05 18:00:00', '823', 26, 30, 25, NULL),
('2024-06-05 06:00:00', '2024-06-05 18:00:00', '824', 7, 30, 25, NULL),
('2024-06-05 06:00:00', '2024-06-05 18:00:00', '825', 7, 31, 25, NULL),
('2024-06-05 06:00:00', '2024-06-05 18:00:00', '826', 7, 30, 25, NULL),
('2024-06-05 06:00:00', '2024-06-05 18:00:00', '827', 7, 30, 26, NULL),
('2024-06-05 06:00:00', '2024-06-05 18:00:00', '828', 7, 30, 25, NULL),
('2024-06-05 06:00:00', '2024-06-05 18:00:00', '829', 7, 30, 25, NULL),
('2024-06-05 06:00:00', '2024-06-05 18:00:00', '830', 26, 30, 25, NULL),
('2024-06-05 06:00:00', '2024-06-05 18:00:00', '831', 26, 29, 25, NULL),
('2024-06-05 06:00:00', '2024-06-05 18:00:00', '832', 26, 30, 25, NULL),
('2024-06-05 06:00:00', '2024-06-05 18:00:00', '833', 26, 30, 25, NULL),
('2024-06-05 06:00:00', '2024-06-05 18:00:00', '840', 26, 30, 25, NULL),
('2024-06-05 06:00:00', '2024-06-05 18:00:00', '842', 26, 30, 25, NULL),
('2024-06-05 06:00:00', '2024-06-05 18:00:00', '843', 26, 30, 24, NULL),
('2024-06-05 06:00:00', '2024-06-05 18:00:00', '844', 26, 28, 22, NULL),
('2024-06-05 06:00:00', '2024-06-05 18:00:00', '845', 26, 30, 24, NULL),
('2024-06-05 06:00:00', '2024-06-05 18:00:00', '846', 26, 30, 24, NULL),
('2024-06-05 06:00:00', '2024-06-05 18:00:00', '847', 26, 28, 23, NULL),
('2024-06-05 06:00:00', '2024-06-05 18:00:00', '848', 26, 23, 20, NULL),
('2024-06-05 06:00:00', '2024-06-05 18:00:00', '849', 26, 21, 19, NULL),
('2024-06-05 06:00:00', '2024-06-05 18:00:00', '851', 26, 28, 23, NULL),
('2024-06-05 06:00:00', '2024-06-05 18:00:00', '852', 7, 30, 25, NULL),
('2024-06-05 06:00:00', '2024-06-05 18:00:00', '880', 26, 27, 24, NULL),
('2024-06-05 06:00:00', '2024-06-05 18:00:00', '881', 26, 27, 24, NULL),
('2024-06-05 06:00:00', '2024-06-05 18:00:00', '882', 26, 27, 24, NULL),
('2024-06-05 06:00:00', '2024-06-05 18:00:00', '883', 26, 28, 24, NULL),
('2024-06-05 06:00:00', '2024-06-05 18:00:00', '884', 26, 27, 24, NULL),
('2024-06-05 06:00:00', '2024-06-05 18:00:00', '885', 21, 27, 24, NULL),
('2024-06-05 06:00:00', '2024-06-05 18:00:00', '890', 26, 24, 20, NULL),
('2024-06-05 06:00:00', '2024-06-05 18:00:00', '891', 26, 25, 20, NULL),
('2024-06-05 06:00:00', '2024-06-05 18:00:00', '892', 26, 24, 20, NULL),
('2024-06-05 06:00:00', '2024-06-05 18:00:00', '893', 26, 24, 20, NULL),
('2024-06-05 06:00:00', '2024-06-05 18:00:00', '894', 26, 25, 20, NULL),
('2024-06-05 06:00:00', '2024-06-05 18:00:00', '896', 26, 26, 23, NULL),
('2024-06-05 06:00:00', '2024-06-05 18:00:00', '900', 26, 31, 25, NULL),
('2024-06-05 06:00:00', '2024-06-05 18:00:00', '902', 21, 27, 22, NULL),
('2024-06-05 06:00:00', '2024-06-05 18:00:00', '903', 26, 28, 23, NULL),
('2024-06-05 06:00:00', '2024-06-05 18:00:00', '904', 26, 30, 25, NULL),
('2024-06-05 06:00:00', '2024-06-05 18:00:00', '905', 26, 30, 25, NULL),
('2024-06-05 06:00:00', '2024-06-05 18:00:00', '906', 26, 29, 25, NULL),
('2024-06-05 06:00:00', '2024-06-05 18:00:00', '907', 26, 30, 25, NULL),
('2024-06-05 06:00:00', '2024-06-05 18:00:00', '908', 26, 31, 25, NULL),
('2024-06-05 06:00:00', '2024-06-05 18:00:00', '909', 26, 31, 25, NULL),
('2024-06-05 06:00:00', '2024-06-05 18:00:00', '911', 26, 31, 25, NULL),
('2024-06-05 06:00:00', '2024-06-05 18:00:00', '912', 26, 31, 25, NULL),
('2024-06-05 06:00:00', '2024-06-05 18:00:00', '913', 26, 31, 25, NULL),
('2024-06-05 06:00:00', '2024-06-05 18:00:00', '921', 26, 30, 24, NULL),
('2024-06-05 06:00:00', '2024-06-05 18:00:00', '922', 26, 30, 23, NULL),
('2024-06-05 06:00:00', '2024-06-05 18:00:00', '923', 26, 31, 25, NULL),
('2024-06-05 06:00:00', '2024-06-05 18:00:00', '924', 21, 31, 25, NULL),
('2024-06-05 06:00:00', '2024-06-05 18:00:00', '925', 21, 31, 24, NULL),
('2024-06-05 06:00:00', '2024-06-05 18:00:00', '926', 26, 31, 25, NULL),
('2024-06-05 06:00:00', '2024-06-05 18:00:00', '927', 7, 30, 25, NULL),
('2024-06-05 06:00:00', '2024-06-05 18:00:00', '928', 26, 30, 25, NULL),
('2024-06-05 06:00:00', '2024-06-05 18:00:00', '929', 7, 31, 25, NULL),
('2024-06-05 06:00:00', '2024-06-05 18:00:00', '931', 26, 31, 25, NULL),
('2024-06-05 06:00:00', '2024-06-05 18:00:00', '932', 26, 30, 25, NULL),
('2024-06-05 06:00:00', '2024-06-05 18:00:00', '940', 6, 30, 25, NULL),
('2024-06-05 06:00:00', '2024-06-05 18:00:00', '941', 4, 29, 25, NULL),
('2024-06-05 06:00:00', '2024-06-05 18:00:00', '942', 6, 30, 24, NULL),
('2024-06-05 06:00:00', '2024-06-05 18:00:00', '943', 4, 29, 25, NULL),
('2024-06-05 06:00:00', '2024-06-05 18:00:00', '944', 6, 30, 25, NULL),
('2024-06-05 06:00:00', '2024-06-05 18:00:00', '945', 4, 28, 24, NULL),
('2024-06-05 06:00:00', '2024-06-05 18:00:00', '947', 6, 29, 25, NULL),
('2024-06-05 06:00:00', '2024-06-05 18:00:00', '950', 21, 29, 24, NULL),
('2024-06-05 06:00:00', '2024-06-05 18:00:00', '951', 26, 29, 26, NULL),
('2024-06-05 06:00:00', '2024-06-05 18:00:00', '952', 7, 28, 25, NULL),
('2024-06-05 06:00:00', '2024-06-05 18:00:00', '953', 26, 27, 21, NULL),
('2024-06-05 06:00:00', '2024-06-05 18:00:00', '954', 21, 29, 23, NULL),
('2024-06-05 06:00:00', '2024-06-05 18:00:00', '955', 21, 28, 21, NULL),
('2024-06-05 06:00:00', '2024-06-05 18:00:00', '956', 26, 27, 21, NULL),
('2024-06-05 06:00:00', '2024-06-05 18:00:00', '957', 26, 25, 20, NULL),
('2024-06-05 06:00:00', '2024-06-05 18:00:00', '958', 7, 27, 21, NULL),
('2024-06-05 06:00:00', '2024-06-05 18:00:00', '959', 21, 29, 24, NULL),
('2024-06-05 06:00:00', '2024-06-05 18:00:00', '961', 26, 29, 24, NULL),
('2024-06-05 06:00:00', '2024-06-05 18:00:00', '962', 26, 29, 23, NULL),
('2024-06-05 06:00:00', '2024-06-05 18:00:00', '964', 21, 27, 22, NULL),
('2024-06-05 06:00:00', '2024-06-05 18:00:00', '965', 6, 29, 24, NULL),
('2024-06-05 06:00:00', '2024-06-05 18:00:00', '966', 21, 29, 24, NULL),
('2024-06-05 06:00:00', '2024-06-05 18:00:00', '970', 21, 28, 24, NULL),
('2024-06-05 06:00:00', '2024-06-05 18:00:00', '971', 26, 27, 23, NULL),
('2024-06-05 06:00:00', '2024-06-05 18:00:00', '972', 21, 25, 21, NULL),
('2024-06-05 06:00:00', '2024-06-05 18:00:00', '973', 21, 27, 23, NULL),
('2024-06-05 06:00:00', '2024-06-05 18:00:00', '974', 26, 27, 22, NULL),
('2024-06-05 06:00:00', '2024-06-05 18:00:00', '975', 26, 26, 21, NULL),
('2024-06-05 06:00:00', '2024-06-05 18:00:00', '976', 26, 27, 21, NULL),
('2024-06-05 06:00:00', '2024-06-05 18:00:00', '977', 26, 27, 22, NULL),
('2024-06-05 06:00:00', '2024-06-05 18:00:00', '978', 26, 27, 21, NULL),
('2024-06-05 06:00:00', '2024-06-05 18:00:00', '979', 26, 26, 21, NULL),
('2024-06-05 06:00:00', '2024-06-05 18:00:00', '981', 26, 27, 21, NULL),
('2024-06-05 06:00:00', '2024-06-05 18:00:00', '982', 26, 25, 20, NULL),
('2024-06-05 06:00:00', '2024-06-05 18:00:00', '983', 26, 26, 20, NULL),
('2024-06-05 18:00:00', '2024-06-06 06:00:00', '100', 26, 25, 24, NULL),
('2024-06-05 18:00:00', '2024-06-06 06:00:00', '103', 26, 25, 24, NULL),
('2024-06-05 18:00:00', '2024-06-06 06:00:00', '104', 26, 25, 24, NULL),
('2024-06-05 18:00:00', '2024-06-06 06:00:00', '105', 26, 25, 24, NULL),
('2024-06-05 18:00:00', '2024-06-06 06:00:00', '106', 26, 25, 24, NULL),
('2024-06-05 18:00:00', '2024-06-06 06:00:00', '108', 26, 25, 24, NULL),
('2024-06-05 18:00:00', '2024-06-06 06:00:00', '110', 26, 25, 24, NULL),
('2024-06-05 18:00:00', '2024-06-06 06:00:00', '111', 26, 25, 24, NULL),
('2024-06-05 18:00:00', '2024-06-06 06:00:00', '112', 26, 25, 24, NULL),
('2024-06-05 18:00:00', '2024-06-06 06:00:00', '114', 26, 25, 24, NULL),
('2024-06-05 18:00:00', '2024-06-06 06:00:00', '115', 26, 24, 24, NULL),
('2024-06-05 18:00:00', '2024-06-06 06:00:00', '116', 26, 24, 23, NULL),
('2024-06-05 18:00:00', '2024-06-06 06:00:00', '200', 26, 24, 23, NULL),
('2024-06-05 18:00:00', '2024-06-06 06:00:00', '204', 26, 24, 23, NULL),
('2024-06-05 18:00:00', '2024-06-06 06:00:00', '205', 26, 24, 23, NULL),
('2024-06-05 18:00:00', '2024-06-06 06:00:00', '206', 26, 24, 23, NULL),
('2024-06-05 18:00:00', '2024-06-06 06:00:00', '207', 26, 24, 23, NULL),
('2024-06-05 18:00:00', '2024-06-06 06:00:00', '208', 26, 24, 23, NULL),
('2024-06-05 18:00:00', '2024-06-06 06:00:00', '209', 26, 23, 22, NULL),
('2024-06-05 18:00:00', '2024-06-06 06:00:00', '210', 26, 23, 22, NULL),
('2024-06-05 18:00:00', '2024-06-06 06:00:00', '211', 26, 23, 22, NULL),
('2024-06-05 18:00:00', '2024-06-06 06:00:00', '212', 26, 24, 22, NULL),
('2024-06-05 18:00:00', '2024-06-06 06:00:00', '220', 26, 25, 24, NULL),
('2024-06-05 18:00:00', '2024-06-06 06:00:00', '221', 26, 24, 23, NULL),
('2024-06-05 18:00:00', '2024-06-06 06:00:00', '222', 26, 24, 23, NULL),
('2024-06-05 18:00:00', '2024-06-06 06:00:00', '223', 26, 23, 22, NULL),
('2024-06-05 18:00:00', '2024-06-06 06:00:00', '224', 26, 23, 22, NULL),
('2024-06-05 18:00:00', '2024-06-06 06:00:00', '226', 26, 22, 21, NULL),
('2024-06-05 18:00:00', '2024-06-06 06:00:00', '227', 26, 24, 23, NULL),
('2024-06-05 18:00:00', '2024-06-06 06:00:00', '228', 26, 24, 23, NULL),
('2024-06-05 18:00:00', '2024-06-06 06:00:00', '231', 26, 25, 23, NULL),
('2024-06-05 18:00:00', '2024-06-06 06:00:00', '232', 26, 22, 21, NULL),
('2024-06-05 18:00:00', '2024-06-06 06:00:00', '233', 26, 21, 20, NULL),
('2024-06-05 18:00:00', '2024-06-06 06:00:00', '234', 26, 25, 24, NULL),
('2024-06-05 18:00:00', '2024-06-06 06:00:00', '235', 26, 25, 24, NULL),
('2024-06-05 18:00:00', '2024-06-06 06:00:00', '236', 26, 25, 24, NULL),
('2024-06-05 18:00:00', '2024-06-06 06:00:00', '237', 26, 24, 23, NULL),
('2024-06-05 18:00:00', '2024-06-06 06:00:00', '238', 26, 25, 24, NULL),
('2024-06-05 18:00:00', '2024-06-06 06:00:00', '239', 26, 25, 23, NULL),
('2024-06-05 18:00:00', '2024-06-06 06:00:00', '241', 26, 25, 24, NULL),
('2024-06-05 18:00:00', '2024-06-06 06:00:00', '242', 26, 25, 24, NULL),
('2024-06-05 18:00:00', '2024-06-06 06:00:00', '243', 26, 25, 24, NULL),
('2024-06-05 18:00:00', '2024-06-06 06:00:00', '244', 26, 23, 23, NULL),
('2024-06-05 18:00:00', '2024-06-06 06:00:00', '247', 26, 25, 24, NULL),
('2024-06-05 18:00:00', '2024-06-06 06:00:00', '248', 26, 25, 24, NULL),
('2024-06-05 18:00:00', '2024-06-06 06:00:00', '249', 26, 24, 24, NULL),
('2024-06-05 18:00:00', '2024-06-06 06:00:00', '251', 26, 24, 24, NULL),
('2024-06-05 18:00:00', '2024-06-06 06:00:00', '252', 26, 24, 23, NULL),
('2024-06-05 18:00:00', '2024-06-06 06:00:00', '253', 26, 24, 23, NULL),
('2024-06-05 18:00:00', '2024-06-06 06:00:00', '302', 26, 25, 23, NULL),
('2024-06-05 18:00:00', '2024-06-06 06:00:00', '303', 26, 24, 23, NULL),
('2024-06-05 18:00:00', '2024-06-06 06:00:00', '304', 26, 24, 23, NULL),
('2024-06-05 18:00:00', '2024-06-06 06:00:00', '305', 26, 24, 23, NULL),
('2024-06-05 18:00:00', '2024-06-06 06:00:00', '306', 26, 24, 22, NULL),
('2024-06-05 18:00:00', '2024-06-06 06:00:00', '308', 26, 25, 23, NULL),
('2024-06-05 18:00:00', '2024-06-06 06:00:00', '310', 26, 24, 22, NULL),
('2024-06-05 18:00:00', '2024-06-06 06:00:00', '311', 7, 23, 21, NULL),
('2024-06-05 18:00:00', '2024-06-06 06:00:00', '312', 26, 24, 22, NULL),
('2024-06-05 18:00:00', '2024-06-06 06:00:00', '313', 26, 22, 20, NULL),
('2024-06-05 18:00:00', '2024-06-06 06:00:00', '314', 26, 24, 22, NULL),
('2024-06-05 18:00:00', '2024-06-06 06:00:00', '315', 26, 25, 22, NULL),
('2024-06-05 18:00:00', '2024-06-06 06:00:00', '320', 26, 24, 23, NULL),
('2024-06-05 18:00:00', '2024-06-06 06:00:00', '324', 26, 23, 23, NULL),
('2024-06-05 18:00:00', '2024-06-06 06:00:00', '325', 26, 23, 22, NULL),
('2024-06-05 18:00:00', '2024-06-06 06:00:00', '326', 26, 23, 22, NULL),
('2024-06-05 18:00:00', '2024-06-06 06:00:00', '327', 26, 24, 23, NULL),
('2024-06-05 18:00:00', '2024-06-06 06:00:00', '328', 26, 24, 24, NULL),
('2024-06-05 18:00:00', '2024-06-06 06:00:00', '330', 26, 24, 23, NULL),
('2024-06-05 18:00:00', '2024-06-06 06:00:00', '333', 26, 24, 23, NULL),
('2024-06-05 18:00:00', '2024-06-06 06:00:00', '334', 26, 24, 23, NULL),
('2024-06-05 18:00:00', '2024-06-06 06:00:00', '335', 26, 24, 23, NULL),
('2024-06-05 18:00:00', '2024-06-06 06:00:00', '336', 26, 22, 21, NULL),
('2024-06-05 18:00:00', '2024-06-06 06:00:00', '337', 26, 24, 24, NULL),
('2024-06-05 18:00:00', '2024-06-06 06:00:00', '338', 26, 24, 23, NULL),
('2024-06-05 18:00:00', '2024-06-06 06:00:00', '350', 7, 25, 24, NULL),
('2024-06-05 18:00:00', '2024-06-06 06:00:00', '351', 26, 25, 23, NULL),
('2024-06-05 18:00:00', '2024-06-06 06:00:00', '352', 26, 24, 23, NULL),
('2024-06-05 18:00:00', '2024-06-06 06:00:00', '353', 26, 23, 22, NULL),
('2024-06-05 18:00:00', '2024-06-06 06:00:00', '354', 7, 24, 22, NULL),
('2024-06-05 18:00:00', '2024-06-06 06:00:00', '356', 7, 25, 24, NULL);
INSERT INTO `weather_forecast` (`Start_Time`, `End_Time`, `District_ID`, `Weather_Type_ID`, `MaxTemperature`, `MinTemperature`, `Remarks`) VALUES
('2024-06-05 18:00:00', '2024-06-06 06:00:00', '357', 7, 25, 24, NULL),
('2024-06-05 18:00:00', '2024-06-06 06:00:00', '358', 7, 25, 24, NULL),
('2024-06-05 18:00:00', '2024-06-06 06:00:00', '360', 7, 25, 23, NULL),
('2024-06-05 18:00:00', '2024-06-06 06:00:00', '361', 7, 25, 23, NULL),
('2024-06-05 18:00:00', '2024-06-06 06:00:00', '362', 7, 25, 23, NULL),
('2024-06-05 18:00:00', '2024-06-06 06:00:00', '363', 7, 25, 23, NULL),
('2024-06-05 18:00:00', '2024-06-06 06:00:00', '364', 26, 24, 22, NULL),
('2024-06-05 18:00:00', '2024-06-06 06:00:00', '365', 7, 23, 21, NULL),
('2024-06-05 18:00:00', '2024-06-06 06:00:00', '366', 26, 25, 23, NULL),
('2024-06-05 18:00:00', '2024-06-06 06:00:00', '367', 7, 24, 22, NULL),
('2024-06-05 18:00:00', '2024-06-06 06:00:00', '368', 7, 25, 23, NULL),
('2024-06-05 18:00:00', '2024-06-06 06:00:00', '369', 26, 24, 23, NULL),
('2024-06-05 18:00:00', '2024-06-06 06:00:00', '406', 7, 26, 24, NULL),
('2024-06-05 18:00:00', '2024-06-06 06:00:00', '407', 7, 26, 24, NULL),
('2024-06-05 18:00:00', '2024-06-06 06:00:00', '408', 7, 26, 25, NULL),
('2024-06-05 18:00:00', '2024-06-06 06:00:00', '411', 7, 26, 25, NULL),
('2024-06-05 18:00:00', '2024-06-06 06:00:00', '412', 7, 26, 25, NULL),
('2024-06-05 18:00:00', '2024-06-06 06:00:00', '413', 7, 26, 24, NULL),
('2024-06-05 18:00:00', '2024-06-06 06:00:00', '414', 7, 26, 25, NULL),
('2024-06-05 18:00:00', '2024-06-06 06:00:00', '420', 7, 26, 24, NULL),
('2024-06-05 18:00:00', '2024-06-06 06:00:00', '421', 7, 25, 23, NULL),
('2024-06-05 18:00:00', '2024-06-06 06:00:00', '422', 7, 24, 23, NULL),
('2024-06-05 18:00:00', '2024-06-06 06:00:00', '423', 7, 24, 23, NULL),
('2024-06-05 18:00:00', '2024-06-06 06:00:00', '424', 7, 22, 22, NULL),
('2024-06-05 18:00:00', '2024-06-06 06:00:00', '426', 7, 24, 22, NULL),
('2024-06-05 18:00:00', '2024-06-06 06:00:00', '427', 7, 26, 24, NULL),
('2024-06-05 18:00:00', '2024-06-06 06:00:00', '428', 7, 25, 24, NULL),
('2024-06-05 18:00:00', '2024-06-06 06:00:00', '429', 7, 25, 24, NULL),
('2024-06-05 18:00:00', '2024-06-06 06:00:00', '432', 7, 26, 25, NULL),
('2024-06-05 18:00:00', '2024-06-06 06:00:00', '433', 7, 26, 25, NULL),
('2024-06-05 18:00:00', '2024-06-06 06:00:00', '434', 7, 26, 25, NULL),
('2024-06-05 18:00:00', '2024-06-06 06:00:00', '435', 7, 26, 25, NULL),
('2024-06-05 18:00:00', '2024-06-06 06:00:00', '436', 7, 25, 25, NULL),
('2024-06-05 18:00:00', '2024-06-06 06:00:00', '437', 7, 25, 24, NULL),
('2024-06-05 18:00:00', '2024-06-06 06:00:00', '438', 7, 25, 24, NULL),
('2024-06-05 18:00:00', '2024-06-06 06:00:00', '500', 7, 26, 25, NULL),
('2024-06-05 18:00:00', '2024-06-06 06:00:00', '502', 7, 26, 24, NULL),
('2024-06-05 18:00:00', '2024-06-06 06:00:00', '503', 7, 26, 25, NULL),
('2024-06-05 18:00:00', '2024-06-06 06:00:00', '504', 7, 26, 25, NULL),
('2024-06-05 18:00:00', '2024-06-06 06:00:00', '505', 7, 27, 25, NULL),
('2024-06-05 18:00:00', '2024-06-06 06:00:00', '506', 7, 27, 25, NULL),
('2024-06-05 18:00:00', '2024-06-06 06:00:00', '507', 7, 26, 25, NULL),
('2024-06-05 18:00:00', '2024-06-06 06:00:00', '508', 7, 26, 25, NULL),
('2024-06-05 18:00:00', '2024-06-06 06:00:00', '509', 7, 26, 25, NULL),
('2024-06-05 18:00:00', '2024-06-06 06:00:00', '511', 7, 26, 25, NULL),
('2024-06-05 18:00:00', '2024-06-06 06:00:00', '512', 7, 27, 25, NULL),
('2024-06-05 18:00:00', '2024-06-06 06:00:00', '513', 7, 26, 25, NULL),
('2024-06-05 18:00:00', '2024-06-06 06:00:00', '514', 7, 27, 25, NULL),
('2024-06-05 18:00:00', '2024-06-06 06:00:00', '515', 7, 26, 25, NULL),
('2024-06-05 18:00:00', '2024-06-06 06:00:00', '516', 7, 27, 25, NULL),
('2024-06-05 18:00:00', '2024-06-06 06:00:00', '520', 7, 26, 25, NULL),
('2024-06-05 18:00:00', '2024-06-06 06:00:00', '521', 7, 26, 25, NULL),
('2024-06-05 18:00:00', '2024-06-06 06:00:00', '522', 7, 27, 25, NULL),
('2024-06-05 18:00:00', '2024-06-06 06:00:00', '523', 7, 26, 25, NULL),
('2024-06-05 18:00:00', '2024-06-06 06:00:00', '524', 7, 26, 25, NULL),
('2024-06-05 18:00:00', '2024-06-06 06:00:00', '525', 7, 26, 25, NULL),
('2024-06-05 18:00:00', '2024-06-06 06:00:00', '526', 7, 26, 25, NULL),
('2024-06-05 18:00:00', '2024-06-06 06:00:00', '527', 7, 26, 25, NULL),
('2024-06-05 18:00:00', '2024-06-06 06:00:00', '528', 7, 26, 25, NULL),
('2024-06-05 18:00:00', '2024-06-06 06:00:00', '530', 7, 26, 24, NULL),
('2024-06-05 18:00:00', '2024-06-06 06:00:00', '540', 7, 25, 24, NULL),
('2024-06-05 18:00:00', '2024-06-06 06:00:00', '541', 7, 25, 24, NULL),
('2024-06-05 18:00:00', '2024-06-06 06:00:00', '542', 7, 25, 24, NULL),
('2024-06-05 18:00:00', '2024-06-06 06:00:00', '544', 7, 24, 23, NULL),
('2024-06-05 18:00:00', '2024-06-06 06:00:00', '545', 26, 23, 22, NULL),
('2024-06-05 18:00:00', '2024-06-06 06:00:00', '546', 7, 20, 19, NULL),
('2024-06-05 18:00:00', '2024-06-06 06:00:00', '551', 7, 25, 23, NULL),
('2024-06-05 18:00:00', '2024-06-06 06:00:00', '552', 7, 24, 23, NULL),
('2024-06-05 18:00:00', '2024-06-06 06:00:00', '553', 26, 23, 23, NULL),
('2024-06-05 18:00:00', '2024-06-06 06:00:00', '555', 26, 21, 21, NULL),
('2024-06-05 18:00:00', '2024-06-06 06:00:00', '556', 26, 22, 21, NULL),
('2024-06-05 18:00:00', '2024-06-06 06:00:00', '557', 7, 25, 24, NULL),
('2024-06-05 18:00:00', '2024-06-06 06:00:00', '558', 26, 22, 21, NULL),
('2024-06-05 18:00:00', '2024-06-06 06:00:00', '602', 26, 25, 23, NULL),
('2024-06-05 18:00:00', '2024-06-06 06:00:00', '603', 26, 24, 23, NULL),
('2024-06-05 18:00:00', '2024-06-06 06:00:00', '604', 26, 25, 23, NULL),
('2024-06-05 18:00:00', '2024-06-06 06:00:00', '606', 26, 25, 24, NULL),
('2024-06-05 18:00:00', '2024-06-06 06:00:00', '607', 26, 25, 23, NULL),
('2024-06-05 18:00:00', '2024-06-06 06:00:00', '608', 26, 26, 24, NULL),
('2024-06-05 18:00:00', '2024-06-06 06:00:00', '611', 26, 27, 24, NULL),
('2024-06-05 18:00:00', '2024-06-06 06:00:00', '612', 26, 27, 24, NULL),
('2024-06-05 18:00:00', '2024-06-06 06:00:00', '613', 26, 27, 25, NULL),
('2024-06-05 18:00:00', '2024-06-06 06:00:00', '614', 26, 27, 25, NULL),
('2024-06-05 18:00:00', '2024-06-06 06:00:00', '615', 26, 27, 25, NULL),
('2024-06-05 18:00:00', '2024-06-06 06:00:00', '616', 26, 26, 25, NULL),
('2024-06-05 18:00:00', '2024-06-06 06:00:00', '621', 26, 26, 24, NULL),
('2024-06-05 18:00:00', '2024-06-06 06:00:00', '622', 7, 26, 24, NULL),
('2024-06-05 18:00:00', '2024-06-06 06:00:00', '623', 26, 26, 25, NULL),
('2024-06-05 18:00:00', '2024-06-06 06:00:00', '624', 26, 27, 25, NULL),
('2024-06-05 18:00:00', '2024-06-06 06:00:00', '625', 26, 27, 25, NULL),
('2024-06-05 18:00:00', '2024-06-06 06:00:00', '630', 7, 26, 24, NULL),
('2024-06-05 18:00:00', '2024-06-06 06:00:00', '631', 7, 26, 24, NULL),
('2024-06-05 18:00:00', '2024-06-06 06:00:00', '632', 7, 26, 24, NULL),
('2024-06-05 18:00:00', '2024-06-06 06:00:00', '633', 7, 26, 25, NULL),
('2024-06-05 18:00:00', '2024-06-06 06:00:00', '634', 7, 26, 25, NULL),
('2024-06-05 18:00:00', '2024-06-06 06:00:00', '635', 7, 26, 25, NULL),
('2024-06-05 18:00:00', '2024-06-06 06:00:00', '636', 7, 26, 25, NULL),
('2024-06-05 18:00:00', '2024-06-06 06:00:00', '637', 7, 26, 24, NULL),
('2024-06-05 18:00:00', '2024-06-06 06:00:00', '638', 7, 26, 25, NULL),
('2024-06-05 18:00:00', '2024-06-06 06:00:00', '640', 7, 25, 24, NULL),
('2024-06-05 18:00:00', '2024-06-06 06:00:00', '643', 7, 25, 24, NULL),
('2024-06-05 18:00:00', '2024-06-06 06:00:00', '646', 7, 25, 24, NULL),
('2024-06-05 18:00:00', '2024-06-06 06:00:00', '647', 7, 26, 24, NULL),
('2024-06-05 18:00:00', '2024-06-06 06:00:00', '648', 7, 26, 24, NULL),
('2024-06-05 18:00:00', '2024-06-06 06:00:00', '649', 7, 26, 24, NULL),
('2024-06-05 18:00:00', '2024-06-06 06:00:00', '651', 26, 26, 25, NULL),
('2024-06-05 18:00:00', '2024-06-06 06:00:00', '652', 26, 26, 25, NULL),
('2024-06-05 18:00:00', '2024-06-06 06:00:00', '653', 26, 26, 25, NULL),
('2024-06-05 18:00:00', '2024-06-06 06:00:00', '654', 7, 27, 25, NULL),
('2024-06-05 18:00:00', '2024-06-06 06:00:00', '655', 26, 26, 25, NULL),
('2024-06-05 18:00:00', '2024-06-06 06:00:00', '700', 26, 28, 26, NULL),
('2024-06-05 18:00:00', '2024-06-06 06:00:00', '701', 26, 28, 26, NULL),
('2024-06-05 18:00:00', '2024-06-06 06:00:00', '702', 7, 28, 26, NULL),
('2024-06-05 18:00:00', '2024-06-06 06:00:00', '704', 26, 28, 26, NULL),
('2024-06-05 18:00:00', '2024-06-06 06:00:00', '708', 26, 28, 26, NULL),
('2024-06-05 18:00:00', '2024-06-06 06:00:00', '709', 26, 28, 26, NULL),
('2024-06-05 18:00:00', '2024-06-06 06:00:00', '710', 26, 28, 25, NULL),
('2024-06-05 18:00:00', '2024-06-06 06:00:00', '711', 26, 27, 25, NULL),
('2024-06-05 18:00:00', '2024-06-06 06:00:00', '712', 26, 28, 25, NULL),
('2024-06-05 18:00:00', '2024-06-06 06:00:00', '713', 26, 27, 25, NULL),
('2024-06-05 18:00:00', '2024-06-06 06:00:00', '714', 26, 27, 25, NULL),
('2024-06-05 18:00:00', '2024-06-06 06:00:00', '715', 26, 27, 24, NULL),
('2024-06-05 18:00:00', '2024-06-06 06:00:00', '716', 26, 26, 24, NULL),
('2024-06-05 18:00:00', '2024-06-06 06:00:00', '717', 26, 28, 25, NULL),
('2024-06-05 18:00:00', '2024-06-06 06:00:00', '718', 26, 28, 25, NULL),
('2024-06-05 18:00:00', '2024-06-06 06:00:00', '719', 26, 27, 25, NULL),
('2024-06-05 18:00:00', '2024-06-06 06:00:00', '720', 26, 28, 25, NULL),
('2024-06-05 18:00:00', '2024-06-06 06:00:00', '721', 26, 28, 25, NULL),
('2024-06-05 18:00:00', '2024-06-06 06:00:00', '722', 26, 28, 25, NULL),
('2024-06-05 18:00:00', '2024-06-06 06:00:00', '723', 26, 28, 25, NULL),
('2024-06-05 18:00:00', '2024-06-06 06:00:00', '725', 26, 28, 25, NULL),
('2024-06-05 18:00:00', '2024-06-06 06:00:00', '726', 26, 28, 25, NULL),
('2024-06-05 18:00:00', '2024-06-06 06:00:00', '727', 26, 27, 25, NULL),
('2024-06-05 18:00:00', '2024-06-06 06:00:00', '730', 26, 27, 25, NULL),
('2024-06-05 18:00:00', '2024-06-06 06:00:00', '731', 26, 27, 24, NULL),
('2024-06-05 18:00:00', '2024-06-06 06:00:00', '732', 26, 26, 24, NULL),
('2024-06-05 18:00:00', '2024-06-06 06:00:00', '733', 26, 27, 24, NULL),
('2024-06-05 18:00:00', '2024-06-06 06:00:00', '734', 26, 27, 25, NULL),
('2024-06-05 18:00:00', '2024-06-06 06:00:00', '735', 26, 28, 25, NULL),
('2024-06-05 18:00:00', '2024-06-06 06:00:00', '736', 26, 27, 25, NULL),
('2024-06-05 18:00:00', '2024-06-06 06:00:00', '737', 26, 27, 25, NULL),
('2024-06-05 18:00:00', '2024-06-06 06:00:00', '741', 26, 28, 25, NULL),
('2024-06-05 18:00:00', '2024-06-06 06:00:00', '742', 26, 28, 25, NULL),
('2024-06-05 18:00:00', '2024-06-06 06:00:00', '743', 26, 28, 25, NULL),
('2024-06-05 18:00:00', '2024-06-06 06:00:00', '744', 26, 28, 25, NULL),
('2024-06-05 18:00:00', '2024-06-06 06:00:00', '745', 26, 28, 25, NULL),
('2024-06-05 18:00:00', '2024-06-06 06:00:00', '800', 7, 29, 26, NULL),
('2024-06-05 18:00:00', '2024-06-06 06:00:00', '801', 7, 29, 26, NULL),
('2024-06-05 18:00:00', '2024-06-06 06:00:00', '802', 7, 29, 26, NULL),
('2024-06-05 18:00:00', '2024-06-06 06:00:00', '803', 7, 29, 26, NULL),
('2024-06-05 18:00:00', '2024-06-06 06:00:00', '804', 7, 29, 26, NULL),
('2024-06-05 18:00:00', '2024-06-06 06:00:00', '805', 7, 29, 26, NULL),
('2024-06-05 18:00:00', '2024-06-06 06:00:00', '806', 7, 29, 27, NULL),
('2024-06-05 18:00:00', '2024-06-06 06:00:00', '807', 6, 29, 26, NULL),
('2024-06-05 18:00:00', '2024-06-06 06:00:00', '811', 6, 29, 26, NULL),
('2024-06-05 18:00:00', '2024-06-06 06:00:00', '812', 7, 29, 26, NULL),
('2024-06-05 18:00:00', '2024-06-06 06:00:00', '813', 6, 29, 26, NULL),
('2024-06-05 18:00:00', '2024-06-06 06:00:00', '814', 7, 29, 26, NULL),
('2024-06-05 18:00:00', '2024-06-06 06:00:00', '815', 7, 29, 25, NULL),
('2024-06-05 18:00:00', '2024-06-06 06:00:00', '820', 7, 29, 26, NULL),
('2024-06-05 18:00:00', '2024-06-06 06:00:00', '821', 7, 28, 25, NULL),
('2024-06-05 18:00:00', '2024-06-06 06:00:00', '822', 26, 27, 25, NULL),
('2024-06-05 18:00:00', '2024-06-06 06:00:00', '823', 26, 28, 25, NULL),
('2024-06-05 18:00:00', '2024-06-06 06:00:00', '824', 7, 28, 25, NULL),
('2024-06-05 18:00:00', '2024-06-06 06:00:00', '825', 7, 29, 26, NULL),
('2024-06-05 18:00:00', '2024-06-06 06:00:00', '826', 6, 29, 26, NULL),
('2024-06-05 18:00:00', '2024-06-06 06:00:00', '827', 6, 29, 26, NULL),
('2024-06-05 18:00:00', '2024-06-06 06:00:00', '828', 6, 28, 26, NULL),
('2024-06-05 18:00:00', '2024-06-06 06:00:00', '829', 7, 28, 25, NULL),
('2024-06-05 18:00:00', '2024-06-06 06:00:00', '830', 7, 29, 26, NULL),
('2024-06-05 18:00:00', '2024-06-06 06:00:00', '831', 7, 28, 26, NULL),
('2024-06-05 18:00:00', '2024-06-06 06:00:00', '832', 7, 29, 26, NULL),
('2024-06-05 18:00:00', '2024-06-06 06:00:00', '833', 7, 29, 26, NULL),
('2024-06-05 18:00:00', '2024-06-06 06:00:00', '840', 7, 28, 25, NULL),
('2024-06-05 18:00:00', '2024-06-06 06:00:00', '842', 26, 28, 25, NULL),
('2024-06-05 18:00:00', '2024-06-06 06:00:00', '843', 26, 28, 25, NULL),
('2024-06-05 18:00:00', '2024-06-06 06:00:00', '844', 26, 26, 23, NULL),
('2024-06-05 18:00:00', '2024-06-06 06:00:00', '845', 26, 28, 25, NULL),
('2024-06-05 18:00:00', '2024-06-06 06:00:00', '846', 26, 28, 24, NULL),
('2024-06-05 18:00:00', '2024-06-06 06:00:00', '847', 26, 25, 23, NULL),
('2024-06-05 18:00:00', '2024-06-06 06:00:00', '848', 26, 22, 21, NULL),
('2024-06-05 18:00:00', '2024-06-06 06:00:00', '849', 26, 20, 20, NULL),
('2024-06-05 18:00:00', '2024-06-06 06:00:00', '851', 26, 26, 24, NULL),
('2024-06-05 18:00:00', '2024-06-06 06:00:00', '852', 7, 28, 26, NULL),
('2024-06-05 18:00:00', '2024-06-06 06:00:00', '880', 26, 26, 25, NULL),
('2024-06-05 18:00:00', '2024-06-06 06:00:00', '881', 26, 26, 25, NULL),
('2024-06-05 18:00:00', '2024-06-06 06:00:00', '882', 7, 26, 25, NULL),
('2024-06-05 18:00:00', '2024-06-06 06:00:00', '883', 6, 26, 25, NULL),
('2024-06-05 18:00:00', '2024-06-06 06:00:00', '884', 26, 26, 25, NULL),
('2024-06-05 18:00:00', '2024-06-06 06:00:00', '885', 26, 26, 25, NULL),
('2024-06-05 18:00:00', '2024-06-06 06:00:00', '890', 26, 23, 22, NULL),
('2024-06-05 18:00:00', '2024-06-06 06:00:00', '891', 26, 23, 22, NULL),
('2024-06-05 18:00:00', '2024-06-06 06:00:00', '892', 26, 23, 22, NULL),
('2024-06-05 18:00:00', '2024-06-06 06:00:00', '893', 26, 23, 22, NULL),
('2024-06-05 18:00:00', '2024-06-06 06:00:00', '894', 26, 23, 22, NULL),
('2024-06-05 18:00:00', '2024-06-06 06:00:00', '896', 26, 25, 24, NULL),
('2024-06-05 18:00:00', '2024-06-06 06:00:00', '900', 7, 29, 25, NULL),
('2024-06-05 18:00:00', '2024-06-06 06:00:00', '902', 7, 24, 23, NULL),
('2024-06-05 18:00:00', '2024-06-06 06:00:00', '903', 7, 26, 24, NULL),
('2024-06-05 18:00:00', '2024-06-06 06:00:00', '904', 7, 29, 25, NULL),
('2024-06-05 18:00:00', '2024-06-06 06:00:00', '905', 7, 28, 25, NULL),
('2024-06-05 18:00:00', '2024-06-06 06:00:00', '906', 7, 28, 25, NULL),
('2024-06-05 18:00:00', '2024-06-06 06:00:00', '907', 7, 28, 25, NULL),
('2024-06-05 18:00:00', '2024-06-06 06:00:00', '908', 7, 29, 25, NULL),
('2024-06-05 18:00:00', '2024-06-06 06:00:00', '909', 7, 29, 26, NULL),
('2024-06-05 18:00:00', '2024-06-06 06:00:00', '911', 7, 29, 25, NULL),
('2024-06-05 18:00:00', '2024-06-06 06:00:00', '912', 7, 29, 25, NULL),
('2024-06-05 18:00:00', '2024-06-06 06:00:00', '913', 7, 29, 26, NULL),
('2024-06-05 18:00:00', '2024-06-06 06:00:00', '921', 7, 28, 25, NULL),
('2024-06-05 18:00:00', '2024-06-06 06:00:00', '922', 7, 27, 24, NULL),
('2024-06-05 18:00:00', '2024-06-06 06:00:00', '923', 7, 29, 25, NULL),
('2024-06-05 18:00:00', '2024-06-06 06:00:00', '924', 7, 29, 26, NULL),
('2024-06-05 18:00:00', '2024-06-06 06:00:00', '925', 7, 29, 25, NULL),
('2024-06-05 18:00:00', '2024-06-06 06:00:00', '926', 7, 29, 26, NULL),
('2024-06-05 18:00:00', '2024-06-06 06:00:00', '927', 7, 29, 26, NULL),
('2024-06-05 18:00:00', '2024-06-06 06:00:00', '928', 7, 29, 26, NULL),
('2024-06-05 18:00:00', '2024-06-06 06:00:00', '929', 7, 28, 26, NULL),
('2024-06-05 18:00:00', '2024-06-06 06:00:00', '931', 7, 29, 26, NULL),
('2024-06-05 18:00:00', '2024-06-06 06:00:00', '932', 7, 29, 26, NULL),
('2024-06-05 18:00:00', '2024-06-06 06:00:00', '940', 7, 28, 26, NULL),
('2024-06-05 18:00:00', '2024-06-06 06:00:00', '941', 7, 27, 26, NULL),
('2024-06-05 18:00:00', '2024-06-06 06:00:00', '942', 7, 28, 25, NULL),
('2024-06-05 18:00:00', '2024-06-06 06:00:00', '943', 7, 27, 25, NULL),
('2024-06-05 18:00:00', '2024-06-06 06:00:00', '944', 7, 28, 25, NULL),
('2024-06-05 18:00:00', '2024-06-06 06:00:00', '945', 6, 26, 24, NULL),
('2024-06-05 18:00:00', '2024-06-06 06:00:00', '947', 7, 27, 25, NULL),
('2024-06-05 18:00:00', '2024-06-06 06:00:00', '950', 26, 27, 25, NULL),
('2024-06-05 18:00:00', '2024-06-06 06:00:00', '951', 26, 27, 25, NULL),
('2024-06-05 18:00:00', '2024-06-06 06:00:00', '952', 6, 27, 26, NULL),
('2024-06-05 18:00:00', '2024-06-06 06:00:00', '953', 26, 25, 22, NULL),
('2024-06-05 18:00:00', '2024-06-06 06:00:00', '954', 26, 27, 24, NULL),
('2024-06-05 18:00:00', '2024-06-06 06:00:00', '955', 26, 25, 23, NULL),
('2024-06-05 18:00:00', '2024-06-06 06:00:00', '956', 26, 25, 23, NULL),
('2024-06-05 18:00:00', '2024-06-06 06:00:00', '957', 7, 23, 21, NULL),
('2024-06-05 18:00:00', '2024-06-06 06:00:00', '958', 7, 24, 22, NULL),
('2024-06-05 18:00:00', '2024-06-06 06:00:00', '959', 26, 27, 25, NULL),
('2024-06-05 18:00:00', '2024-06-06 06:00:00', '961', 7, 27, 24, NULL),
('2024-06-05 18:00:00', '2024-06-06 06:00:00', '962', 7, 26, 24, NULL),
('2024-06-05 18:00:00', '2024-06-06 06:00:00', '964', 7, 25, 23, NULL),
('2024-06-05 18:00:00', '2024-06-06 06:00:00', '965', 7, 27, 24, NULL),
('2024-06-05 18:00:00', '2024-06-06 06:00:00', '966', 7, 27, 25, NULL),
('2024-06-05 18:00:00', '2024-06-06 06:00:00', '970', 7, 26, 24, NULL),
('2024-06-05 18:00:00', '2024-06-06 06:00:00', '971', 7, 25, 23, NULL),
('2024-06-05 18:00:00', '2024-06-06 06:00:00', '972', 7, 23, 22, NULL),
('2024-06-05 18:00:00', '2024-06-06 06:00:00', '973', 7, 26, 23, NULL),
('2024-06-05 18:00:00', '2024-06-06 06:00:00', '974', 7, 25, 23, NULL),
('2024-06-05 18:00:00', '2024-06-06 06:00:00', '975', 7, 24, 23, NULL),
('2024-06-05 18:00:00', '2024-06-06 06:00:00', '976', 7, 24, 22, NULL),
('2024-06-05 18:00:00', '2024-06-06 06:00:00', '977', 26, 25, 23, NULL),
('2024-06-05 18:00:00', '2024-06-06 06:00:00', '978', 7, 25, 23, NULL),
('2024-06-05 18:00:00', '2024-06-06 06:00:00', '979', 7, 24, 22, NULL),
('2024-06-05 18:00:00', '2024-06-06 06:00:00', '981', 7, 25, 22, NULL),
('2024-06-05 18:00:00', '2024-06-06 06:00:00', '982', 7, 23, 21, NULL),
('2024-06-05 18:00:00', '2024-06-06 06:00:00', '983', 7, 24, 22, NULL),
('2024-06-06 06:00:00', '2024-06-06 18:00:00', '100', 26, 27, 24, NULL),
('2024-06-06 06:00:00', '2024-06-06 18:00:00', '103', 26, 27, 24, NULL),
('2024-06-06 06:00:00', '2024-06-06 18:00:00', '104', 26, 27, 24, NULL),
('2024-06-06 06:00:00', '2024-06-06 18:00:00', '105', 26, 27, 24, NULL),
('2024-06-06 06:00:00', '2024-06-06 18:00:00', '106', 26, 27, 24, NULL),
('2024-06-06 06:00:00', '2024-06-06 18:00:00', '108', 26, 27, 24, NULL),
('2024-06-06 06:00:00', '2024-06-06 18:00:00', '110', 26, 27, 24, NULL),
('2024-06-06 06:00:00', '2024-06-06 18:00:00', '111', 26, 27, 24, NULL),
('2024-06-06 06:00:00', '2024-06-06 18:00:00', '112', 26, 27, 24, NULL),
('2024-06-06 06:00:00', '2024-06-06 18:00:00', '114', 26, 27, 24, NULL),
('2024-06-06 06:00:00', '2024-06-06 18:00:00', '115', 26, 26, 24, NULL),
('2024-06-06 06:00:00', '2024-06-06 18:00:00', '116', 26, 26, 23, NULL),
('2024-06-06 06:00:00', '2024-06-06 18:00:00', '200', 26, 25, 23, NULL),
('2024-06-06 06:00:00', '2024-06-06 18:00:00', '204', 26, 25, 23, NULL),
('2024-06-06 06:00:00', '2024-06-06 18:00:00', '205', 26, 25, 23, NULL),
('2024-06-06 06:00:00', '2024-06-06 18:00:00', '206', 26, 25, 23, NULL),
('2024-06-06 06:00:00', '2024-06-06 18:00:00', '207', 26, 25, 23, NULL),
('2024-06-06 06:00:00', '2024-06-06 18:00:00', '208', 26, 25, 23, NULL),
('2024-06-06 06:00:00', '2024-06-06 18:00:00', '209', 26, 24, 22, NULL),
('2024-06-06 06:00:00', '2024-06-06 18:00:00', '210', 26, 25, 22, NULL),
('2024-06-06 06:00:00', '2024-06-06 18:00:00', '211', 26, 25, 22, NULL),
('2024-06-06 06:00:00', '2024-06-06 18:00:00', '212', 26, 25, 23, NULL),
('2024-06-06 06:00:00', '2024-06-06 18:00:00', '220', 26, 27, 24, NULL),
('2024-06-06 06:00:00', '2024-06-06 18:00:00', '221', 26, 25, 23, NULL),
('2024-06-06 06:00:00', '2024-06-06 18:00:00', '222', 26, 26, 23, NULL),
('2024-06-06 06:00:00', '2024-06-06 18:00:00', '223', 26, 25, 22, NULL),
('2024-06-06 06:00:00', '2024-06-06 18:00:00', '224', 26, 24, 23, NULL),
('2024-06-06 06:00:00', '2024-06-06 18:00:00', '226', 26, 24, 21, NULL),
('2024-06-06 06:00:00', '2024-06-06 18:00:00', '227', 26, 26, 23, NULL),
('2024-06-06 06:00:00', '2024-06-06 18:00:00', '228', 26, 25, 23, NULL),
('2024-06-06 06:00:00', '2024-06-06 18:00:00', '231', 26, 27, 23, NULL),
('2024-06-06 06:00:00', '2024-06-06 18:00:00', '232', 26, 25, 21, NULL),
('2024-06-06 06:00:00', '2024-06-06 18:00:00', '233', 26, 24, 20, NULL),
('2024-06-06 06:00:00', '2024-06-06 18:00:00', '234', 26, 27, 24, NULL),
('2024-06-06 06:00:00', '2024-06-06 18:00:00', '235', 26, 27, 24, NULL),
('2024-06-06 06:00:00', '2024-06-06 18:00:00', '236', 26, 27, 24, NULL),
('2024-06-06 06:00:00', '2024-06-06 18:00:00', '237', 26, 27, 23, NULL),
('2024-06-06 06:00:00', '2024-06-06 18:00:00', '238', 26, 27, 24, NULL),
('2024-06-06 06:00:00', '2024-06-06 18:00:00', '239', 26, 27, 23, NULL),
('2024-06-06 06:00:00', '2024-06-06 18:00:00', '241', 26, 27, 24, NULL),
('2024-06-06 06:00:00', '2024-06-06 18:00:00', '242', 26, 27, 24, NULL),
('2024-06-06 06:00:00', '2024-06-06 18:00:00', '243', 26, 27, 24, NULL),
('2024-06-06 06:00:00', '2024-06-06 18:00:00', '244', 26, 25, 23, NULL),
('2024-06-06 06:00:00', '2024-06-06 18:00:00', '247', 26, 27, 24, NULL),
('2024-06-06 06:00:00', '2024-06-06 18:00:00', '248', 26, 27, 24, NULL),
('2024-06-06 06:00:00', '2024-06-06 18:00:00', '249', 26, 26, 24, NULL),
('2024-06-06 06:00:00', '2024-06-06 18:00:00', '251', 26, 26, 24, NULL),
('2024-06-06 06:00:00', '2024-06-06 18:00:00', '252', 26, 25, 23, NULL),
('2024-06-06 06:00:00', '2024-06-06 18:00:00', '253', 26, 25, 23, NULL),
('2024-06-06 06:00:00', '2024-06-06 18:00:00', '302', 26, 27, 23, NULL),
('2024-06-06 06:00:00', '2024-06-06 18:00:00', '303', 26, 26, 23, NULL),
('2024-06-06 06:00:00', '2024-06-06 18:00:00', '304', 26, 27, 24, NULL),
('2024-06-06 06:00:00', '2024-06-06 18:00:00', '305', 26, 27, 23, NULL),
('2024-06-06 06:00:00', '2024-06-06 18:00:00', '306', 26, 27, 22, NULL),
('2024-06-06 06:00:00', '2024-06-06 18:00:00', '308', 26, 27, 23, NULL),
('2024-06-06 06:00:00', '2024-06-06 18:00:00', '310', 26, 27, 22, NULL),
('2024-06-06 06:00:00', '2024-06-06 18:00:00', '311', 26, 25, 21, NULL),
('2024-06-06 06:00:00', '2024-06-06 18:00:00', '312', 26, 27, 22, NULL),
('2024-06-06 06:00:00', '2024-06-06 18:00:00', '313', 26, 24, 20, NULL),
('2024-06-06 06:00:00', '2024-06-06 18:00:00', '314', 26, 27, 22, NULL),
('2024-06-06 06:00:00', '2024-06-06 18:00:00', '315', 26, 27, 22, NULL),
('2024-06-06 06:00:00', '2024-06-06 18:00:00', '320', 26, 26, 23, NULL),
('2024-06-06 06:00:00', '2024-06-06 18:00:00', '324', 26, 25, 23, NULL),
('2024-06-06 06:00:00', '2024-06-06 18:00:00', '325', 26, 25, 22, NULL),
('2024-06-06 06:00:00', '2024-06-06 18:00:00', '326', 26, 25, 22, NULL),
('2024-06-06 06:00:00', '2024-06-06 18:00:00', '327', 26, 26, 23, NULL),
('2024-06-06 06:00:00', '2024-06-06 18:00:00', '328', 26, 26, 24, NULL),
('2024-06-06 06:00:00', '2024-06-06 18:00:00', '330', 26, 26, 23, NULL),
('2024-06-06 06:00:00', '2024-06-06 18:00:00', '333', 26, 26, 23, NULL),
('2024-06-06 06:00:00', '2024-06-06 18:00:00', '334', 26, 26, 23, NULL),
('2024-06-06 06:00:00', '2024-06-06 18:00:00', '335', 26, 26, 23, NULL),
('2024-06-06 06:00:00', '2024-06-06 18:00:00', '336', 26, 25, 21, NULL),
('2024-06-06 06:00:00', '2024-06-06 18:00:00', '337', 26, 26, 24, NULL),
('2024-06-06 06:00:00', '2024-06-06 18:00:00', '338', 26, 26, 23, NULL),
('2024-06-06 06:00:00', '2024-06-06 18:00:00', '350', 26, 28, 24, NULL),
('2024-06-06 06:00:00', '2024-06-06 18:00:00', '351', 26, 28, 23, NULL),
('2024-06-06 06:00:00', '2024-06-06 18:00:00', '352', 26, 27, 23, NULL),
('2024-06-06 06:00:00', '2024-06-06 18:00:00', '353', 26, 26, 22, NULL),
('2024-06-06 06:00:00', '2024-06-06 18:00:00', '354', 26, 27, 22, NULL),
('2024-06-06 06:00:00', '2024-06-06 18:00:00', '356', 26, 27, 24, NULL),
('2024-06-06 06:00:00', '2024-06-06 18:00:00', '357', 26, 27, 24, NULL),
('2024-06-06 06:00:00', '2024-06-06 18:00:00', '358', 26, 27, 24, NULL),
('2024-06-06 06:00:00', '2024-06-06 18:00:00', '360', 26, 28, 23, NULL),
('2024-06-06 06:00:00', '2024-06-06 18:00:00', '361', 26, 28, 23, NULL),
('2024-06-06 06:00:00', '2024-06-06 18:00:00', '362', 26, 28, 23, NULL),
('2024-06-06 06:00:00', '2024-06-06 18:00:00', '363', 26, 28, 23, NULL),
('2024-06-06 06:00:00', '2024-06-06 18:00:00', '364', 26, 27, 22, NULL),
('2024-06-06 06:00:00', '2024-06-06 18:00:00', '365', 26, 26, 21, NULL),
('2024-06-06 06:00:00', '2024-06-06 18:00:00', '366', 26, 28, 23, NULL),
('2024-06-06 06:00:00', '2024-06-06 18:00:00', '367', 26, 27, 22, NULL),
('2024-06-06 06:00:00', '2024-06-06 18:00:00', '368', 26, 27, 23, NULL),
('2024-06-06 06:00:00', '2024-06-06 18:00:00', '369', 26, 28, 23, NULL),
('2024-06-06 06:00:00', '2024-06-06 18:00:00', '406', 26, 30, 24, NULL),
('2024-06-06 06:00:00', '2024-06-06 18:00:00', '407', 26, 29, 24, NULL),
('2024-06-06 06:00:00', '2024-06-06 18:00:00', '408', 26, 30, 25, NULL),
('2024-06-06 06:00:00', '2024-06-06 18:00:00', '411', 26, 30, 25, NULL),
('2024-06-06 06:00:00', '2024-06-06 18:00:00', '412', 26, 30, 25, NULL),
('2024-06-06 06:00:00', '2024-06-06 18:00:00', '413', 26, 30, 24, NULL),
('2024-06-06 06:00:00', '2024-06-06 18:00:00', '414', 26, 30, 25, NULL),
('2024-06-06 06:00:00', '2024-06-06 18:00:00', '420', 26, 29, 24, NULL),
('2024-06-06 06:00:00', '2024-06-06 18:00:00', '421', 26, 28, 23, NULL),
('2024-06-06 06:00:00', '2024-06-06 18:00:00', '422', 26, 28, 23, NULL),
('2024-06-06 06:00:00', '2024-06-06 18:00:00', '423', 26, 28, 23, NULL),
('2024-06-06 06:00:00', '2024-06-06 18:00:00', '424', 7, 27, 22, NULL),
('2024-06-06 06:00:00', '2024-06-06 18:00:00', '426', 26, 28, 22, NULL),
('2024-06-06 06:00:00', '2024-06-06 18:00:00', '427', 26, 29, 24, NULL),
('2024-06-06 06:00:00', '2024-06-06 18:00:00', '428', 26, 28, 24, NULL),
('2024-06-06 06:00:00', '2024-06-06 18:00:00', '429', 26, 28, 24, NULL),
('2024-06-06 06:00:00', '2024-06-06 18:00:00', '432', 26, 29, 25, NULL),
('2024-06-06 06:00:00', '2024-06-06 18:00:00', '433', 26, 28, 25, NULL),
('2024-06-06 06:00:00', '2024-06-06 18:00:00', '434', 26, 28, 25, NULL),
('2024-06-06 06:00:00', '2024-06-06 18:00:00', '435', 26, 28, 25, NULL),
('2024-06-06 06:00:00', '2024-06-06 18:00:00', '436', 26, 28, 25, NULL),
('2024-06-06 06:00:00', '2024-06-06 18:00:00', '437', 26, 27, 24, NULL),
('2024-06-06 06:00:00', '2024-06-06 18:00:00', '438', 26, 27, 24, NULL),
('2024-06-06 06:00:00', '2024-06-06 18:00:00', '500', 7, 30, 25, NULL),
('2024-06-06 06:00:00', '2024-06-06 18:00:00', '502', 26, 30, 24, NULL),
('2024-06-06 06:00:00', '2024-06-06 18:00:00', '503', 7, 30, 25, NULL),
('2024-06-06 06:00:00', '2024-06-06 18:00:00', '504', 7, 30, 25, NULL),
('2024-06-06 06:00:00', '2024-06-06 18:00:00', '505', 7, 29, 25, NULL),
('2024-06-06 06:00:00', '2024-06-06 18:00:00', '506', 7, 29, 25, NULL),
('2024-06-06 06:00:00', '2024-06-06 18:00:00', '507', 7, 28, 25, NULL),
('2024-06-06 06:00:00', '2024-06-06 18:00:00', '508', 26, 29, 25, NULL),
('2024-06-06 06:00:00', '2024-06-06 18:00:00', '509', 26, 28, 25, NULL),
('2024-06-06 06:00:00', '2024-06-06 18:00:00', '511', 7, 31, 25, NULL),
('2024-06-06 06:00:00', '2024-06-06 18:00:00', '512', 7, 31, 25, NULL),
('2024-06-06 06:00:00', '2024-06-06 18:00:00', '513', 7, 31, 25, NULL),
('2024-06-06 06:00:00', '2024-06-06 18:00:00', '514', 7, 30, 25, NULL),
('2024-06-06 06:00:00', '2024-06-06 18:00:00', '515', 7, 30, 25, NULL),
('2024-06-06 06:00:00', '2024-06-06 18:00:00', '516', 7, 30, 25, NULL),
('2024-06-06 06:00:00', '2024-06-06 18:00:00', '520', 7, 31, 25, NULL),
('2024-06-06 06:00:00', '2024-06-06 18:00:00', '521', 26, 31, 25, NULL),
('2024-06-06 06:00:00', '2024-06-06 18:00:00', '522', 7, 31, 25, NULL),
('2024-06-06 06:00:00', '2024-06-06 18:00:00', '523', 7, 30, 25, NULL),
('2024-06-06 06:00:00', '2024-06-06 18:00:00', '524', 26, 30, 25, NULL),
('2024-06-06 06:00:00', '2024-06-06 18:00:00', '525', 7, 30, 25, NULL),
('2024-06-06 06:00:00', '2024-06-06 18:00:00', '526', 7, 29, 25, NULL),
('2024-06-06 06:00:00', '2024-06-06 18:00:00', '527', 26, 28, 25, NULL),
('2024-06-06 06:00:00', '2024-06-06 18:00:00', '528', 26, 28, 25, NULL),
('2024-06-06 06:00:00', '2024-06-06 18:00:00', '530', 7, 31, 24, NULL),
('2024-06-06 06:00:00', '2024-06-06 18:00:00', '540', 7, 30, 24, NULL),
('2024-06-06 06:00:00', '2024-06-06 18:00:00', '541', 7, 30, 24, NULL),
('2024-06-06 06:00:00', '2024-06-06 18:00:00', '542', 7, 30, 24, NULL),
('2024-06-06 06:00:00', '2024-06-06 18:00:00', '544', 7, 29, 23, NULL),
('2024-06-06 06:00:00', '2024-06-06 18:00:00', '545', 26, 28, 22, NULL),
('2024-06-06 06:00:00', '2024-06-06 18:00:00', '546', 26, 24, 19, NULL),
('2024-06-06 06:00:00', '2024-06-06 18:00:00', '551', 7, 30, 23, NULL),
('2024-06-06 06:00:00', '2024-06-06 18:00:00', '552', 7, 30, 23, NULL),
('2024-06-06 06:00:00', '2024-06-06 18:00:00', '553', 26, 28, 23, NULL),
('2024-06-06 06:00:00', '2024-06-06 18:00:00', '555', 26, 27, 21, NULL),
('2024-06-06 06:00:00', '2024-06-06 18:00:00', '556', 26, 27, 21, NULL),
('2024-06-06 06:00:00', '2024-06-06 18:00:00', '557', 7, 30, 24, NULL),
('2024-06-06 06:00:00', '2024-06-06 18:00:00', '558', 26, 27, 21, NULL),
('2024-06-06 06:00:00', '2024-06-06 18:00:00', '602', 26, 30, 23, NULL),
('2024-06-06 06:00:00', '2024-06-06 18:00:00', '603', 7, 30, 23, NULL),
('2024-06-06 06:00:00', '2024-06-06 18:00:00', '604', 7, 30, 23, NULL),
('2024-06-06 06:00:00', '2024-06-06 18:00:00', '606', 26, 30, 24, NULL),
('2024-06-06 06:00:00', '2024-06-06 18:00:00', '607', 26, 29, 23, NULL),
('2024-06-06 06:00:00', '2024-06-06 18:00:00', '608', 26, 31, 24, NULL),
('2024-06-06 06:00:00', '2024-06-06 18:00:00', '611', 26, 31, 24, NULL),
('2024-06-06 06:00:00', '2024-06-06 18:00:00', '612', 26, 31, 24, NULL),
('2024-06-06 06:00:00', '2024-06-06 18:00:00', '613', 26, 30, 25, NULL),
('2024-06-06 06:00:00', '2024-06-06 18:00:00', '614', 26, 29, 25, NULL),
('2024-06-06 06:00:00', '2024-06-06 18:00:00', '615', 26, 30, 25, NULL),
('2024-06-06 06:00:00', '2024-06-06 18:00:00', '616', 7, 30, 25, NULL),
('2024-06-06 06:00:00', '2024-06-06 18:00:00', '621', 7, 31, 24, NULL),
('2024-06-06 06:00:00', '2024-06-06 18:00:00', '622', 7, 31, 24, NULL),
('2024-06-06 06:00:00', '2024-06-06 18:00:00', '623', 7, 30, 25, NULL),
('2024-06-06 06:00:00', '2024-06-06 18:00:00', '624', 26, 30, 25, NULL),
('2024-06-06 06:00:00', '2024-06-06 18:00:00', '625', 26, 29, 25, NULL),
('2024-06-06 06:00:00', '2024-06-06 18:00:00', '630', 7, 31, 24, NULL),
('2024-06-06 06:00:00', '2024-06-06 18:00:00', '631', 7, 31, 25, NULL),
('2024-06-06 06:00:00', '2024-06-06 18:00:00', '632', 7, 31, 25, NULL),
('2024-06-06 06:00:00', '2024-06-06 18:00:00', '633', 7, 30, 25, NULL),
('2024-06-06 06:00:00', '2024-06-06 18:00:00', '634', 7, 29, 25, NULL),
('2024-06-06 06:00:00', '2024-06-06 18:00:00', '635', 7, 30, 25, NULL),
('2024-06-06 06:00:00', '2024-06-06 18:00:00', '636', 7, 29, 25, NULL),
('2024-06-06 06:00:00', '2024-06-06 18:00:00', '637', 7, 30, 24, NULL),
('2024-06-06 06:00:00', '2024-06-06 18:00:00', '638', 7, 29, 25, NULL),
('2024-06-06 06:00:00', '2024-06-06 18:00:00', '640', 7, 31, 24, NULL),
('2024-06-06 06:00:00', '2024-06-06 18:00:00', '643', 7, 31, 24, NULL),
('2024-06-06 06:00:00', '2024-06-06 18:00:00', '646', 7, 31, 24, NULL),
('2024-06-06 06:00:00', '2024-06-06 18:00:00', '647', 26, 30, 24, NULL),
('2024-06-06 06:00:00', '2024-06-06 18:00:00', '648', 26, 30, 24, NULL),
('2024-06-06 06:00:00', '2024-06-06 18:00:00', '649', 7, 30, 24, NULL),
('2024-06-06 06:00:00', '2024-06-06 18:00:00', '651', 7, 30, 25, NULL),
('2024-06-06 06:00:00', '2024-06-06 18:00:00', '652', 26, 30, 25, NULL),
('2024-06-06 06:00:00', '2024-06-06 18:00:00', '653', 26, 30, 25, NULL),
('2024-06-06 06:00:00', '2024-06-06 18:00:00', '654', 7, 30, 25, NULL),
('2024-06-06 06:00:00', '2024-06-06 18:00:00', '655', 7, 30, 25, NULL),
('2024-06-06 06:00:00', '2024-06-06 18:00:00', '700', 26, 31, 26, NULL),
('2024-06-06 06:00:00', '2024-06-06 18:00:00', '701', 26, 31, 26, NULL),
('2024-06-06 06:00:00', '2024-06-06 18:00:00', '702', 26, 31, 26, NULL),
('2024-06-06 06:00:00', '2024-06-06 18:00:00', '704', 26, 31, 26, NULL),
('2024-06-06 06:00:00', '2024-06-06 18:00:00', '708', 26, 31, 26, NULL),
('2024-06-06 06:00:00', '2024-06-06 18:00:00', '709', 26, 31, 26, NULL),
('2024-06-06 06:00:00', '2024-06-06 18:00:00', '710', 26, 31, 25, NULL),
('2024-06-06 06:00:00', '2024-06-06 18:00:00', '711', 26, 31, 25, NULL),
('2024-06-06 06:00:00', '2024-06-06 18:00:00', '712', 26, 31, 25, NULL),
('2024-06-06 06:00:00', '2024-06-06 18:00:00', '713', 26, 31, 25, NULL),
('2024-06-06 06:00:00', '2024-06-06 18:00:00', '714', 26, 31, 25, NULL),
('2024-06-06 06:00:00', '2024-06-06 18:00:00', '715', 26, 31, 25, NULL),
('2024-06-06 06:00:00', '2024-06-06 18:00:00', '716', 26, 31, 24, NULL),
('2024-06-06 06:00:00', '2024-06-06 18:00:00', '717', 26, 31, 25, NULL),
('2024-06-06 06:00:00', '2024-06-06 18:00:00', '718', 26, 31, 25, NULL),
('2024-06-06 06:00:00', '2024-06-06 18:00:00', '719', 26, 31, 25, NULL),
('2024-06-06 06:00:00', '2024-06-06 18:00:00', '720', 26, 31, 25, NULL),
('2024-06-06 06:00:00', '2024-06-06 18:00:00', '721', 26, 31, 25, NULL),
('2024-06-06 06:00:00', '2024-06-06 18:00:00', '722', 26, 31, 25, NULL),
('2024-06-06 06:00:00', '2024-06-06 18:00:00', '723', 26, 31, 26, NULL),
('2024-06-06 06:00:00', '2024-06-06 18:00:00', '725', 26, 30, 25, NULL),
('2024-06-06 06:00:00', '2024-06-06 18:00:00', '726', 26, 30, 25, NULL),
('2024-06-06 06:00:00', '2024-06-06 18:00:00', '727', 26, 29, 25, NULL),
('2024-06-06 06:00:00', '2024-06-06 18:00:00', '730', 21, 31, 25, NULL),
('2024-06-06 06:00:00', '2024-06-06 18:00:00', '731', 26, 31, 24, NULL),
('2024-06-06 06:00:00', '2024-06-06 18:00:00', '732', 26, 31, 24, NULL),
('2024-06-06 06:00:00', '2024-06-06 18:00:00', '733', 26, 31, 24, NULL),
('2024-06-06 06:00:00', '2024-06-06 18:00:00', '734', 26, 31, 25, NULL),
('2024-06-06 06:00:00', '2024-06-06 18:00:00', '735', 21, 31, 25, NULL),
('2024-06-06 06:00:00', '2024-06-06 18:00:00', '736', 21, 31, 25, NULL),
('2024-06-06 06:00:00', '2024-06-06 18:00:00', '737', 21, 31, 25, NULL),
('2024-06-06 06:00:00', '2024-06-06 18:00:00', '741', 26, 31, 25, NULL),
('2024-06-06 06:00:00', '2024-06-06 18:00:00', '742', 26, 31, 25, NULL),
('2024-06-06 06:00:00', '2024-06-06 18:00:00', '743', 26, 31, 25, NULL),
('2024-06-06 06:00:00', '2024-06-06 18:00:00', '744', 26, 31, 25, NULL),
('2024-06-06 06:00:00', '2024-06-06 18:00:00', '745', 26, 31, 25, NULL),
('2024-06-06 06:00:00', '2024-06-06 18:00:00', '800', 21, 31, 26, NULL),
('2024-06-06 06:00:00', '2024-06-06 18:00:00', '801', 21, 31, 26, NULL),
('2024-06-06 06:00:00', '2024-06-06 18:00:00', '802', 21, 31, 26, NULL),
('2024-06-06 06:00:00', '2024-06-06 18:00:00', '803', 21, 31, 26, NULL),
('2024-06-06 06:00:00', '2024-06-06 18:00:00', '804', 21, 31, 26, NULL),
('2024-06-06 06:00:00', '2024-06-06 18:00:00', '805', 21, 31, 26, NULL),
('2024-06-06 06:00:00', '2024-06-06 18:00:00', '806', 21, 31, 27, NULL),
('2024-06-06 06:00:00', '2024-06-06 18:00:00', '807', 21, 30, 26, NULL),
('2024-06-06 06:00:00', '2024-06-06 18:00:00', '811', 21, 31, 26, NULL),
('2024-06-06 06:00:00', '2024-06-06 18:00:00', '812', 26, 31, 26, NULL),
('2024-06-06 06:00:00', '2024-06-06 18:00:00', '813', 21, 30, 26, NULL),
('2024-06-06 06:00:00', '2024-06-06 18:00:00', '814', 21, 31, 26, NULL),
('2024-06-06 06:00:00', '2024-06-06 18:00:00', '815', 26, 31, 25, NULL),
('2024-06-06 06:00:00', '2024-06-06 18:00:00', '820', 26, 31, 26, NULL),
('2024-06-06 06:00:00', '2024-06-06 18:00:00', '821', 26, 30, 25, NULL),
('2024-06-06 06:00:00', '2024-06-06 18:00:00', '822', 26, 31, 25, NULL),
('2024-06-06 06:00:00', '2024-06-06 18:00:00', '823', 26, 31, 25, NULL),
('2024-06-06 06:00:00', '2024-06-06 18:00:00', '824', 26, 31, 25, NULL),
('2024-06-06 06:00:00', '2024-06-06 18:00:00', '825', 26, 31, 26, NULL),
('2024-06-06 06:00:00', '2024-06-06 18:00:00', '826', 26, 30, 26, NULL),
('2024-06-06 06:00:00', '2024-06-06 18:00:00', '827', 26, 30, 26, NULL),
('2024-06-06 06:00:00', '2024-06-06 18:00:00', '828', 26, 30, 26, NULL),
('2024-06-06 06:00:00', '2024-06-06 18:00:00', '829', 26, 30, 26, NULL),
('2024-06-06 06:00:00', '2024-06-06 18:00:00', '830', 26, 31, 26, NULL),
('2024-06-06 06:00:00', '2024-06-06 18:00:00', '831', 26, 31, 26, NULL),
('2024-06-06 06:00:00', '2024-06-06 18:00:00', '832', 26, 31, 26, NULL),
('2024-06-06 06:00:00', '2024-06-06 18:00:00', '833', 26, 31, 26, NULL),
('2024-06-06 06:00:00', '2024-06-06 18:00:00', '840', 26, 31, 25, NULL),
('2024-06-06 06:00:00', '2024-06-06 18:00:00', '842', 26, 32, 25, NULL),
('2024-06-06 06:00:00', '2024-06-06 18:00:00', '843', 26, 31, 25, NULL),
('2024-06-06 06:00:00', '2024-06-06 18:00:00', '844', 26, 29, 23, NULL),
('2024-06-06 06:00:00', '2024-06-06 18:00:00', '845', 26, 31, 25, NULL),
('2024-06-06 06:00:00', '2024-06-06 18:00:00', '846', 26, 31, 25, NULL),
('2024-06-06 06:00:00', '2024-06-06 18:00:00', '847', 26, 29, 23, NULL),
('2024-06-06 06:00:00', '2024-06-06 18:00:00', '848', 26, 26, 21, NULL),
('2024-06-06 06:00:00', '2024-06-06 18:00:00', '849', 26, 25, 20, NULL),
('2024-06-06 06:00:00', '2024-06-06 18:00:00', '851', 26, 29, 24, NULL),
('2024-06-06 06:00:00', '2024-06-06 18:00:00', '852', 26, 30, 26, NULL),
('2024-06-06 06:00:00', '2024-06-06 18:00:00', '880', 26, 28, 25, NULL),
('2024-06-06 06:00:00', '2024-06-06 18:00:00', '881', 26, 27, 25, NULL),
('2024-06-06 06:00:00', '2024-06-06 18:00:00', '882', 26, 28, 25, NULL),
('2024-06-06 06:00:00', '2024-06-06 18:00:00', '883', 26, 28, 25, NULL),
('2024-06-06 06:00:00', '2024-06-06 18:00:00', '884', 26, 27, 25, NULL),
('2024-06-06 06:00:00', '2024-06-06 18:00:00', '885', 26, 28, 25, NULL),
('2024-06-06 06:00:00', '2024-06-06 18:00:00', '890', 26, 25, 22, NULL),
('2024-06-06 06:00:00', '2024-06-06 18:00:00', '891', 26, 25, 22, NULL),
('2024-06-06 06:00:00', '2024-06-06 18:00:00', '892', 26, 25, 22, NULL),
('2024-06-06 06:00:00', '2024-06-06 18:00:00', '893', 26, 25, 22, NULL),
('2024-06-06 06:00:00', '2024-06-06 18:00:00', '894', 26, 26, 22, NULL),
('2024-06-06 06:00:00', '2024-06-06 18:00:00', '896', 26, 27, 24, NULL),
('2024-06-06 06:00:00', '2024-06-06 18:00:00', '900', 26, 31, 25, NULL),
('2024-06-06 06:00:00', '2024-06-06 18:00:00', '902', 26, 28, 23, NULL),
('2024-06-06 06:00:00', '2024-06-06 18:00:00', '903', 26, 29, 24, NULL),
('2024-06-06 06:00:00', '2024-06-06 18:00:00', '904', 26, 31, 25, NULL),
('2024-06-06 06:00:00', '2024-06-06 18:00:00', '905', 26, 31, 25, NULL),
('2024-06-06 06:00:00', '2024-06-06 18:00:00', '906', 26, 30, 25, NULL),
('2024-06-06 06:00:00', '2024-06-06 18:00:00', '907', 26, 31, 26, NULL),
('2024-06-06 06:00:00', '2024-06-06 18:00:00', '908', 26, 32, 25, NULL),
('2024-06-06 06:00:00', '2024-06-06 18:00:00', '909', 26, 32, 26, NULL),
('2024-06-06 06:00:00', '2024-06-06 18:00:00', '911', 26, 31, 25, NULL),
('2024-06-06 06:00:00', '2024-06-06 18:00:00', '912', 26, 31, 25, NULL),
('2024-06-06 06:00:00', '2024-06-06 18:00:00', '913', 26, 31, 26, NULL),
('2024-06-06 06:00:00', '2024-06-06 18:00:00', '921', 26, 31, 25, NULL),
('2024-06-06 06:00:00', '2024-06-06 18:00:00', '922', 26, 30, 24, NULL),
('2024-06-06 06:00:00', '2024-06-06 18:00:00', '923', 26, 31, 25, NULL),
('2024-06-06 06:00:00', '2024-06-06 18:00:00', '924', 26, 31, 26, NULL),
('2024-06-06 06:00:00', '2024-06-06 18:00:00', '925', 26, 31, 26, NULL),
('2024-06-06 06:00:00', '2024-06-06 18:00:00', '926', 26, 31, 26, NULL),
('2024-06-06 06:00:00', '2024-06-06 18:00:00', '927', 26, 31, 26, NULL),
('2024-06-06 06:00:00', '2024-06-06 18:00:00', '928', 26, 30, 26, NULL),
('2024-06-06 06:00:00', '2024-06-06 18:00:00', '929', 26, 31, 26, NULL),
('2024-06-06 06:00:00', '2024-06-06 18:00:00', '931', 26, 31, 26, NULL),
('2024-06-06 06:00:00', '2024-06-06 18:00:00', '932', 26, 31, 26, NULL),
('2024-06-06 06:00:00', '2024-06-06 18:00:00', '940', 26, 30, 26, NULL),
('2024-06-06 06:00:00', '2024-06-06 18:00:00', '941', 7, 30, 26, NULL),
('2024-06-06 06:00:00', '2024-06-06 18:00:00', '942', 26, 30, 25, NULL),
('2024-06-06 06:00:00', '2024-06-06 18:00:00', '943', 7, 29, 25, NULL),
('2024-06-06 06:00:00', '2024-06-06 18:00:00', '944', 6, 30, 26, NULL),
('2024-06-06 06:00:00', '2024-06-06 18:00:00', '945', 7, 29, 25, NULL),
('2024-06-06 06:00:00', '2024-06-06 18:00:00', '947', 6, 29, 25, NULL),
('2024-06-06 06:00:00', '2024-06-06 18:00:00', '950', 26, 30, 25, NULL),
('2024-06-06 06:00:00', '2024-06-06 18:00:00', '951', 7, 30, 25, NULL),
('2024-06-06 06:00:00', '2024-06-06 18:00:00', '952', 5, 29, 26, NULL),
('2024-06-06 06:00:00', '2024-06-06 18:00:00', '953', 26, 27, 23, NULL),
('2024-06-06 06:00:00', '2024-06-06 18:00:00', '954', 26, 29, 24, NULL),
('2024-06-06 06:00:00', '2024-06-06 18:00:00', '955', 26, 27, 23, NULL),
('2024-06-06 06:00:00', '2024-06-06 18:00:00', '956', 26, 27, 23, NULL),
('2024-06-06 06:00:00', '2024-06-06 18:00:00', '957', 26, 25, 21, NULL),
('2024-06-06 06:00:00', '2024-06-06 18:00:00', '958', 26, 27, 22, NULL),
('2024-06-06 06:00:00', '2024-06-06 18:00:00', '959', 7, 30, 25, NULL),
('2024-06-06 06:00:00', '2024-06-06 18:00:00', '961', 26, 29, 25, NULL),
('2024-06-06 06:00:00', '2024-06-06 18:00:00', '962', 26, 29, 24, NULL),
('2024-06-06 06:00:00', '2024-06-06 18:00:00', '964', 26, 27, 23, NULL),
('2024-06-06 06:00:00', '2024-06-06 18:00:00', '965', 26, 29, 25, NULL),
('2024-06-06 06:00:00', '2024-06-06 18:00:00', '966', 26, 30, 25, NULL),
('2024-06-06 06:00:00', '2024-06-06 18:00:00', '970', 26, 27, 24, NULL),
('2024-06-06 06:00:00', '2024-06-06 18:00:00', '971', 26, 26, 23, NULL),
('2024-06-06 06:00:00', '2024-06-06 18:00:00', '972', 26, 25, 22, NULL),
('2024-06-06 06:00:00', '2024-06-06 18:00:00', '973', 26, 27, 24, NULL),
('2024-06-06 06:00:00', '2024-06-06 18:00:00', '974', 26, 27, 23, NULL),
('2024-06-06 06:00:00', '2024-06-06 18:00:00', '975', 26, 26, 23, NULL),
('2024-06-06 06:00:00', '2024-06-06 18:00:00', '976', 26, 27, 23, NULL),
('2024-06-06 06:00:00', '2024-06-06 18:00:00', '977', 26, 27, 23, NULL),
('2024-06-06 06:00:00', '2024-06-06 18:00:00', '978', 26, 27, 23, NULL),
('2024-06-06 06:00:00', '2024-06-06 18:00:00', '979', 26, 26, 23, NULL),
('2024-06-06 06:00:00', '2024-06-06 18:00:00', '981', 26, 27, 22, NULL),
('2024-06-06 06:00:00', '2024-06-06 18:00:00', '982', 26, 26, 21, NULL),
('2024-06-06 06:00:00', '2024-06-06 18:00:00', '983', 26, 27, 22, NULL),
('2024-06-06 18:00:00', '2024-06-07 06:00:00', '100', 7, 26, 24, NULL),
('2024-06-06 18:00:00', '2024-06-07 06:00:00', '103', 7, 26, 25, NULL),
('2024-06-06 18:00:00', '2024-06-07 06:00:00', '104', 7, 26, 25, NULL),
('2024-06-06 18:00:00', '2024-06-07 06:00:00', '105', 7, 26, 24, NULL),
('2024-06-06 18:00:00', '2024-06-07 06:00:00', '106', 7, 26, 24, NULL),
('2024-06-06 18:00:00', '2024-06-07 06:00:00', '108', 26, 26, 25, NULL),
('2024-06-06 18:00:00', '2024-06-07 06:00:00', '110', 7, 26, 24, NULL),
('2024-06-06 18:00:00', '2024-06-07 06:00:00', '111', 7, 26, 25, NULL),
('2024-06-06 18:00:00', '2024-06-07 06:00:00', '112', 26, 26, 24, NULL),
('2024-06-06 18:00:00', '2024-06-07 06:00:00', '114', 7, 26, 24, NULL),
('2024-06-06 18:00:00', '2024-06-07 06:00:00', '115', 7, 25, 24, NULL),
('2024-06-06 18:00:00', '2024-06-07 06:00:00', '116', 7, 25, 23, NULL),
('2024-06-06 18:00:00', '2024-06-07 06:00:00', '200', 7, 24, 23, NULL),
('2024-06-06 18:00:00', '2024-06-07 06:00:00', '204', 7, 24, 23, NULL),
('2024-06-06 18:00:00', '2024-06-07 06:00:00', '205', 7, 24, 23, NULL),
('2024-06-06 18:00:00', '2024-06-07 06:00:00', '206', 7, 24, 23, NULL),
('2024-06-06 18:00:00', '2024-06-07 06:00:00', '207', 26, 24, 23, NULL),
('2024-06-06 18:00:00', '2024-06-07 06:00:00', '208', 26, 24, 23, NULL),
('2024-06-06 18:00:00', '2024-06-07 06:00:00', '209', 26, 23, 22, NULL),
('2024-06-06 18:00:00', '2024-06-07 06:00:00', '210', 26, 23, 22, NULL),
('2024-06-06 18:00:00', '2024-06-07 06:00:00', '211', 26, 24, 22, NULL),
('2024-06-06 18:00:00', '2024-06-07 06:00:00', '212', 26, 24, 22, NULL),
('2024-06-06 18:00:00', '2024-06-07 06:00:00', '220', 26, 26, 24, NULL),
('2024-06-06 18:00:00', '2024-06-07 06:00:00', '221', 7, 24, 23, NULL),
('2024-06-06 18:00:00', '2024-06-07 06:00:00', '222', 7, 24, 23, NULL),
('2024-06-06 18:00:00', '2024-06-07 06:00:00', '223', 7, 23, 22, NULL),
('2024-06-06 18:00:00', '2024-06-07 06:00:00', '224', 7, 24, 23, NULL),
('2024-06-06 18:00:00', '2024-06-07 06:00:00', '226', 7, 23, 21, NULL),
('2024-06-06 18:00:00', '2024-06-07 06:00:00', '227', 7, 25, 23, NULL),
('2024-06-06 18:00:00', '2024-06-07 06:00:00', '228', 7, 24, 23, NULL),
('2024-06-06 18:00:00', '2024-06-07 06:00:00', '231', 26, 25, 24, NULL),
('2024-06-06 18:00:00', '2024-06-07 06:00:00', '232', 26, 23, 22, NULL),
('2024-06-06 18:00:00', '2024-06-07 06:00:00', '233', 26, 22, 21, NULL),
('2024-06-06 18:00:00', '2024-06-07 06:00:00', '234', 7, 26, 24, NULL),
('2024-06-06 18:00:00', '2024-06-07 06:00:00', '235', 26, 26, 24, NULL),
('2024-06-06 18:00:00', '2024-06-07 06:00:00', '236', 26, 26, 24, NULL),
('2024-06-06 18:00:00', '2024-06-07 06:00:00', '237', 26, 25, 23, NULL),
('2024-06-06 18:00:00', '2024-06-07 06:00:00', '238', 26, 26, 24, NULL),
('2024-06-06 18:00:00', '2024-06-07 06:00:00', '239', 26, 26, 24, NULL),
('2024-06-06 18:00:00', '2024-06-07 06:00:00', '241', 26, 26, 25, NULL),
('2024-06-06 18:00:00', '2024-06-07 06:00:00', '242', 26, 26, 25, NULL),
('2024-06-06 18:00:00', '2024-06-07 06:00:00', '243', 26, 26, 24, NULL),
('2024-06-06 18:00:00', '2024-06-07 06:00:00', '244', 26, 24, 23, NULL),
('2024-06-06 18:00:00', '2024-06-07 06:00:00', '247', 26, 26, 25, NULL),
('2024-06-06 18:00:00', '2024-06-07 06:00:00', '248', 26, 26, 24, NULL),
('2024-06-06 18:00:00', '2024-06-07 06:00:00', '249', 26, 25, 24, NULL),
('2024-06-06 18:00:00', '2024-06-07 06:00:00', '251', 26, 25, 24, NULL),
('2024-06-06 18:00:00', '2024-06-07 06:00:00', '252', 26, 24, 23, NULL),
('2024-06-06 18:00:00', '2024-06-07 06:00:00', '253', 26, 24, 23, NULL),
('2024-06-06 18:00:00', '2024-06-07 06:00:00', '302', 26, 26, 23, NULL),
('2024-06-06 18:00:00', '2024-06-07 06:00:00', '303', 26, 25, 23, NULL),
('2024-06-06 18:00:00', '2024-06-07 06:00:00', '304', 26, 26, 24, NULL),
('2024-06-06 18:00:00', '2024-06-07 06:00:00', '305', 26, 25, 23, NULL),
('2024-06-06 18:00:00', '2024-06-07 06:00:00', '306', 26, 25, 22, NULL),
('2024-06-06 18:00:00', '2024-06-07 06:00:00', '308', 26, 26, 23, NULL),
('2024-06-06 18:00:00', '2024-06-07 06:00:00', '310', 26, 25, 22, NULL),
('2024-06-06 18:00:00', '2024-06-07 06:00:00', '311', 26, 23, 21, NULL),
('2024-06-06 18:00:00', '2024-06-07 06:00:00', '312', 26, 25, 22, NULL),
('2024-06-06 18:00:00', '2024-06-07 06:00:00', '313', 26, 23, 20, NULL),
('2024-06-06 18:00:00', '2024-06-07 06:00:00', '314', 26, 25, 22, NULL),
('2024-06-06 18:00:00', '2024-06-07 06:00:00', '315', 26, 25, 22, NULL),
('2024-06-06 18:00:00', '2024-06-07 06:00:00', '320', 26, 25, 23, NULL),
('2024-06-06 18:00:00', '2024-06-07 06:00:00', '324', 26, 24, 23, NULL),
('2024-06-06 18:00:00', '2024-06-07 06:00:00', '325', 26, 24, 22, NULL),
('2024-06-06 18:00:00', '2024-06-07 06:00:00', '326', 26, 24, 23, NULL),
('2024-06-06 18:00:00', '2024-06-07 06:00:00', '327', 26, 25, 23, NULL),
('2024-06-06 18:00:00', '2024-06-07 06:00:00', '328', 26, 25, 24, NULL),
('2024-06-06 18:00:00', '2024-06-07 06:00:00', '330', 26, 25, 24, NULL),
('2024-06-06 18:00:00', '2024-06-07 06:00:00', '333', 26, 25, 24, NULL),
('2024-06-06 18:00:00', '2024-06-07 06:00:00', '334', 26, 25, 23, NULL),
('2024-06-06 18:00:00', '2024-06-07 06:00:00', '335', 26, 25, 23, NULL),
('2024-06-06 18:00:00', '2024-06-07 06:00:00', '336', 26, 23, 21, NULL),
('2024-06-06 18:00:00', '2024-06-07 06:00:00', '337', 26, 25, 24, NULL),
('2024-06-06 18:00:00', '2024-06-07 06:00:00', '338', 26, 25, 24, NULL),
('2024-06-06 18:00:00', '2024-06-07 06:00:00', '350', 7, 26, 24, NULL),
('2024-06-06 18:00:00', '2024-06-07 06:00:00', '351', 7, 26, 23, NULL),
('2024-06-06 18:00:00', '2024-06-07 06:00:00', '352', 7, 25, 23, NULL),
('2024-06-06 18:00:00', '2024-06-07 06:00:00', '353', 6, 24, 22, NULL),
('2024-06-06 18:00:00', '2024-06-07 06:00:00', '354', 21, 24, 22, NULL),
('2024-06-06 18:00:00', '2024-06-07 06:00:00', '356', 21, 26, 24, NULL),
('2024-06-06 18:00:00', '2024-06-07 06:00:00', '357', 21, 26, 24, NULL),
('2024-06-06 18:00:00', '2024-06-07 06:00:00', '358', 26, 26, 24, NULL),
('2024-06-06 18:00:00', '2024-06-07 06:00:00', '360', 21, 26, 23, NULL),
('2024-06-06 18:00:00', '2024-06-07 06:00:00', '361', 21, 26, 23, NULL),
('2024-06-06 18:00:00', '2024-06-07 06:00:00', '362', 21, 26, 23, NULL),
('2024-06-06 18:00:00', '2024-06-07 06:00:00', '363', 21, 26, 23, NULL),
('2024-06-06 18:00:00', '2024-06-07 06:00:00', '364', 21, 25, 22, NULL),
('2024-06-06 18:00:00', '2024-06-07 06:00:00', '365', 21, 24, 21, NULL),
('2024-06-06 18:00:00', '2024-06-07 06:00:00', '366', 21, 26, 23, NULL),
('2024-06-06 18:00:00', '2024-06-07 06:00:00', '367', 21, 25, 22, NULL),
('2024-06-06 18:00:00', '2024-06-07 06:00:00', '368', 21, 26, 23, NULL),
('2024-06-06 18:00:00', '2024-06-07 06:00:00', '369', 21, 26, 23, NULL),
('2024-06-06 18:00:00', '2024-06-07 06:00:00', '406', 26, 28, 25, NULL),
('2024-06-06 18:00:00', '2024-06-07 06:00:00', '407', 7, 28, 25, NULL),
('2024-06-06 18:00:00', '2024-06-07 06:00:00', '408', 7, 28, 25, NULL),
('2024-06-06 18:00:00', '2024-06-07 06:00:00', '411', 26, 28, 25, NULL),
('2024-06-06 18:00:00', '2024-06-07 06:00:00', '412', 7, 28, 25, NULL),
('2024-06-06 18:00:00', '2024-06-07 06:00:00', '413', 7, 28, 24, NULL),
('2024-06-06 18:00:00', '2024-06-07 06:00:00', '414', 7, 28, 25, NULL),
('2024-06-06 18:00:00', '2024-06-07 06:00:00', '420', 26, 27, 24, NULL),
('2024-06-06 18:00:00', '2024-06-07 06:00:00', '421', 26, 26, 24, NULL),
('2024-06-06 18:00:00', '2024-06-07 06:00:00', '422', 26, 26, 23, NULL),
('2024-06-06 18:00:00', '2024-06-07 06:00:00', '423', 6, 26, 23, NULL),
('2024-06-06 18:00:00', '2024-06-07 06:00:00', '424', 6, 24, 22, NULL),
('2024-06-06 18:00:00', '2024-06-07 06:00:00', '426', 6, 25, 23, NULL),
('2024-06-06 18:00:00', '2024-06-07 06:00:00', '427', 26, 27, 24, NULL),
('2024-06-06 18:00:00', '2024-06-07 06:00:00', '428', 26, 27, 24, NULL),
('2024-06-06 18:00:00', '2024-06-07 06:00:00', '429', 26, 26, 24, NULL),
('2024-06-06 18:00:00', '2024-06-07 06:00:00', '432', 6, 27, 25, NULL),
('2024-06-06 18:00:00', '2024-06-07 06:00:00', '433', 26, 27, 25, NULL),
('2024-06-06 18:00:00', '2024-06-07 06:00:00', '434', 6, 27, 25, NULL),
('2024-06-06 18:00:00', '2024-06-07 06:00:00', '435', 21, 27, 25, NULL),
('2024-06-06 18:00:00', '2024-06-07 06:00:00', '436', 21, 27, 25, NULL),
('2024-06-06 18:00:00', '2024-06-07 06:00:00', '437', 26, 26, 24, NULL),
('2024-06-06 18:00:00', '2024-06-07 06:00:00', '438', 26, 26, 24, NULL),
('2024-06-06 18:00:00', '2024-06-07 06:00:00', '500', 7, 28, 25, NULL),
('2024-06-06 18:00:00', '2024-06-07 06:00:00', '502', 6, 28, 24, NULL);
INSERT INTO `weather_forecast` (`Start_Time`, `End_Time`, `District_ID`, `Weather_Type_ID`, `MaxTemperature`, `MinTemperature`, `Remarks`) VALUES
('2024-06-06 18:00:00', '2024-06-07 06:00:00', '503', 6, 28, 25, NULL),
('2024-06-06 18:00:00', '2024-06-07 06:00:00', '504', 6, 28, 25, NULL),
('2024-06-06 18:00:00', '2024-06-07 06:00:00', '505', 7, 27, 25, NULL),
('2024-06-06 18:00:00', '2024-06-07 06:00:00', '506', 7, 28, 25, NULL),
('2024-06-06 18:00:00', '2024-06-07 06:00:00', '507', 6, 27, 25, NULL),
('2024-06-06 18:00:00', '2024-06-07 06:00:00', '508', 6, 27, 25, NULL),
('2024-06-06 18:00:00', '2024-06-07 06:00:00', '509', 5, 27, 25, NULL),
('2024-06-06 18:00:00', '2024-06-07 06:00:00', '511', 6, 28, 25, NULL),
('2024-06-06 18:00:00', '2024-06-07 06:00:00', '512', 6, 28, 25, NULL),
('2024-06-06 18:00:00', '2024-06-07 06:00:00', '513', 6, 28, 25, NULL),
('2024-06-06 18:00:00', '2024-06-07 06:00:00', '514', 6, 28, 25, NULL),
('2024-06-06 18:00:00', '2024-06-07 06:00:00', '515', 6, 28, 25, NULL),
('2024-06-06 18:00:00', '2024-06-07 06:00:00', '516', 6, 28, 25, NULL),
('2024-06-06 18:00:00', '2024-06-07 06:00:00', '520', 6, 28, 25, NULL),
('2024-06-06 18:00:00', '2024-06-07 06:00:00', '521', 7, 28, 25, NULL),
('2024-06-06 18:00:00', '2024-06-07 06:00:00', '522', 6, 28, 25, NULL),
('2024-06-06 18:00:00', '2024-06-07 06:00:00', '523', 5, 28, 25, NULL),
('2024-06-06 18:00:00', '2024-06-07 06:00:00', '524', 6, 28, 25, NULL),
('2024-06-06 18:00:00', '2024-06-07 06:00:00', '525', 6, 28, 25, NULL),
('2024-06-06 18:00:00', '2024-06-07 06:00:00', '526', 6, 27, 25, NULL),
('2024-06-06 18:00:00', '2024-06-07 06:00:00', '527', 7, 27, 25, NULL),
('2024-06-06 18:00:00', '2024-06-07 06:00:00', '528', 7, 27, 25, NULL),
('2024-06-06 18:00:00', '2024-06-07 06:00:00', '530', 6, 28, 24, NULL),
('2024-06-06 18:00:00', '2024-06-07 06:00:00', '540', 6, 28, 24, NULL),
('2024-06-06 18:00:00', '2024-06-07 06:00:00', '541', 6, 27, 24, NULL),
('2024-06-06 18:00:00', '2024-06-07 06:00:00', '542', 6, 28, 24, NULL),
('2024-06-06 18:00:00', '2024-06-07 06:00:00', '544', 7, 26, 23, NULL),
('2024-06-06 18:00:00', '2024-06-07 06:00:00', '545', 7, 25, 22, NULL),
('2024-06-06 18:00:00', '2024-06-07 06:00:00', '546', 7, 21, 19, NULL),
('2024-06-06 18:00:00', '2024-06-07 06:00:00', '551', 6, 27, 23, NULL),
('2024-06-06 18:00:00', '2024-06-07 06:00:00', '552', 6, 27, 23, NULL),
('2024-06-06 18:00:00', '2024-06-07 06:00:00', '553', 26, 26, 23, NULL),
('2024-06-06 18:00:00', '2024-06-07 06:00:00', '555', 26, 24, 21, NULL),
('2024-06-06 18:00:00', '2024-06-07 06:00:00', '556', 6, 24, 21, NULL),
('2024-06-06 18:00:00', '2024-06-07 06:00:00', '557', 6, 28, 24, NULL),
('2024-06-06 18:00:00', '2024-06-07 06:00:00', '558', 6, 25, 21, NULL),
('2024-06-06 18:00:00', '2024-06-07 06:00:00', '602', 5, 27, 23, NULL),
('2024-06-06 18:00:00', '2024-06-07 06:00:00', '603', 5, 26, 23, NULL),
('2024-06-06 18:00:00', '2024-06-07 06:00:00', '604', 4, 27, 23, NULL),
('2024-06-06 18:00:00', '2024-06-07 06:00:00', '606', 6, 27, 24, NULL),
('2024-06-06 18:00:00', '2024-06-07 06:00:00', '607', 26, 26, 23, NULL),
('2024-06-06 18:00:00', '2024-06-07 06:00:00', '608', 6, 28, 24, NULL),
('2024-06-06 18:00:00', '2024-06-07 06:00:00', '611', 6, 28, 24, NULL),
('2024-06-06 18:00:00', '2024-06-07 06:00:00', '612', 6, 28, 24, NULL),
('2024-06-06 18:00:00', '2024-06-07 06:00:00', '613', 6, 28, 24, NULL),
('2024-06-06 18:00:00', '2024-06-07 06:00:00', '614', 6, 28, 25, NULL),
('2024-06-06 18:00:00', '2024-06-07 06:00:00', '615', 6, 28, 24, NULL),
('2024-06-06 18:00:00', '2024-06-07 06:00:00', '616', 6, 28, 24, NULL),
('2024-06-06 18:00:00', '2024-06-07 06:00:00', '621', 6, 28, 24, NULL),
('2024-06-06 18:00:00', '2024-06-07 06:00:00', '622', 5, 28, 24, NULL),
('2024-06-06 18:00:00', '2024-06-07 06:00:00', '623', 5, 28, 24, NULL),
('2024-06-06 18:00:00', '2024-06-07 06:00:00', '624', 6, 28, 25, NULL),
('2024-06-06 18:00:00', '2024-06-07 06:00:00', '625', 6, 28, 25, NULL),
('2024-06-06 18:00:00', '2024-06-07 06:00:00', '630', 5, 28, 24, NULL),
('2024-06-06 18:00:00', '2024-06-07 06:00:00', '631', 5, 28, 24, NULL),
('2024-06-06 18:00:00', '2024-06-07 06:00:00', '632', 5, 28, 25, NULL),
('2024-06-06 18:00:00', '2024-06-07 06:00:00', '633', 5, 28, 25, NULL),
('2024-06-06 18:00:00', '2024-06-07 06:00:00', '634', 5, 28, 25, NULL),
('2024-06-06 18:00:00', '2024-06-07 06:00:00', '635', 7, 28, 25, NULL),
('2024-06-06 18:00:00', '2024-06-07 06:00:00', '636', 7, 27, 25, NULL),
('2024-06-06 18:00:00', '2024-06-07 06:00:00', '637', 6, 28, 24, NULL),
('2024-06-06 18:00:00', '2024-06-07 06:00:00', '638', 7, 27, 25, NULL),
('2024-06-06 18:00:00', '2024-06-07 06:00:00', '640', 6, 28, 24, NULL),
('2024-06-06 18:00:00', '2024-06-07 06:00:00', '643', 6, 28, 24, NULL),
('2024-06-06 18:00:00', '2024-06-07 06:00:00', '646', 5, 27, 24, NULL),
('2024-06-06 18:00:00', '2024-06-07 06:00:00', '647', 7, 28, 24, NULL),
('2024-06-06 18:00:00', '2024-06-07 06:00:00', '648', 6, 28, 25, NULL),
('2024-06-06 18:00:00', '2024-06-07 06:00:00', '649', 5, 28, 24, NULL),
('2024-06-06 18:00:00', '2024-06-07 06:00:00', '651', 6, 28, 25, NULL),
('2024-06-06 18:00:00', '2024-06-07 06:00:00', '652', 7, 28, 25, NULL),
('2024-06-06 18:00:00', '2024-06-07 06:00:00', '653', 7, 28, 25, NULL),
('2024-06-06 18:00:00', '2024-06-07 06:00:00', '654', 7, 28, 25, NULL),
('2024-06-06 18:00:00', '2024-06-07 06:00:00', '655', 5, 28, 25, NULL),
('2024-06-06 18:00:00', '2024-06-07 06:00:00', '700', 7, 29, 26, NULL),
('2024-06-06 18:00:00', '2024-06-07 06:00:00', '701', 26, 29, 26, NULL),
('2024-06-06 18:00:00', '2024-06-07 06:00:00', '702', 7, 29, 26, NULL),
('2024-06-06 18:00:00', '2024-06-07 06:00:00', '704', 26, 29, 26, NULL),
('2024-06-06 18:00:00', '2024-06-07 06:00:00', '708', 7, 29, 26, NULL),
('2024-06-06 18:00:00', '2024-06-07 06:00:00', '709', 7, 29, 26, NULL),
('2024-06-06 18:00:00', '2024-06-07 06:00:00', '710', 7, 29, 25, NULL),
('2024-06-06 18:00:00', '2024-06-07 06:00:00', '711', 7, 28, 25, NULL),
('2024-06-06 18:00:00', '2024-06-07 06:00:00', '712', 7, 28, 25, NULL),
('2024-06-06 18:00:00', '2024-06-07 06:00:00', '713', 7, 28, 24, NULL),
('2024-06-06 18:00:00', '2024-06-07 06:00:00', '714', 26, 28, 24, NULL),
('2024-06-06 18:00:00', '2024-06-07 06:00:00', '715', 26, 28, 24, NULL),
('2024-06-06 18:00:00', '2024-06-07 06:00:00', '716', 26, 27, 24, NULL),
('2024-06-06 18:00:00', '2024-06-07 06:00:00', '717', 7, 29, 25, NULL),
('2024-06-06 18:00:00', '2024-06-07 06:00:00', '718', 7, 28, 24, NULL),
('2024-06-06 18:00:00', '2024-06-07 06:00:00', '719', 7, 28, 24, NULL),
('2024-06-06 18:00:00', '2024-06-07 06:00:00', '720', 6, 28, 25, NULL),
('2024-06-06 18:00:00', '2024-06-07 06:00:00', '721', 6, 29, 25, NULL),
('2024-06-06 18:00:00', '2024-06-07 06:00:00', '722', 6, 28, 25, NULL),
('2024-06-06 18:00:00', '2024-06-07 06:00:00', '723', 6, 29, 25, NULL),
('2024-06-06 18:00:00', '2024-06-07 06:00:00', '725', 6, 28, 25, NULL),
('2024-06-06 18:00:00', '2024-06-07 06:00:00', '726', 6, 28, 25, NULL),
('2024-06-06 18:00:00', '2024-06-07 06:00:00', '727', 6, 27, 25, NULL),
('2024-06-06 18:00:00', '2024-06-07 06:00:00', '730', 21, 29, 25, NULL),
('2024-06-06 18:00:00', '2024-06-07 06:00:00', '731', 6, 28, 24, NULL),
('2024-06-06 18:00:00', '2024-06-07 06:00:00', '732', 6, 28, 24, NULL),
('2024-06-06 18:00:00', '2024-06-07 06:00:00', '733', 21, 28, 24, NULL),
('2024-06-06 18:00:00', '2024-06-07 06:00:00', '734', 21, 28, 25, NULL),
('2024-06-06 18:00:00', '2024-06-07 06:00:00', '735', 6, 28, 25, NULL),
('2024-06-06 18:00:00', '2024-06-07 06:00:00', '736', 21, 28, 25, NULL),
('2024-06-06 18:00:00', '2024-06-07 06:00:00', '737', 6, 28, 25, NULL),
('2024-06-06 18:00:00', '2024-06-07 06:00:00', '741', 6, 29, 25, NULL),
('2024-06-06 18:00:00', '2024-06-07 06:00:00', '742', 7, 29, 25, NULL),
('2024-06-06 18:00:00', '2024-06-07 06:00:00', '743', 7, 29, 25, NULL),
('2024-06-06 18:00:00', '2024-06-07 06:00:00', '744', 6, 29, 25, NULL),
('2024-06-06 18:00:00', '2024-06-07 06:00:00', '745', 6, 29, 25, NULL),
('2024-06-06 18:00:00', '2024-06-07 06:00:00', '800', 26, 29, 27, NULL),
('2024-06-06 18:00:00', '2024-06-07 06:00:00', '801', 7, 29, 26, NULL),
('2024-06-06 18:00:00', '2024-06-07 06:00:00', '802', 26, 29, 27, NULL),
('2024-06-06 18:00:00', '2024-06-07 06:00:00', '803', 7, 29, 26, NULL),
('2024-06-06 18:00:00', '2024-06-07 06:00:00', '804', 7, 29, 26, NULL),
('2024-06-06 18:00:00', '2024-06-07 06:00:00', '805', 26, 29, 26, NULL),
('2024-06-06 18:00:00', '2024-06-07 06:00:00', '806', 26, 29, 27, NULL),
('2024-06-06 18:00:00', '2024-06-07 06:00:00', '807', 7, 29, 26, NULL),
('2024-06-06 18:00:00', '2024-06-07 06:00:00', '811', 26, 29, 26, NULL),
('2024-06-06 18:00:00', '2024-06-07 06:00:00', '812', 26, 29, 26, NULL),
('2024-06-06 18:00:00', '2024-06-07 06:00:00', '813', 7, 29, 26, NULL),
('2024-06-06 18:00:00', '2024-06-07 06:00:00', '814', 26, 29, 26, NULL),
('2024-06-06 18:00:00', '2024-06-07 06:00:00', '815', 26, 29, 26, NULL),
('2024-06-06 18:00:00', '2024-06-07 06:00:00', '820', 7, 29, 26, NULL),
('2024-06-06 18:00:00', '2024-06-07 06:00:00', '821', 7, 28, 25, NULL),
('2024-06-06 18:00:00', '2024-06-07 06:00:00', '822', 7, 28, 25, NULL),
('2024-06-06 18:00:00', '2024-06-07 06:00:00', '823', 7, 28, 25, NULL),
('2024-06-06 18:00:00', '2024-06-07 06:00:00', '824', 26, 29, 25, NULL),
('2024-06-06 18:00:00', '2024-06-07 06:00:00', '825', 7, 29, 26, NULL),
('2024-06-06 18:00:00', '2024-06-07 06:00:00', '826', 7, 29, 26, NULL),
('2024-06-06 18:00:00', '2024-06-07 06:00:00', '827', 7, 29, 26, NULL),
('2024-06-06 18:00:00', '2024-06-07 06:00:00', '828', 7, 28, 26, NULL),
('2024-06-06 18:00:00', '2024-06-07 06:00:00', '829', 7, 28, 25, NULL),
('2024-06-06 18:00:00', '2024-06-07 06:00:00', '830', 26, 29, 26, NULL),
('2024-06-06 18:00:00', '2024-06-07 06:00:00', '831', 26, 29, 26, NULL),
('2024-06-06 18:00:00', '2024-06-07 06:00:00', '832', 26, 29, 26, NULL),
('2024-06-06 18:00:00', '2024-06-07 06:00:00', '833', 26, 29, 26, NULL),
('2024-06-06 18:00:00', '2024-06-07 06:00:00', '840', 26, 29, 25, NULL),
('2024-06-06 18:00:00', '2024-06-07 06:00:00', '842', 26, 29, 25, NULL),
('2024-06-06 18:00:00', '2024-06-07 06:00:00', '843', 26, 29, 25, NULL),
('2024-06-06 18:00:00', '2024-06-07 06:00:00', '844', 26, 26, 23, NULL),
('2024-06-06 18:00:00', '2024-06-07 06:00:00', '845', 26, 28, 24, NULL),
('2024-06-06 18:00:00', '2024-06-07 06:00:00', '846', 26, 28, 24, NULL),
('2024-06-06 18:00:00', '2024-06-07 06:00:00', '847', 26, 26, 23, NULL),
('2024-06-06 18:00:00', '2024-06-07 06:00:00', '848', 26, 23, 20, NULL),
('2024-06-06 18:00:00', '2024-06-07 06:00:00', '849', 26, 22, 20, NULL),
('2024-06-06 18:00:00', '2024-06-07 06:00:00', '851', 26, 26, 24, NULL),
('2024-06-06 18:00:00', '2024-06-07 06:00:00', '852', 7, 29, 26, NULL),
('2024-06-06 18:00:00', '2024-06-07 06:00:00', '880', 7, 26, 25, NULL),
('2024-06-06 18:00:00', '2024-06-07 06:00:00', '881', 7, 26, 25, NULL),
('2024-06-06 18:00:00', '2024-06-07 06:00:00', '882', 7, 26, 25, NULL),
('2024-06-06 18:00:00', '2024-06-07 06:00:00', '883', 26, 27, 26, NULL),
('2024-06-06 18:00:00', '2024-06-07 06:00:00', '884', 7, 26, 25, NULL),
('2024-06-06 18:00:00', '2024-06-07 06:00:00', '885', 7, 26, 25, NULL),
('2024-06-06 18:00:00', '2024-06-07 06:00:00', '890', 7, 24, 23, NULL),
('2024-06-06 18:00:00', '2024-06-07 06:00:00', '891', 7, 24, 23, NULL),
('2024-06-06 18:00:00', '2024-06-07 06:00:00', '892', 7, 24, 23, NULL),
('2024-06-06 18:00:00', '2024-06-07 06:00:00', '893', 7, 24, 23, NULL),
('2024-06-06 18:00:00', '2024-06-07 06:00:00', '894', 26, 24, 23, NULL),
('2024-06-06 18:00:00', '2024-06-07 06:00:00', '896', 26, 26, 24, NULL),
('2024-06-06 18:00:00', '2024-06-07 06:00:00', '900', 26, 29, 25, NULL),
('2024-06-06 18:00:00', '2024-06-07 06:00:00', '902', 26, 25, 23, NULL),
('2024-06-06 18:00:00', '2024-06-07 06:00:00', '903', 26, 27, 24, NULL),
('2024-06-06 18:00:00', '2024-06-07 06:00:00', '904', 26, 29, 25, NULL),
('2024-06-06 18:00:00', '2024-06-07 06:00:00', '905', 26, 29, 25, NULL),
('2024-06-06 18:00:00', '2024-06-07 06:00:00', '906', 26, 28, 25, NULL),
('2024-06-06 18:00:00', '2024-06-07 06:00:00', '907', 26, 29, 25, NULL),
('2024-06-06 18:00:00', '2024-06-07 06:00:00', '908', 26, 30, 26, NULL),
('2024-06-06 18:00:00', '2024-06-07 06:00:00', '909', 26, 30, 26, NULL),
('2024-06-06 18:00:00', '2024-06-07 06:00:00', '911', 21, 29, 25, NULL),
('2024-06-06 18:00:00', '2024-06-07 06:00:00', '912', 21, 29, 25, NULL),
('2024-06-06 18:00:00', '2024-06-07 06:00:00', '913', 26, 29, 26, NULL),
('2024-06-06 18:00:00', '2024-06-07 06:00:00', '921', 26, 28, 25, NULL),
('2024-06-06 18:00:00', '2024-06-07 06:00:00', '922', 26, 28, 24, NULL),
('2024-06-06 18:00:00', '2024-06-07 06:00:00', '923', 21, 29, 25, NULL),
('2024-06-06 18:00:00', '2024-06-07 06:00:00', '924', 26, 29, 26, NULL),
('2024-06-06 18:00:00', '2024-06-07 06:00:00', '925', 26, 29, 25, NULL),
('2024-06-06 18:00:00', '2024-06-07 06:00:00', '926', 26, 29, 26, NULL),
('2024-06-06 18:00:00', '2024-06-07 06:00:00', '927', 26, 29, 26, NULL),
('2024-06-06 18:00:00', '2024-06-07 06:00:00', '928', 26, 29, 26, NULL),
('2024-06-06 18:00:00', '2024-06-07 06:00:00', '929', 26, 29, 26, NULL),
('2024-06-06 18:00:00', '2024-06-07 06:00:00', '931', 26, 29, 26, NULL),
('2024-06-06 18:00:00', '2024-06-07 06:00:00', '932', 26, 30, 26, NULL),
('2024-06-06 18:00:00', '2024-06-07 06:00:00', '940', 26, 28, 26, NULL),
('2024-06-06 18:00:00', '2024-06-07 06:00:00', '941', 26, 28, 26, NULL),
('2024-06-06 18:00:00', '2024-06-07 06:00:00', '942', 26, 28, 25, NULL),
('2024-06-06 18:00:00', '2024-06-07 06:00:00', '943', 26, 27, 25, NULL),
('2024-06-06 18:00:00', '2024-06-07 06:00:00', '944', 26, 28, 25, NULL),
('2024-06-06 18:00:00', '2024-06-07 06:00:00', '945', 26, 26, 24, NULL),
('2024-06-06 18:00:00', '2024-06-07 06:00:00', '947', 26, 27, 25, NULL),
('2024-06-06 18:00:00', '2024-06-07 06:00:00', '950', 26, 28, 25, NULL),
('2024-06-06 18:00:00', '2024-06-07 06:00:00', '951', 7, 28, 25, NULL),
('2024-06-06 18:00:00', '2024-06-07 06:00:00', '952', 26, 27, 26, NULL),
('2024-06-06 18:00:00', '2024-06-07 06:00:00', '953', 26, 25, 23, NULL),
('2024-06-06 18:00:00', '2024-06-07 06:00:00', '954', 26, 27, 24, NULL),
('2024-06-06 18:00:00', '2024-06-07 06:00:00', '955', 26, 25, 23, NULL),
('2024-06-06 18:00:00', '2024-06-07 06:00:00', '956', 26, 25, 23, NULL),
('2024-06-06 18:00:00', '2024-06-07 06:00:00', '957', 26, 23, 22, NULL),
('2024-06-06 18:00:00', '2024-06-07 06:00:00', '958', 26, 25, 22, NULL),
('2024-06-06 18:00:00', '2024-06-07 06:00:00', '959', 7, 27, 25, NULL),
('2024-06-06 18:00:00', '2024-06-07 06:00:00', '961', 7, 27, 24, NULL),
('2024-06-06 18:00:00', '2024-06-07 06:00:00', '962', 7, 26, 24, NULL),
('2024-06-06 18:00:00', '2024-06-07 06:00:00', '964', 26, 25, 23, NULL),
('2024-06-06 18:00:00', '2024-06-07 06:00:00', '965', 26, 27, 24, NULL),
('2024-06-06 18:00:00', '2024-06-07 06:00:00', '966', 26, 27, 24, NULL),
('2024-06-06 18:00:00', '2024-06-07 06:00:00', '970', 7, 26, 24, NULL),
('2024-06-06 18:00:00', '2024-06-07 06:00:00', '971', 26, 25, 23, NULL),
('2024-06-06 18:00:00', '2024-06-07 06:00:00', '972', 26, 23, 22, NULL),
('2024-06-06 18:00:00', '2024-06-07 06:00:00', '973', 7, 25, 24, NULL),
('2024-06-06 18:00:00', '2024-06-07 06:00:00', '974', 7, 25, 23, NULL),
('2024-06-06 18:00:00', '2024-06-07 06:00:00', '975', 7, 24, 23, NULL),
('2024-06-06 18:00:00', '2024-06-07 06:00:00', '976', 7, 25, 23, NULL),
('2024-06-06 18:00:00', '2024-06-07 06:00:00', '977', 7, 25, 23, NULL),
('2024-06-06 18:00:00', '2024-06-07 06:00:00', '978', 7, 25, 23, NULL),
('2024-06-06 18:00:00', '2024-06-07 06:00:00', '979', 7, 24, 23, NULL),
('2024-06-06 18:00:00', '2024-06-07 06:00:00', '981', 7, 25, 23, NULL),
('2024-06-06 18:00:00', '2024-06-07 06:00:00', '982', 7, 24, 22, NULL),
('2024-06-06 18:00:00', '2024-06-07 06:00:00', '983', 26, 25, 22, NULL),
('2024-06-07 06:00:00', '2024-06-07 18:00:00', '100', 4, 29, 24, NULL),
('2024-06-07 06:00:00', '2024-06-07 18:00:00', '103', 5, 29, 25, NULL),
('2024-06-07 06:00:00', '2024-06-07 18:00:00', '104', 4, 30, 25, NULL),
('2024-06-07 06:00:00', '2024-06-07 18:00:00', '105', 4, 29, 24, NULL),
('2024-06-07 06:00:00', '2024-06-07 18:00:00', '106', 5, 28, 24, NULL),
('2024-06-07 06:00:00', '2024-06-07 18:00:00', '108', 5, 29, 25, NULL),
('2024-06-07 06:00:00', '2024-06-07 18:00:00', '110', 4, 30, 24, NULL),
('2024-06-07 06:00:00', '2024-06-07 18:00:00', '111', 4, 30, 25, NULL),
('2024-06-07 06:00:00', '2024-06-07 18:00:00', '112', 5, 29, 24, NULL),
('2024-06-07 06:00:00', '2024-06-07 18:00:00', '114', 4, 29, 24, NULL),
('2024-06-07 06:00:00', '2024-06-07 18:00:00', '115', 4, 29, 24, NULL),
('2024-06-07 06:00:00', '2024-06-07 18:00:00', '116', 4, 29, 23, NULL),
('2024-06-07 06:00:00', '2024-06-07 18:00:00', '200', 4, 27, 23, NULL),
('2024-06-07 06:00:00', '2024-06-07 18:00:00', '204', 4, 27, 23, NULL),
('2024-06-07 06:00:00', '2024-06-07 18:00:00', '205', 4, 27, 23, NULL),
('2024-06-07 06:00:00', '2024-06-07 18:00:00', '206', 4, 27, 23, NULL),
('2024-06-07 06:00:00', '2024-06-07 18:00:00', '207', 4, 26, 23, NULL),
('2024-06-07 06:00:00', '2024-06-07 18:00:00', '208', 4, 27, 23, NULL),
('2024-06-07 06:00:00', '2024-06-07 18:00:00', '209', 26, 25, 22, NULL),
('2024-06-07 06:00:00', '2024-06-07 18:00:00', '210', 26, 26, 22, NULL),
('2024-06-07 06:00:00', '2024-06-07 18:00:00', '211', 26, 25, 23, NULL),
('2024-06-07 06:00:00', '2024-06-07 18:00:00', '212', 21, 25, 23, NULL),
('2024-06-07 06:00:00', '2024-06-07 18:00:00', '220', 6, 29, 24, NULL),
('2024-06-07 06:00:00', '2024-06-07 18:00:00', '221', 4, 28, 23, NULL),
('2024-06-07 06:00:00', '2024-06-07 18:00:00', '222', 4, 28, 23, NULL),
('2024-06-07 06:00:00', '2024-06-07 18:00:00', '223', 6, 27, 22, NULL),
('2024-06-07 06:00:00', '2024-06-07 18:00:00', '224', 5, 26, 23, NULL),
('2024-06-07 06:00:00', '2024-06-07 18:00:00', '226', 6, 26, 21, NULL),
('2024-06-07 06:00:00', '2024-06-07 18:00:00', '227', 7, 27, 24, NULL),
('2024-06-07 06:00:00', '2024-06-07 18:00:00', '228', 7, 27, 23, NULL),
('2024-06-07 06:00:00', '2024-06-07 18:00:00', '231', 6, 29, 24, NULL),
('2024-06-07 06:00:00', '2024-06-07 18:00:00', '232', 7, 26, 22, NULL),
('2024-06-07 06:00:00', '2024-06-07 18:00:00', '233', 26, 26, 21, NULL),
('2024-06-07 06:00:00', '2024-06-07 18:00:00', '234', 5, 29, 24, NULL),
('2024-06-07 06:00:00', '2024-06-07 18:00:00', '235', 6, 29, 24, NULL),
('2024-06-07 06:00:00', '2024-06-07 18:00:00', '236', 7, 30, 24, NULL),
('2024-06-07 06:00:00', '2024-06-07 18:00:00', '237', 26, 29, 23, NULL),
('2024-06-07 06:00:00', '2024-06-07 18:00:00', '238', 6, 29, 24, NULL),
('2024-06-07 06:00:00', '2024-06-07 18:00:00', '239', 26, 30, 24, NULL),
('2024-06-07 06:00:00', '2024-06-07 18:00:00', '241', 6, 29, 25, NULL),
('2024-06-07 06:00:00', '2024-06-07 18:00:00', '242', 7, 29, 25, NULL),
('2024-06-07 06:00:00', '2024-06-07 18:00:00', '243', 7, 29, 24, NULL),
('2024-06-07 06:00:00', '2024-06-07 18:00:00', '244', 7, 28, 23, NULL),
('2024-06-07 06:00:00', '2024-06-07 18:00:00', '247', 5, 29, 25, NULL),
('2024-06-07 06:00:00', '2024-06-07 18:00:00', '248', 7, 29, 24, NULL),
('2024-06-07 06:00:00', '2024-06-07 18:00:00', '249', 6, 29, 24, NULL),
('2024-06-07 06:00:00', '2024-06-07 18:00:00', '251', 19, 28, 24, NULL),
('2024-06-07 06:00:00', '2024-06-07 18:00:00', '252', 4, 27, 24, NULL),
('2024-06-07 06:00:00', '2024-06-07 18:00:00', '253', 4, 27, 23, NULL),
('2024-06-07 06:00:00', '2024-06-07 18:00:00', '302', 6, 29, 24, NULL),
('2024-06-07 06:00:00', '2024-06-07 18:00:00', '303', 4, 28, 24, NULL),
('2024-06-07 06:00:00', '2024-06-07 18:00:00', '304', 4, 28, 24, NULL),
('2024-06-07 06:00:00', '2024-06-07 18:00:00', '305', 6, 29, 23, NULL),
('2024-06-07 06:00:00', '2024-06-07 18:00:00', '306', 21, 29, 22, NULL),
('2024-06-07 06:00:00', '2024-06-07 18:00:00', '308', 5, 29, 23, NULL),
('2024-06-07 06:00:00', '2024-06-07 18:00:00', '310', 19, 29, 22, NULL),
('2024-06-07 06:00:00', '2024-06-07 18:00:00', '311', 21, 27, 21, NULL),
('2024-06-07 06:00:00', '2024-06-07 18:00:00', '312', 21, 28, 22, NULL),
('2024-06-07 06:00:00', '2024-06-07 18:00:00', '313', 21, 26, 21, NULL),
('2024-06-07 06:00:00', '2024-06-07 18:00:00', '314', 21, 29, 22, NULL),
('2024-06-07 06:00:00', '2024-06-07 18:00:00', '315', 7, 29, 23, NULL),
('2024-06-07 06:00:00', '2024-06-07 18:00:00', '320', 21, 29, 23, NULL),
('2024-06-07 06:00:00', '2024-06-07 18:00:00', '324', 21, 28, 23, NULL),
('2024-06-07 06:00:00', '2024-06-07 18:00:00', '325', 21, 28, 22, NULL),
('2024-06-07 06:00:00', '2024-06-07 18:00:00', '326', 7, 28, 23, NULL),
('2024-06-07 06:00:00', '2024-06-07 18:00:00', '327', 6, 28, 23, NULL),
('2024-06-07 06:00:00', '2024-06-07 18:00:00', '328', 4, 28, 24, NULL),
('2024-06-07 06:00:00', '2024-06-07 18:00:00', '330', 6, 29, 24, NULL),
('2024-06-07 06:00:00', '2024-06-07 18:00:00', '333', 6, 29, 24, NULL),
('2024-06-07 06:00:00', '2024-06-07 18:00:00', '334', 21, 29, 23, NULL),
('2024-06-07 06:00:00', '2024-06-07 18:00:00', '335', 21, 29, 23, NULL),
('2024-06-07 06:00:00', '2024-06-07 18:00:00', '336', 21, 27, 21, NULL),
('2024-06-07 06:00:00', '2024-06-07 18:00:00', '337', 21, 28, 24, NULL),
('2024-06-07 06:00:00', '2024-06-07 18:00:00', '338', 7, 29, 24, NULL),
('2024-06-07 06:00:00', '2024-06-07 18:00:00', '350', 4, 29, 24, NULL),
('2024-06-07 06:00:00', '2024-06-07 18:00:00', '351', 4, 29, 23, NULL),
('2024-06-07 06:00:00', '2024-06-07 18:00:00', '352', 6, 29, 23, NULL),
('2024-06-07 06:00:00', '2024-06-07 18:00:00', '353', 19, 28, 22, NULL),
('2024-06-07 06:00:00', '2024-06-07 18:00:00', '354', 19, 28, 22, NULL),
('2024-06-07 06:00:00', '2024-06-07 18:00:00', '356', 4, 29, 24, NULL),
('2024-06-07 06:00:00', '2024-06-07 18:00:00', '357', 4, 28, 24, NULL),
('2024-06-07 06:00:00', '2024-06-07 18:00:00', '358', 4, 28, 24, NULL),
('2024-06-07 06:00:00', '2024-06-07 18:00:00', '360', 10, 29, 23, NULL),
('2024-06-07 06:00:00', '2024-06-07 18:00:00', '361', 4, 29, 23, NULL),
('2024-06-07 06:00:00', '2024-06-07 18:00:00', '362', 4, 29, 23, NULL),
('2024-06-07 06:00:00', '2024-06-07 18:00:00', '363', 19, 29, 23, NULL),
('2024-06-07 06:00:00', '2024-06-07 18:00:00', '364', 19, 28, 22, NULL),
('2024-06-07 06:00:00', '2024-06-07 18:00:00', '365', 21, 27, 22, NULL),
('2024-06-07 06:00:00', '2024-06-07 18:00:00', '366', 10, 29, 23, NULL),
('2024-06-07 06:00:00', '2024-06-07 18:00:00', '367', 19, 28, 23, NULL),
('2024-06-07 06:00:00', '2024-06-07 18:00:00', '368', 4, 29, 23, NULL),
('2024-06-07 06:00:00', '2024-06-07 18:00:00', '369', 19, 29, 23, NULL),
('2024-06-07 06:00:00', '2024-06-07 18:00:00', '406', 26, 30, 25, NULL),
('2024-06-07 06:00:00', '2024-06-07 18:00:00', '407', 21, 30, 25, NULL),
('2024-06-07 06:00:00', '2024-06-07 18:00:00', '408', 21, 31, 25, NULL),
('2024-06-07 06:00:00', '2024-06-07 18:00:00', '411', 19, 31, 25, NULL),
('2024-06-07 06:00:00', '2024-06-07 18:00:00', '412', 19, 31, 25, NULL),
('2024-06-07 06:00:00', '2024-06-07 18:00:00', '413', 19, 31, 24, NULL),
('2024-06-07 06:00:00', '2024-06-07 18:00:00', '414', 19, 30, 25, NULL),
('2024-06-07 06:00:00', '2024-06-07 18:00:00', '420', 26, 30, 24, NULL),
('2024-06-07 06:00:00', '2024-06-07 18:00:00', '421', 26, 29, 24, NULL),
('2024-06-07 06:00:00', '2024-06-07 18:00:00', '422', 21, 29, 23, NULL),
('2024-06-07 06:00:00', '2024-06-07 18:00:00', '423', 19, 29, 23, NULL),
('2024-06-07 06:00:00', '2024-06-07 18:00:00', '424', 10, 27, 22, NULL),
('2024-06-07 06:00:00', '2024-06-07 18:00:00', '426', 10, 29, 23, NULL),
('2024-06-07 06:00:00', '2024-06-07 18:00:00', '427', 26, 30, 24, NULL),
('2024-06-07 06:00:00', '2024-06-07 18:00:00', '428', 26, 29, 24, NULL),
('2024-06-07 06:00:00', '2024-06-07 18:00:00', '429', 21, 29, 24, NULL),
('2024-06-07 06:00:00', '2024-06-07 18:00:00', '432', 10, 30, 25, NULL),
('2024-06-07 06:00:00', '2024-06-07 18:00:00', '433', 10, 29, 25, NULL),
('2024-06-07 06:00:00', '2024-06-07 18:00:00', '434', 4, 29, 25, NULL),
('2024-06-07 06:00:00', '2024-06-07 18:00:00', '435', 4, 29, 25, NULL),
('2024-06-07 06:00:00', '2024-06-07 18:00:00', '436', 10, 29, 25, NULL),
('2024-06-07 06:00:00', '2024-06-07 18:00:00', '437', 4, 28, 24, NULL),
('2024-06-07 06:00:00', '2024-06-07 18:00:00', '438', 21, 29, 24, NULL),
('2024-06-07 06:00:00', '2024-06-07 18:00:00', '500', 10, 30, 25, NULL),
('2024-06-07 06:00:00', '2024-06-07 18:00:00', '502', 10, 31, 24, NULL),
('2024-06-07 06:00:00', '2024-06-07 18:00:00', '503', 10, 31, 25, NULL),
('2024-06-07 06:00:00', '2024-06-07 18:00:00', '504', 4, 31, 25, NULL),
('2024-06-07 06:00:00', '2024-06-07 18:00:00', '505', 4, 30, 25, NULL),
('2024-06-07 06:00:00', '2024-06-07 18:00:00', '506', 4, 30, 25, NULL),
('2024-06-07 06:00:00', '2024-06-07 18:00:00', '507', 4, 29, 25, NULL),
('2024-06-07 06:00:00', '2024-06-07 18:00:00', '508', 4, 30, 25, NULL),
('2024-06-07 06:00:00', '2024-06-07 18:00:00', '509', 4, 29, 25, NULL),
('2024-06-07 06:00:00', '2024-06-07 18:00:00', '511', 10, 31, 25, NULL),
('2024-06-07 06:00:00', '2024-06-07 18:00:00', '512', 10, 31, 25, NULL),
('2024-06-07 06:00:00', '2024-06-07 18:00:00', '513', 10, 31, 25, NULL),
('2024-06-07 06:00:00', '2024-06-07 18:00:00', '514', 10, 31, 25, NULL),
('2024-06-07 06:00:00', '2024-06-07 18:00:00', '515', 10, 31, 25, NULL),
('2024-06-07 06:00:00', '2024-06-07 18:00:00', '516', 4, 31, 25, NULL),
('2024-06-07 06:00:00', '2024-06-07 18:00:00', '520', 10, 31, 25, NULL),
('2024-06-07 06:00:00', '2024-06-07 18:00:00', '521', 19, 31, 25, NULL),
('2024-06-07 06:00:00', '2024-06-07 18:00:00', '522', 10, 31, 25, NULL),
('2024-06-07 06:00:00', '2024-06-07 18:00:00', '523', 10, 31, 25, NULL),
('2024-06-07 06:00:00', '2024-06-07 18:00:00', '524', 19, 31, 25, NULL),
('2024-06-07 06:00:00', '2024-06-07 18:00:00', '525', 10, 30, 25, NULL),
('2024-06-07 06:00:00', '2024-06-07 18:00:00', '526', 5, 29, 25, NULL),
('2024-06-07 06:00:00', '2024-06-07 18:00:00', '527', 6, 29, 25, NULL),
('2024-06-07 06:00:00', '2024-06-07 18:00:00', '528', 5, 29, 25, NULL),
('2024-06-07 06:00:00', '2024-06-07 18:00:00', '530', 10, 31, 24, NULL),
('2024-06-07 06:00:00', '2024-06-07 18:00:00', '540', 10, 31, 24, NULL),
('2024-06-07 06:00:00', '2024-06-07 18:00:00', '541', 19, 30, 24, NULL),
('2024-06-07 06:00:00', '2024-06-07 18:00:00', '542', 10, 31, 24, NULL),
('2024-06-07 06:00:00', '2024-06-07 18:00:00', '544', 21, 29, 23, NULL),
('2024-06-07 06:00:00', '2024-06-07 18:00:00', '545', 26, 29, 22, NULL),
('2024-06-07 06:00:00', '2024-06-07 18:00:00', '546', 21, 25, 19, NULL),
('2024-06-07 06:00:00', '2024-06-07 18:00:00', '551', 19, 30, 23, NULL),
('2024-06-07 06:00:00', '2024-06-07 18:00:00', '552', 19, 30, 23, NULL),
('2024-06-07 06:00:00', '2024-06-07 18:00:00', '553', 21, 29, 23, NULL),
('2024-06-07 06:00:00', '2024-06-07 18:00:00', '555', 21, 27, 21, NULL),
('2024-06-07 06:00:00', '2024-06-07 18:00:00', '556', 19, 27, 21, NULL),
('2024-06-07 06:00:00', '2024-06-07 18:00:00', '557', 19, 31, 24, NULL),
('2024-06-07 06:00:00', '2024-06-07 18:00:00', '558', 19, 28, 22, NULL),
('2024-06-07 06:00:00', '2024-06-07 18:00:00', '602', 21, 30, 24, NULL),
('2024-06-07 06:00:00', '2024-06-07 18:00:00', '603', 19, 30, 24, NULL),
('2024-06-07 06:00:00', '2024-06-07 18:00:00', '604', 21, 30, 23, NULL),
('2024-06-07 06:00:00', '2024-06-07 18:00:00', '606', 21, 30, 24, NULL),
('2024-06-07 06:00:00', '2024-06-07 18:00:00', '607', 26, 29, 23, NULL),
('2024-06-07 06:00:00', '2024-06-07 18:00:00', '608', 19, 31, 24, NULL),
('2024-06-07 06:00:00', '2024-06-07 18:00:00', '611', 5, 31, 24, NULL),
('2024-06-07 06:00:00', '2024-06-07 18:00:00', '612', 19, 31, 24, NULL),
('2024-06-07 06:00:00', '2024-06-07 18:00:00', '613', 4, 30, 24, NULL),
('2024-06-07 06:00:00', '2024-06-07 18:00:00', '614', 4, 30, 25, NULL),
('2024-06-07 06:00:00', '2024-06-07 18:00:00', '615', 19, 30, 24, NULL),
('2024-06-07 06:00:00', '2024-06-07 18:00:00', '616', 19, 30, 24, NULL),
('2024-06-07 06:00:00', '2024-06-07 18:00:00', '621', 19, 31, 24, NULL),
('2024-06-07 06:00:00', '2024-06-07 18:00:00', '622', 19, 31, 25, NULL),
('2024-06-07 06:00:00', '2024-06-07 18:00:00', '623', 19, 31, 25, NULL),
('2024-06-07 06:00:00', '2024-06-07 18:00:00', '624', 4, 30, 25, NULL),
('2024-06-07 06:00:00', '2024-06-07 18:00:00', '625', 4, 30, 25, NULL),
('2024-06-07 06:00:00', '2024-06-07 18:00:00', '630', 19, 31, 25, NULL),
('2024-06-07 06:00:00', '2024-06-07 18:00:00', '631', 19, 31, 25, NULL),
('2024-06-07 06:00:00', '2024-06-07 18:00:00', '632', 19, 31, 25, NULL),
('2024-06-07 06:00:00', '2024-06-07 18:00:00', '633', 19, 30, 25, NULL),
('2024-06-07 06:00:00', '2024-06-07 18:00:00', '634', 4, 30, 25, NULL),
('2024-06-07 06:00:00', '2024-06-07 18:00:00', '635', 4, 30, 25, NULL),
('2024-06-07 06:00:00', '2024-06-07 18:00:00', '636', 5, 29, 25, NULL),
('2024-06-07 06:00:00', '2024-06-07 18:00:00', '637', 19, 30, 24, NULL),
('2024-06-07 06:00:00', '2024-06-07 18:00:00', '638', 6, 29, 25, NULL),
('2024-06-07 06:00:00', '2024-06-07 18:00:00', '640', 19, 31, 24, NULL),
('2024-06-07 06:00:00', '2024-06-07 18:00:00', '643', 19, 31, 24, NULL),
('2024-06-07 06:00:00', '2024-06-07 18:00:00', '646', 19, 31, 24, NULL),
('2024-06-07 06:00:00', '2024-06-07 18:00:00', '647', 19, 30, 24, NULL),
('2024-06-07 06:00:00', '2024-06-07 18:00:00', '648', 19, 31, 25, NULL),
('2024-06-07 06:00:00', '2024-06-07 18:00:00', '649', 10, 30, 25, NULL),
('2024-06-07 06:00:00', '2024-06-07 18:00:00', '651', 19, 30, 25, NULL),
('2024-06-07 06:00:00', '2024-06-07 18:00:00', '652', 4, 30, 25, NULL),
('2024-06-07 06:00:00', '2024-06-07 18:00:00', '653', 4, 30, 25, NULL),
('2024-06-07 06:00:00', '2024-06-07 18:00:00', '654', 5, 30, 25, NULL),
('2024-06-07 06:00:00', '2024-06-07 18:00:00', '655', 10, 30, 25, NULL),
('2024-06-07 06:00:00', '2024-06-07 18:00:00', '700', 5, 31, 26, NULL),
('2024-06-07 06:00:00', '2024-06-07 18:00:00', '701', 5, 31, 26, NULL),
('2024-06-07 06:00:00', '2024-06-07 18:00:00', '702', 19, 31, 26, NULL),
('2024-06-07 06:00:00', '2024-06-07 18:00:00', '704', 5, 31, 26, NULL),
('2024-06-07 06:00:00', '2024-06-07 18:00:00', '708', 4, 31, 26, NULL),
('2024-06-07 06:00:00', '2024-06-07 18:00:00', '709', 4, 31, 26, NULL),
('2024-06-07 06:00:00', '2024-06-07 18:00:00', '710', 6, 31, 25, NULL),
('2024-06-07 06:00:00', '2024-06-07 18:00:00', '711', 6, 31, 25, NULL),
('2024-06-07 06:00:00', '2024-06-07 18:00:00', '712', 21, 31, 25, NULL),
('2024-06-07 06:00:00', '2024-06-07 18:00:00', '713', 21, 31, 25, NULL),
('2024-06-07 06:00:00', '2024-06-07 18:00:00', '714', 26, 31, 25, NULL),
('2024-06-07 06:00:00', '2024-06-07 18:00:00', '715', 26, 31, 25, NULL),
('2024-06-07 06:00:00', '2024-06-07 18:00:00', '716', 26, 31, 24, NULL),
('2024-06-07 06:00:00', '2024-06-07 18:00:00', '717', 6, 31, 25, NULL),
('2024-06-07 06:00:00', '2024-06-07 18:00:00', '718', 26, 31, 25, NULL),
('2024-06-07 06:00:00', '2024-06-07 18:00:00', '719', 26, 31, 25, NULL),
('2024-06-07 06:00:00', '2024-06-07 18:00:00', '720', 21, 31, 25, NULL),
('2024-06-07 06:00:00', '2024-06-07 18:00:00', '721', 21, 31, 25, NULL),
('2024-06-07 06:00:00', '2024-06-07 18:00:00', '722', 10, 31, 25, NULL),
('2024-06-07 06:00:00', '2024-06-07 18:00:00', '723', 10, 31, 25, NULL),
('2024-06-07 06:00:00', '2024-06-07 18:00:00', '725', 10, 31, 25, NULL),
('2024-06-07 06:00:00', '2024-06-07 18:00:00', '726', 10, 31, 25, NULL),
('2024-06-07 06:00:00', '2024-06-07 18:00:00', '727', 4, 29, 25, NULL),
('2024-06-07 06:00:00', '2024-06-07 18:00:00', '730', 5, 31, 25, NULL),
('2024-06-07 06:00:00', '2024-06-07 18:00:00', '731', 5, 31, 24, NULL),
('2024-06-07 06:00:00', '2024-06-07 18:00:00', '732', 19, 31, 24, NULL),
('2024-06-07 06:00:00', '2024-06-07 18:00:00', '733', 5, 31, 24, NULL),
('2024-06-07 06:00:00', '2024-06-07 18:00:00', '734', 21, 31, 25, NULL),
('2024-06-07 06:00:00', '2024-06-07 18:00:00', '735', 5, 31, 25, NULL),
('2024-06-07 06:00:00', '2024-06-07 18:00:00', '736', 5, 31, 25, NULL),
('2024-06-07 06:00:00', '2024-06-07 18:00:00', '737', 5, 31, 25, NULL),
('2024-06-07 06:00:00', '2024-06-07 18:00:00', '741', 19, 31, 25, NULL),
('2024-06-07 06:00:00', '2024-06-07 18:00:00', '742', 21, 31, 25, NULL),
('2024-06-07 06:00:00', '2024-06-07 18:00:00', '743', 21, 32, 25, NULL),
('2024-06-07 06:00:00', '2024-06-07 18:00:00', '744', 10, 31, 25, NULL),
('2024-06-07 06:00:00', '2024-06-07 18:00:00', '745', 10, 31, 25, NULL),
('2024-06-07 06:00:00', '2024-06-07 18:00:00', '800', 7, 31, 27, NULL),
('2024-06-07 06:00:00', '2024-06-07 18:00:00', '801', 7, 31, 26, NULL),
('2024-06-07 06:00:00', '2024-06-07 18:00:00', '802', 7, 31, 27, NULL),
('2024-06-07 06:00:00', '2024-06-07 18:00:00', '803', 7, 31, 26, NULL),
('2024-06-07 06:00:00', '2024-06-07 18:00:00', '804', 7, 31, 26, NULL),
('2024-06-07 06:00:00', '2024-06-07 18:00:00', '805', 6, 31, 26, NULL),
('2024-06-07 06:00:00', '2024-06-07 18:00:00', '806', 7, 31, 27, NULL),
('2024-06-07 06:00:00', '2024-06-07 18:00:00', '807', 7, 31, 26, NULL),
('2024-06-07 06:00:00', '2024-06-07 18:00:00', '811', 7, 31, 26, NULL),
('2024-06-07 06:00:00', '2024-06-07 18:00:00', '812', 6, 31, 26, NULL),
('2024-06-07 06:00:00', '2024-06-07 18:00:00', '813', 7, 30, 26, NULL),
('2024-06-07 06:00:00', '2024-06-07 18:00:00', '814', 7, 31, 26, NULL),
('2024-06-07 06:00:00', '2024-06-07 18:00:00', '815', 7, 31, 26, NULL),
('2024-06-07 06:00:00', '2024-06-07 18:00:00', '820', 7, 31, 26, NULL),
('2024-06-07 06:00:00', '2024-06-07 18:00:00', '821', 7, 31, 25, NULL),
('2024-06-07 06:00:00', '2024-06-07 18:00:00', '822', 26, 31, 25, NULL),
('2024-06-07 06:00:00', '2024-06-07 18:00:00', '823', 7, 31, 25, NULL),
('2024-06-07 06:00:00', '2024-06-07 18:00:00', '824', 7, 31, 25, NULL),
('2024-06-07 06:00:00', '2024-06-07 18:00:00', '825', 7, 32, 26, NULL),
('2024-06-07 06:00:00', '2024-06-07 18:00:00', '826', 7, 31, 26, NULL),
('2024-06-07 06:00:00', '2024-06-07 18:00:00', '827', 7, 30, 26, NULL),
('2024-06-07 06:00:00', '2024-06-07 18:00:00', '828', 7, 30, 26, NULL),
('2024-06-07 06:00:00', '2024-06-07 18:00:00', '829', 7, 31, 26, NULL),
('2024-06-07 06:00:00', '2024-06-07 18:00:00', '830', 7, 32, 26, NULL),
('2024-06-07 06:00:00', '2024-06-07 18:00:00', '831', 7, 32, 26, NULL),
('2024-06-07 06:00:00', '2024-06-07 18:00:00', '832', 6, 31, 26, NULL),
('2024-06-07 06:00:00', '2024-06-07 18:00:00', '833', 7, 31, 26, NULL),
('2024-06-07 06:00:00', '2024-06-07 18:00:00', '840', 7, 32, 25, NULL),
('2024-06-07 06:00:00', '2024-06-07 18:00:00', '842', 26, 32, 25, NULL),
('2024-06-07 06:00:00', '2024-06-07 18:00:00', '843', 26, 32, 25, NULL),
('2024-06-07 06:00:00', '2024-06-07 18:00:00', '844', 26, 30, 23, NULL),
('2024-06-07 06:00:00', '2024-06-07 18:00:00', '845', 26, 31, 25, NULL),
('2024-06-07 06:00:00', '2024-06-07 18:00:00', '846', 26, 31, 24, NULL),
('2024-06-07 06:00:00', '2024-06-07 18:00:00', '847', 26, 29, 23, NULL),
('2024-06-07 06:00:00', '2024-06-07 18:00:00', '848', 26, 27, 21, NULL),
('2024-06-07 06:00:00', '2024-06-07 18:00:00', '849', 26, 25, 20, NULL),
('2024-06-07 06:00:00', '2024-06-07 18:00:00', '851', 26, 29, 24, NULL),
('2024-06-07 06:00:00', '2024-06-07 18:00:00', '852', 7, 31, 26, NULL),
('2024-06-07 06:00:00', '2024-06-07 18:00:00', '880', 21, 28, 25, NULL),
('2024-06-07 06:00:00', '2024-06-07 18:00:00', '881', 21, 27, 25, NULL),
('2024-06-07 06:00:00', '2024-06-07 18:00:00', '882', 21, 28, 26, NULL),
('2024-06-07 06:00:00', '2024-06-07 18:00:00', '883', 21, 28, 26, NULL),
('2024-06-07 06:00:00', '2024-06-07 18:00:00', '884', 21, 28, 25, NULL),
('2024-06-07 06:00:00', '2024-06-07 18:00:00', '885', 21, 28, 25, NULL),
('2024-06-07 06:00:00', '2024-06-07 18:00:00', '890', 26, 26, 23, NULL),
('2024-06-07 06:00:00', '2024-06-07 18:00:00', '891', 26, 26, 23, NULL),
('2024-06-07 06:00:00', '2024-06-07 18:00:00', '892', 26, 26, 23, NULL),
('2024-06-07 06:00:00', '2024-06-07 18:00:00', '893', 26, 26, 23, NULL),
('2024-06-07 06:00:00', '2024-06-07 18:00:00', '894', 26, 26, 23, NULL),
('2024-06-07 06:00:00', '2024-06-07 18:00:00', '896', 26, 28, 24, NULL),
('2024-06-07 06:00:00', '2024-06-07 18:00:00', '900', 6, 32, 25, NULL),
('2024-06-07 06:00:00', '2024-06-07 18:00:00', '902', 26, 28, 23, NULL),
('2024-06-07 06:00:00', '2024-06-07 18:00:00', '903', 21, 30, 24, NULL),
('2024-06-07 06:00:00', '2024-06-07 18:00:00', '904', 7, 32, 25, NULL),
('2024-06-07 06:00:00', '2024-06-07 18:00:00', '905', 7, 32, 25, NULL),
('2024-06-07 06:00:00', '2024-06-07 18:00:00', '906', 26, 31, 25, NULL),
('2024-06-07 06:00:00', '2024-06-07 18:00:00', '907', 21, 31, 26, NULL),
('2024-06-07 06:00:00', '2024-06-07 18:00:00', '908', 6, 32, 26, NULL),
('2024-06-07 06:00:00', '2024-06-07 18:00:00', '909', 6, 32, 26, NULL),
('2024-06-07 06:00:00', '2024-06-07 18:00:00', '911', 19, 32, 26, NULL),
('2024-06-07 06:00:00', '2024-06-07 18:00:00', '912', 5, 32, 25, NULL),
('2024-06-07 06:00:00', '2024-06-07 18:00:00', '913', 21, 32, 26, NULL),
('2024-06-07 06:00:00', '2024-06-07 18:00:00', '921', 21, 31, 25, NULL),
('2024-06-07 06:00:00', '2024-06-07 18:00:00', '922', 21, 31, 24, NULL),
('2024-06-07 06:00:00', '2024-06-07 18:00:00', '923', 19, 31, 25, NULL),
('2024-06-07 06:00:00', '2024-06-07 18:00:00', '924', 21, 31, 26, NULL),
('2024-06-07 06:00:00', '2024-06-07 18:00:00', '925', 26, 32, 26, NULL),
('2024-06-07 06:00:00', '2024-06-07 18:00:00', '926', 21, 31, 26, NULL),
('2024-06-07 06:00:00', '2024-06-07 18:00:00', '927', 7, 31, 26, NULL),
('2024-06-07 06:00:00', '2024-06-07 18:00:00', '928', 26, 31, 26, NULL),
('2024-06-07 06:00:00', '2024-06-07 18:00:00', '929', 4, 31, 26, NULL),
('2024-06-07 06:00:00', '2024-06-07 18:00:00', '931', 26, 31, 26, NULL),
('2024-06-07 06:00:00', '2024-06-07 18:00:00', '932', 21, 32, 26, NULL),
('2024-06-07 06:00:00', '2024-06-07 18:00:00', '940', 7, 31, 26, NULL),
('2024-06-07 06:00:00', '2024-06-07 18:00:00', '941', 7, 30, 26, NULL),
('2024-06-07 06:00:00', '2024-06-07 18:00:00', '942', 7, 31, 25, NULL),
('2024-06-07 06:00:00', '2024-06-07 18:00:00', '943', 6, 30, 25, NULL),
('2024-06-07 06:00:00', '2024-06-07 18:00:00', '944', 6, 31, 26, NULL),
('2024-06-07 06:00:00', '2024-06-07 18:00:00', '945', 7, 30, 25, NULL),
('2024-06-07 06:00:00', '2024-06-07 18:00:00', '947', 7, 30, 25, NULL),
('2024-06-07 06:00:00', '2024-06-07 18:00:00', '950', 26, 30, 25, NULL),
('2024-06-07 06:00:00', '2024-06-07 18:00:00', '951', 6, 30, 26, NULL),
('2024-06-07 06:00:00', '2024-06-07 18:00:00', '952', 5, 29, 26, NULL),
('2024-06-07 06:00:00', '2024-06-07 18:00:00', '953', 26, 29, 23, NULL),
('2024-06-07 06:00:00', '2024-06-07 18:00:00', '954', 26, 30, 24, NULL),
('2024-06-07 06:00:00', '2024-06-07 18:00:00', '955', 26, 29, 23, NULL),
('2024-06-07 06:00:00', '2024-06-07 18:00:00', '956', 26, 29, 23, NULL),
('2024-06-07 06:00:00', '2024-06-07 18:00:00', '957', 26, 27, 22, NULL),
('2024-06-07 06:00:00', '2024-06-07 18:00:00', '958', 7, 29, 23, NULL),
('2024-06-07 06:00:00', '2024-06-07 18:00:00', '959', 26, 30, 25, NULL),
('2024-06-07 06:00:00', '2024-06-07 18:00:00', '961', 26, 30, 25, NULL),
('2024-06-07 06:00:00', '2024-06-07 18:00:00', '962', 26, 30, 25, NULL),
('2024-06-07 06:00:00', '2024-06-07 18:00:00', '964', 7, 28, 23, NULL),
('2024-06-07 06:00:00', '2024-06-07 18:00:00', '965', 6, 30, 25, NULL),
('2024-06-07 06:00:00', '2024-06-07 18:00:00', '966', 6, 30, 25, NULL),
('2024-06-07 06:00:00', '2024-06-07 18:00:00', '970', 7, 28, 24, NULL),
('2024-06-07 06:00:00', '2024-06-07 18:00:00', '971', 26, 28, 24, NULL),
('2024-06-07 06:00:00', '2024-06-07 18:00:00', '972', 26, 26, 22, NULL),
('2024-06-07 06:00:00', '2024-06-07 18:00:00', '973', 26, 28, 24, NULL),
('2024-06-07 06:00:00', '2024-06-07 18:00:00', '974', 26, 28, 24, NULL),
('2024-06-07 06:00:00', '2024-06-07 18:00:00', '975', 26, 28, 23, NULL),
('2024-06-07 06:00:00', '2024-06-07 18:00:00', '976', 26, 28, 23, NULL),
('2024-06-07 06:00:00', '2024-06-07 18:00:00', '977', 26, 28, 23, NULL),
('2024-06-07 06:00:00', '2024-06-07 18:00:00', '978', 26, 29, 23, NULL),
('2024-06-07 06:00:00', '2024-06-07 18:00:00', '979', 26, 28, 23, NULL),
('2024-06-07 06:00:00', '2024-06-07 18:00:00', '981', 7, 29, 23, NULL),
('2024-06-07 06:00:00', '2024-06-07 18:00:00', '982', 26, 28, 22, NULL),
('2024-06-07 06:00:00', '2024-06-07 18:00:00', '983', 26, 28, 22, NULL),
('2024-06-07 18:00:00', '2024-06-08 06:00:00', '100', 4, 27, 25, NULL),
('2024-06-07 18:00:00', '2024-06-08 06:00:00', '103', 4, 28, 25, NULL),
('2024-06-07 18:00:00', '2024-06-08 06:00:00', '104', 4, 28, 25, NULL),
('2024-06-07 18:00:00', '2024-06-08 06:00:00', '105', 4, 27, 25, NULL),
('2024-06-07 18:00:00', '2024-06-08 06:00:00', '106', 4, 27, 25, NULL),
('2024-06-07 18:00:00', '2024-06-08 06:00:00', '108', 4, 27, 25, NULL),
('2024-06-07 18:00:00', '2024-06-08 06:00:00', '110', 4, 27, 25, NULL),
('2024-06-07 18:00:00', '2024-06-08 06:00:00', '111', 4, 27, 25, NULL),
('2024-06-07 18:00:00', '2024-06-08 06:00:00', '112', 4, 27, 25, NULL),
('2024-06-07 18:00:00', '2024-06-08 06:00:00', '114', 4, 27, 25, NULL),
('2024-06-07 18:00:00', '2024-06-08 06:00:00', '115', 4, 27, 24, NULL),
('2024-06-07 18:00:00', '2024-06-08 06:00:00', '116', 4, 26, 24, NULL),
('2024-06-07 18:00:00', '2024-06-08 06:00:00', '200', 4, 26, 24, NULL),
('2024-06-07 18:00:00', '2024-06-08 06:00:00', '204', 4, 26, 24, NULL),
('2024-06-07 18:00:00', '2024-06-08 06:00:00', '205', 4, 26, 24, NULL),
('2024-06-07 18:00:00', '2024-06-08 06:00:00', '206', 4, 26, 23, NULL),
('2024-06-07 18:00:00', '2024-06-08 06:00:00', '207', 4, 25, 23, NULL),
('2024-06-07 18:00:00', '2024-06-08 06:00:00', '208', 4, 25, 24, NULL),
('2024-06-07 18:00:00', '2024-06-08 06:00:00', '209', 71, 24, 23, NULL),
('2024-06-07 18:00:00', '2024-06-08 06:00:00', '210', 71, 24, 23, NULL),
('2024-06-07 18:00:00', '2024-06-08 06:00:00', '211', 4, 24, 23, NULL),
('2024-06-07 18:00:00', '2024-06-08 06:00:00', '212', 54, 25, 24, NULL),
('2024-06-07 18:00:00', '2024-06-08 06:00:00', '220', 4, 27, 25, NULL),
('2024-06-07 18:00:00', '2024-06-08 06:00:00', '221', 4, 26, 23, NULL),
('2024-06-07 18:00:00', '2024-06-08 06:00:00', '222', 4, 26, 23, NULL),
('2024-06-07 18:00:00', '2024-06-08 06:00:00', '223', 6, 25, 23, NULL),
('2024-06-07 18:00:00', '2024-06-08 06:00:00', '224', 4, 25, 23, NULL),
('2024-06-07 18:00:00', '2024-06-08 06:00:00', '226', 5, 24, 22, NULL),
('2024-06-07 18:00:00', '2024-06-08 06:00:00', '227', 5, 26, 24, NULL),
('2024-06-07 18:00:00', '2024-06-08 06:00:00', '228', 5, 25, 24, NULL),
('2024-06-07 18:00:00', '2024-06-08 06:00:00', '231', 5, 27, 24, NULL),
('2024-06-07 18:00:00', '2024-06-08 06:00:00', '232', 7, 24, 22, NULL),
('2024-06-07 18:00:00', '2024-06-08 06:00:00', '233', 26, 23, 21, NULL),
('2024-06-07 18:00:00', '2024-06-08 06:00:00', '234', 4, 27, 25, NULL),
('2024-06-07 18:00:00', '2024-06-08 06:00:00', '235', 4, 27, 24, NULL),
('2024-06-07 18:00:00', '2024-06-08 06:00:00', '236', 4, 27, 24, NULL),
('2024-06-07 18:00:00', '2024-06-08 06:00:00', '237', 4, 27, 24, NULL),
('2024-06-07 18:00:00', '2024-06-08 06:00:00', '238', 4, 27, 25, NULL),
('2024-06-07 18:00:00', '2024-06-08 06:00:00', '239', 4, 27, 24, NULL),
('2024-06-07 18:00:00', '2024-06-08 06:00:00', '241', 4, 28, 25, NULL),
('2024-06-07 18:00:00', '2024-06-08 06:00:00', '242', 4, 27, 25, NULL),
('2024-06-07 18:00:00', '2024-06-08 06:00:00', '243', 4, 27, 25, NULL),
('2024-06-07 18:00:00', '2024-06-08 06:00:00', '244', 4, 26, 24, NULL),
('2024-06-07 18:00:00', '2024-06-08 06:00:00', '247', 4, 28, 25, NULL),
('2024-06-07 18:00:00', '2024-06-08 06:00:00', '248', 4, 27, 25, NULL),
('2024-06-07 18:00:00', '2024-06-08 06:00:00', '249', 4, 27, 24, NULL),
('2024-06-07 18:00:00', '2024-06-08 06:00:00', '251', 4, 27, 25, NULL),
('2024-06-07 18:00:00', '2024-06-08 06:00:00', '252', 4, 25, 24, NULL),
('2024-06-07 18:00:00', '2024-06-08 06:00:00', '253', 4, 25, 24, NULL),
('2024-06-07 18:00:00', '2024-06-08 06:00:00', '302', 5, 27, 24, NULL),
('2024-06-07 18:00:00', '2024-06-08 06:00:00', '303', 6, 27, 24, NULL),
('2024-06-07 18:00:00', '2024-06-08 06:00:00', '304', 5, 27, 24, NULL),
('2024-06-07 18:00:00', '2024-06-08 06:00:00', '305', 5, 27, 24, NULL),
('2024-06-07 18:00:00', '2024-06-08 06:00:00', '306', 4, 26, 23, NULL),
('2024-06-07 18:00:00', '2024-06-08 06:00:00', '308', 4, 27, 24, NULL),
('2024-06-07 18:00:00', '2024-06-08 06:00:00', '310', 4, 27, 23, NULL),
('2024-06-07 18:00:00', '2024-06-08 06:00:00', '311', 21, 24, 21, NULL),
('2024-06-07 18:00:00', '2024-06-08 06:00:00', '312', 4, 26, 23, NULL),
('2024-06-07 18:00:00', '2024-06-08 06:00:00', '313', 4, 24, 21, NULL),
('2024-06-07 18:00:00', '2024-06-08 06:00:00', '314', 4, 27, 23, NULL),
('2024-06-07 18:00:00', '2024-06-08 06:00:00', '315', 4, 27, 23, NULL),
('2024-06-07 18:00:00', '2024-06-08 06:00:00', '320', 4, 27, 24, NULL),
('2024-06-07 18:00:00', '2024-06-08 06:00:00', '324', 4, 26, 24, NULL),
('2024-06-07 18:00:00', '2024-06-08 06:00:00', '325', 4, 26, 23, NULL),
('2024-06-07 18:00:00', '2024-06-08 06:00:00', '326', 5, 26, 23, NULL),
('2024-06-07 18:00:00', '2024-06-08 06:00:00', '327', 6, 26, 24, NULL),
('2024-06-07 18:00:00', '2024-06-08 06:00:00', '328', 5, 26, 24, NULL),
('2024-06-07 18:00:00', '2024-06-08 06:00:00', '330', 4, 27, 24, NULL),
('2024-06-07 18:00:00', '2024-06-08 06:00:00', '333', 4, 27, 24, NULL),
('2024-06-07 18:00:00', '2024-06-08 06:00:00', '334', 4, 26, 23, NULL),
('2024-06-07 18:00:00', '2024-06-08 06:00:00', '335', 4, 26, 23, NULL),
('2024-06-07 18:00:00', '2024-06-08 06:00:00', '336', 10, 24, 22, NULL),
('2024-06-07 18:00:00', '2024-06-08 06:00:00', '337', 5, 27, 24, NULL),
('2024-06-07 18:00:00', '2024-06-08 06:00:00', '338', 4, 27, 24, NULL),
('2024-06-07 18:00:00', '2024-06-08 06:00:00', '350', 4, 27, 24, NULL),
('2024-06-07 18:00:00', '2024-06-08 06:00:00', '351', 4, 28, 24, NULL),
('2024-06-07 18:00:00', '2024-06-08 06:00:00', '352', 4, 27, 23, NULL),
('2024-06-07 18:00:00', '2024-06-08 06:00:00', '353', 4, 25, 22, NULL),
('2024-06-07 18:00:00', '2024-06-08 06:00:00', '354', 10, 25, 22, NULL),
('2024-06-07 18:00:00', '2024-06-08 06:00:00', '356', 4, 27, 24, NULL),
('2024-06-07 18:00:00', '2024-06-08 06:00:00', '357', 4, 27, 25, NULL),
('2024-06-07 18:00:00', '2024-06-08 06:00:00', '358', 4, 27, 25, NULL),
('2024-06-07 18:00:00', '2024-06-08 06:00:00', '360', 4, 27, 24, NULL),
('2024-06-07 18:00:00', '2024-06-08 06:00:00', '361', 4, 27, 24, NULL),
('2024-06-07 18:00:00', '2024-06-08 06:00:00', '362', 4, 27, 24, NULL),
('2024-06-07 18:00:00', '2024-06-08 06:00:00', '363', 10, 26, 23, NULL),
('2024-06-07 18:00:00', '2024-06-08 06:00:00', '364', 10, 25, 22, NULL),
('2024-06-07 18:00:00', '2024-06-08 06:00:00', '365', 10, 24, 22, NULL),
('2024-06-07 18:00:00', '2024-06-08 06:00:00', '366', 10, 27, 24, NULL),
('2024-06-07 18:00:00', '2024-06-08 06:00:00', '367', 10, 26, 23, NULL),
('2024-06-07 18:00:00', '2024-06-08 06:00:00', '368', 4, 27, 24, NULL),
('2024-06-07 18:00:00', '2024-06-08 06:00:00', '369', 10, 26, 23, NULL),
('2024-06-07 18:00:00', '2024-06-08 06:00:00', '406', 10, 28, 25, NULL),
('2024-06-07 18:00:00', '2024-06-08 06:00:00', '407', 4, 28, 25, NULL),
('2024-06-07 18:00:00', '2024-06-08 06:00:00', '408', 4, 29, 25, NULL),
('2024-06-07 18:00:00', '2024-06-08 06:00:00', '411', 10, 29, 25, NULL),
('2024-06-07 18:00:00', '2024-06-08 06:00:00', '412', 10, 29, 25, NULL),
('2024-06-07 18:00:00', '2024-06-08 06:00:00', '413', 10, 28, 25, NULL),
('2024-06-07 18:00:00', '2024-06-08 06:00:00', '414', 4, 28, 25, NULL),
('2024-06-07 18:00:00', '2024-06-08 06:00:00', '420', 10, 28, 25, NULL),
('2024-06-07 18:00:00', '2024-06-08 06:00:00', '421', 4, 27, 24, NULL),
('2024-06-07 18:00:00', '2024-06-08 06:00:00', '422', 10, 27, 24, NULL),
('2024-06-07 18:00:00', '2024-06-08 06:00:00', '423', 10, 26, 23, NULL),
('2024-06-07 18:00:00', '2024-06-08 06:00:00', '424', 10, 25, 22, NULL),
('2024-06-07 18:00:00', '2024-06-08 06:00:00', '426', 10, 26, 23, NULL),
('2024-06-07 18:00:00', '2024-06-08 06:00:00', '427', 10, 28, 25, NULL),
('2024-06-07 18:00:00', '2024-06-08 06:00:00', '428', 4, 27, 25, NULL),
('2024-06-07 18:00:00', '2024-06-08 06:00:00', '429', 4, 27, 24, NULL),
('2024-06-07 18:00:00', '2024-06-08 06:00:00', '432', 4, 28, 25, NULL),
('2024-06-07 18:00:00', '2024-06-08 06:00:00', '433', 4, 28, 25, NULL),
('2024-06-07 18:00:00', '2024-06-08 06:00:00', '434', 4, 28, 25, NULL),
('2024-06-07 18:00:00', '2024-06-08 06:00:00', '435', 4, 28, 25, NULL),
('2024-06-07 18:00:00', '2024-06-08 06:00:00', '436', 4, 27, 25, NULL),
('2024-06-07 18:00:00', '2024-06-08 06:00:00', '437', 4, 27, 25, NULL),
('2024-06-07 18:00:00', '2024-06-08 06:00:00', '438', 4, 27, 24, NULL),
('2024-06-07 18:00:00', '2024-06-08 06:00:00', '500', 4, 28, 25, NULL),
('2024-06-07 18:00:00', '2024-06-08 06:00:00', '502', 10, 28, 25, NULL),
('2024-06-07 18:00:00', '2024-06-08 06:00:00', '503', 4, 28, 25, NULL),
('2024-06-07 18:00:00', '2024-06-08 06:00:00', '504', 4, 28, 25, NULL),
('2024-06-07 18:00:00', '2024-06-08 06:00:00', '505', 4, 28, 26, NULL),
('2024-06-07 18:00:00', '2024-06-08 06:00:00', '506', 4, 28, 26, NULL),
('2024-06-07 18:00:00', '2024-06-08 06:00:00', '507', 4, 28, 25, NULL),
('2024-06-07 18:00:00', '2024-06-08 06:00:00', '508', 4, 28, 25, NULL),
('2024-06-07 18:00:00', '2024-06-08 06:00:00', '509', 4, 28, 25, NULL),
('2024-06-07 18:00:00', '2024-06-08 06:00:00', '511', 4, 29, 25, NULL),
('2024-06-07 18:00:00', '2024-06-08 06:00:00', '512', 4, 29, 25, NULL),
('2024-06-07 18:00:00', '2024-06-08 06:00:00', '513', 4, 29, 25, NULL),
('2024-06-07 18:00:00', '2024-06-08 06:00:00', '514', 4, 29, 26, NULL),
('2024-06-07 18:00:00', '2024-06-08 06:00:00', '515', 4, 28, 25, NULL),
('2024-06-07 18:00:00', '2024-06-08 06:00:00', '516', 4, 29, 26, NULL),
('2024-06-07 18:00:00', '2024-06-08 06:00:00', '520', 4, 29, 25, NULL),
('2024-06-07 18:00:00', '2024-06-08 06:00:00', '521', 4, 29, 25, NULL),
('2024-06-07 18:00:00', '2024-06-08 06:00:00', '522', 4, 29, 25, NULL),
('2024-06-07 18:00:00', '2024-06-08 06:00:00', '523', 4, 29, 25, NULL),
('2024-06-07 18:00:00', '2024-06-08 06:00:00', '524', 4, 28, 25, NULL),
('2024-06-07 18:00:00', '2024-06-08 06:00:00', '525', 4, 28, 25, NULL),
('2024-06-07 18:00:00', '2024-06-08 06:00:00', '526', 4, 28, 25, NULL),
('2024-06-07 18:00:00', '2024-06-08 06:00:00', '527', 4, 28, 25, NULL),
('2024-06-07 18:00:00', '2024-06-08 06:00:00', '528', 4, 28, 26, NULL),
('2024-06-07 18:00:00', '2024-06-08 06:00:00', '530', 4, 29, 25, NULL),
('2024-06-07 18:00:00', '2024-06-08 06:00:00', '540', 10, 28, 25, NULL),
('2024-06-07 18:00:00', '2024-06-08 06:00:00', '541', 10, 28, 24, NULL),
('2024-06-07 18:00:00', '2024-06-08 06:00:00', '542', 10, 28, 24, NULL),
('2024-06-07 18:00:00', '2024-06-08 06:00:00', '544', 10, 27, 23, NULL),
('2024-06-07 18:00:00', '2024-06-08 06:00:00', '545', 19, 26, 23, NULL),
('2024-06-07 18:00:00', '2024-06-08 06:00:00', '546', 21, 22, 19, NULL),
('2024-06-07 18:00:00', '2024-06-08 06:00:00', '551', 10, 28, 24, NULL),
('2024-06-07 18:00:00', '2024-06-08 06:00:00', '552', 10, 27, 23, NULL),
('2024-06-07 18:00:00', '2024-06-08 06:00:00', '553', 21, 26, 23, NULL),
('2024-06-07 18:00:00', '2024-06-08 06:00:00', '555', 21, 24, 21, NULL),
('2024-06-07 18:00:00', '2024-06-08 06:00:00', '556', 26, 25, 21, NULL),
('2024-06-07 18:00:00', '2024-06-08 06:00:00', '557', 10, 28, 24, NULL),
('2024-06-07 18:00:00', '2024-06-08 06:00:00', '558', 10, 25, 22, NULL),
('2024-06-07 18:00:00', '2024-06-08 06:00:00', '602', 4, 27, 24, NULL),
('2024-06-07 18:00:00', '2024-06-08 06:00:00', '603', 4, 27, 24, NULL),
('2024-06-07 18:00:00', '2024-06-08 06:00:00', '604', 10, 27, 24, NULL);
INSERT INTO `weather_forecast` (`Start_Time`, `End_Time`, `District_ID`, `Weather_Type_ID`, `MaxTemperature`, `MinTemperature`, `Remarks`) VALUES
('2024-06-07 18:00:00', '2024-06-08 06:00:00', '606', 4, 28, 24, NULL),
('2024-06-07 18:00:00', '2024-06-08 06:00:00', '607', 5, 26, 24, NULL),
('2024-06-07 18:00:00', '2024-06-08 06:00:00', '608', 4, 28, 25, NULL),
('2024-06-07 18:00:00', '2024-06-08 06:00:00', '611', 4, 29, 25, NULL),
('2024-06-07 18:00:00', '2024-06-08 06:00:00', '612', 4, 29, 25, NULL),
('2024-06-07 18:00:00', '2024-06-08 06:00:00', '613', 4, 28, 25, NULL),
('2024-06-07 18:00:00', '2024-06-08 06:00:00', '614', 4, 28, 25, NULL),
('2024-06-07 18:00:00', '2024-06-08 06:00:00', '615', 4, 28, 25, NULL),
('2024-06-07 18:00:00', '2024-06-08 06:00:00', '616', 4, 28, 25, NULL),
('2024-06-07 18:00:00', '2024-06-08 06:00:00', '621', 4, 28, 25, NULL),
('2024-06-07 18:00:00', '2024-06-08 06:00:00', '622', 4, 28, 25, NULL),
('2024-06-07 18:00:00', '2024-06-08 06:00:00', '623', 4, 28, 25, NULL),
('2024-06-07 18:00:00', '2024-06-08 06:00:00', '624', 4, 28, 25, NULL),
('2024-06-07 18:00:00', '2024-06-08 06:00:00', '625', 4, 28, 25, NULL),
('2024-06-07 18:00:00', '2024-06-08 06:00:00', '630', 4, 28, 25, NULL),
('2024-06-07 18:00:00', '2024-06-08 06:00:00', '631', 4, 28, 25, NULL),
('2024-06-07 18:00:00', '2024-06-08 06:00:00', '632', 4, 28, 25, NULL),
('2024-06-07 18:00:00', '2024-06-08 06:00:00', '633', 4, 28, 25, NULL),
('2024-06-07 18:00:00', '2024-06-08 06:00:00', '634', 4, 28, 25, NULL),
('2024-06-07 18:00:00', '2024-06-08 06:00:00', '635', 4, 28, 25, NULL),
('2024-06-07 18:00:00', '2024-06-08 06:00:00', '636', 4, 28, 25, NULL),
('2024-06-07 18:00:00', '2024-06-08 06:00:00', '637', 4, 28, 25, NULL),
('2024-06-07 18:00:00', '2024-06-08 06:00:00', '638', 4, 28, 25, NULL),
('2024-06-07 18:00:00', '2024-06-08 06:00:00', '640', 4, 28, 25, NULL),
('2024-06-07 18:00:00', '2024-06-08 06:00:00', '643', 4, 28, 25, NULL),
('2024-06-07 18:00:00', '2024-06-08 06:00:00', '646', 4, 27, 24, NULL),
('2024-06-07 18:00:00', '2024-06-08 06:00:00', '647', 4, 28, 25, NULL),
('2024-06-07 18:00:00', '2024-06-08 06:00:00', '648', 4, 28, 25, NULL),
('2024-06-07 18:00:00', '2024-06-08 06:00:00', '649', 4, 28, 25, NULL),
('2024-06-07 18:00:00', '2024-06-08 06:00:00', '651', 4, 28, 25, NULL),
('2024-06-07 18:00:00', '2024-06-08 06:00:00', '652', 4, 28, 25, NULL),
('2024-06-07 18:00:00', '2024-06-08 06:00:00', '653', 4, 28, 25, NULL),
('2024-06-07 18:00:00', '2024-06-08 06:00:00', '654', 4, 28, 25, NULL),
('2024-06-07 18:00:00', '2024-06-08 06:00:00', '655', 4, 28, 25, NULL),
('2024-06-07 18:00:00', '2024-06-08 06:00:00', '700', 5, 29, 26, NULL),
('2024-06-07 18:00:00', '2024-06-08 06:00:00', '701', 5, 29, 26, NULL),
('2024-06-07 18:00:00', '2024-06-08 06:00:00', '702', 4, 29, 26, NULL),
('2024-06-07 18:00:00', '2024-06-08 06:00:00', '704', 5, 29, 26, NULL),
('2024-06-07 18:00:00', '2024-06-08 06:00:00', '708', 5, 29, 26, NULL),
('2024-06-07 18:00:00', '2024-06-08 06:00:00', '709', 5, 29, 26, NULL),
('2024-06-07 18:00:00', '2024-06-08 06:00:00', '710', 5, 29, 25, NULL),
('2024-06-07 18:00:00', '2024-06-08 06:00:00', '711', 6, 29, 25, NULL),
('2024-06-07 18:00:00', '2024-06-08 06:00:00', '712', 5, 29, 25, NULL),
('2024-06-07 18:00:00', '2024-06-08 06:00:00', '713', 5, 28, 25, NULL),
('2024-06-07 18:00:00', '2024-06-08 06:00:00', '714', 6, 28, 25, NULL),
('2024-06-07 18:00:00', '2024-06-08 06:00:00', '715', 6, 28, 25, NULL),
('2024-06-07 18:00:00', '2024-06-08 06:00:00', '716', 21, 28, 24, NULL),
('2024-06-07 18:00:00', '2024-06-08 06:00:00', '717', 5, 29, 26, NULL),
('2024-06-07 18:00:00', '2024-06-08 06:00:00', '718', 21, 28, 25, NULL),
('2024-06-07 18:00:00', '2024-06-08 06:00:00', '719', 21, 28, 25, NULL),
('2024-06-07 18:00:00', '2024-06-08 06:00:00', '720', 5, 29, 25, NULL),
('2024-06-07 18:00:00', '2024-06-08 06:00:00', '721', 5, 29, 25, NULL),
('2024-06-07 18:00:00', '2024-06-08 06:00:00', '722', 4, 29, 25, NULL),
('2024-06-07 18:00:00', '2024-06-08 06:00:00', '723', 5, 29, 26, NULL),
('2024-06-07 18:00:00', '2024-06-08 06:00:00', '725', 4, 28, 25, NULL),
('2024-06-07 18:00:00', '2024-06-08 06:00:00', '726', 4, 28, 25, NULL),
('2024-06-07 18:00:00', '2024-06-08 06:00:00', '727', 4, 28, 26, NULL),
('2024-06-07 18:00:00', '2024-06-08 06:00:00', '730', 5, 29, 25, NULL),
('2024-06-07 18:00:00', '2024-06-08 06:00:00', '731', 4, 28, 25, NULL),
('2024-06-07 18:00:00', '2024-06-08 06:00:00', '732', 4, 28, 24, NULL),
('2024-06-07 18:00:00', '2024-06-08 06:00:00', '733', 4, 28, 24, NULL),
('2024-06-07 18:00:00', '2024-06-08 06:00:00', '734', 5, 29, 25, NULL),
('2024-06-07 18:00:00', '2024-06-08 06:00:00', '735', 5, 28, 25, NULL),
('2024-06-07 18:00:00', '2024-06-08 06:00:00', '736', 6, 29, 25, NULL),
('2024-06-07 18:00:00', '2024-06-08 06:00:00', '737', 6, 28, 25, NULL),
('2024-06-07 18:00:00', '2024-06-08 06:00:00', '741', 5, 29, 25, NULL),
('2024-06-07 18:00:00', '2024-06-08 06:00:00', '742', 5, 29, 25, NULL),
('2024-06-07 18:00:00', '2024-06-08 06:00:00', '743', 4, 29, 25, NULL),
('2024-06-07 18:00:00', '2024-06-08 06:00:00', '744', 4, 29, 25, NULL),
('2024-06-07 18:00:00', '2024-06-08 06:00:00', '745', 5, 29, 25, NULL),
('2024-06-07 18:00:00', '2024-06-08 06:00:00', '800', 6, 30, 27, NULL),
('2024-06-07 18:00:00', '2024-06-08 06:00:00', '801', 6, 29, 27, NULL),
('2024-06-07 18:00:00', '2024-06-08 06:00:00', '802', 6, 30, 27, NULL),
('2024-06-07 18:00:00', '2024-06-08 06:00:00', '803', 6, 29, 27, NULL),
('2024-06-07 18:00:00', '2024-06-08 06:00:00', '804', 6, 29, 27, NULL),
('2024-06-07 18:00:00', '2024-06-08 06:00:00', '805', 5, 29, 27, NULL),
('2024-06-07 18:00:00', '2024-06-08 06:00:00', '806', 6, 29, 27, NULL),
('2024-06-07 18:00:00', '2024-06-08 06:00:00', '807', 6, 29, 27, NULL),
('2024-06-07 18:00:00', '2024-06-08 06:00:00', '811', 6, 29, 26, NULL),
('2024-06-07 18:00:00', '2024-06-08 06:00:00', '812', 6, 29, 26, NULL),
('2024-06-07 18:00:00', '2024-06-08 06:00:00', '813', 6, 29, 26, NULL),
('2024-06-07 18:00:00', '2024-06-08 06:00:00', '814', 6, 30, 26, NULL),
('2024-06-07 18:00:00', '2024-06-08 06:00:00', '815', 6, 30, 26, NULL),
('2024-06-07 18:00:00', '2024-06-08 06:00:00', '820', 6, 29, 26, NULL),
('2024-06-07 18:00:00', '2024-06-08 06:00:00', '821', 6, 29, 25, NULL),
('2024-06-07 18:00:00', '2024-06-08 06:00:00', '822', 21, 28, 25, NULL),
('2024-06-07 18:00:00', '2024-06-08 06:00:00', '823', 6, 28, 25, NULL),
('2024-06-07 18:00:00', '2024-06-08 06:00:00', '824', 6, 29, 25, NULL),
('2024-06-07 18:00:00', '2024-06-08 06:00:00', '825', 6, 30, 26, NULL),
('2024-06-07 18:00:00', '2024-06-08 06:00:00', '826', 6, 29, 26, NULL),
('2024-06-07 18:00:00', '2024-06-08 06:00:00', '827', 6, 29, 26, NULL),
('2024-06-07 18:00:00', '2024-06-08 06:00:00', '828', 6, 29, 26, NULL),
('2024-06-07 18:00:00', '2024-06-08 06:00:00', '829', 6, 29, 26, NULL),
('2024-06-07 18:00:00', '2024-06-08 06:00:00', '830', 6, 30, 26, NULL),
('2024-06-07 18:00:00', '2024-06-08 06:00:00', '831', 5, 30, 26, NULL),
('2024-06-07 18:00:00', '2024-06-08 06:00:00', '832', 6, 30, 26, NULL),
('2024-06-07 18:00:00', '2024-06-08 06:00:00', '833', 6, 30, 26, NULL),
('2024-06-07 18:00:00', '2024-06-08 06:00:00', '840', 6, 30, 25, NULL),
('2024-06-07 18:00:00', '2024-06-08 06:00:00', '842', 6, 29, 25, NULL),
('2024-06-07 18:00:00', '2024-06-08 06:00:00', '843', 6, 29, 25, NULL),
('2024-06-07 18:00:00', '2024-06-08 06:00:00', '844', 6, 27, 23, NULL),
('2024-06-07 18:00:00', '2024-06-08 06:00:00', '845', 6, 29, 25, NULL),
('2024-06-07 18:00:00', '2024-06-08 06:00:00', '846', 6, 28, 25, NULL),
('2024-06-07 18:00:00', '2024-06-08 06:00:00', '847', 6, 26, 23, NULL),
('2024-06-07 18:00:00', '2024-06-08 06:00:00', '848', 26, 24, 21, NULL),
('2024-06-07 18:00:00', '2024-06-08 06:00:00', '849', 7, 22, 20, NULL),
('2024-06-07 18:00:00', '2024-06-08 06:00:00', '851', 6, 27, 24, NULL),
('2024-06-07 18:00:00', '2024-06-08 06:00:00', '852', 6, 29, 26, NULL),
('2024-06-07 18:00:00', '2024-06-08 06:00:00', '880', 10, 27, 25, NULL),
('2024-06-07 18:00:00', '2024-06-08 06:00:00', '881', 10, 26, 25, NULL),
('2024-06-07 18:00:00', '2024-06-08 06:00:00', '882', 10, 27, 26, NULL),
('2024-06-07 18:00:00', '2024-06-08 06:00:00', '883', 10, 27, 26, NULL),
('2024-06-07 18:00:00', '2024-06-08 06:00:00', '884', 10, 26, 25, NULL),
('2024-06-07 18:00:00', '2024-06-08 06:00:00', '885', 10, 27, 25, NULL),
('2024-06-07 18:00:00', '2024-06-08 06:00:00', '890', 71, 25, 24, NULL),
('2024-06-07 18:00:00', '2024-06-08 06:00:00', '891', 71, 25, 24, NULL),
('2024-06-07 18:00:00', '2024-06-08 06:00:00', '892', 71, 25, 24, NULL),
('2024-06-07 18:00:00', '2024-06-08 06:00:00', '893', 71, 25, 24, NULL),
('2024-06-07 18:00:00', '2024-06-08 06:00:00', '894', 71, 25, 24, NULL),
('2024-06-07 18:00:00', '2024-06-08 06:00:00', '896', 62, 26, 24, NULL),
('2024-06-07 18:00:00', '2024-06-08 06:00:00', '900', 5, 30, 26, NULL),
('2024-06-07 18:00:00', '2024-06-08 06:00:00', '902', 6, 25, 23, NULL),
('2024-06-07 18:00:00', '2024-06-08 06:00:00', '903', 6, 27, 24, NULL),
('2024-06-07 18:00:00', '2024-06-08 06:00:00', '904', 6, 30, 26, NULL),
('2024-06-07 18:00:00', '2024-06-08 06:00:00', '905', 6, 29, 25, NULL),
('2024-06-07 18:00:00', '2024-06-08 06:00:00', '906', 6, 29, 25, NULL),
('2024-06-07 18:00:00', '2024-06-08 06:00:00', '907', 6, 29, 26, NULL),
('2024-06-07 18:00:00', '2024-06-08 06:00:00', '908', 6, 30, 26, NULL),
('2024-06-07 18:00:00', '2024-06-08 06:00:00', '909', 6, 30, 26, NULL),
('2024-06-07 18:00:00', '2024-06-08 06:00:00', '911', 6, 29, 26, NULL),
('2024-06-07 18:00:00', '2024-06-08 06:00:00', '912', 6, 29, 26, NULL),
('2024-06-07 18:00:00', '2024-06-08 06:00:00', '913', 6, 30, 26, NULL),
('2024-06-07 18:00:00', '2024-06-08 06:00:00', '921', 6, 29, 25, NULL),
('2024-06-07 18:00:00', '2024-06-08 06:00:00', '922', 6, 28, 24, NULL),
('2024-06-07 18:00:00', '2024-06-08 06:00:00', '923', 6, 29, 26, NULL),
('2024-06-07 18:00:00', '2024-06-08 06:00:00', '924', 21, 30, 26, NULL),
('2024-06-07 18:00:00', '2024-06-08 06:00:00', '925', 21, 30, 26, NULL),
('2024-06-07 18:00:00', '2024-06-08 06:00:00', '926', 21, 29, 26, NULL),
('2024-06-07 18:00:00', '2024-06-08 06:00:00', '927', 5, 29, 26, NULL),
('2024-06-07 18:00:00', '2024-06-08 06:00:00', '928', 6, 29, 26, NULL),
('2024-06-07 18:00:00', '2024-06-08 06:00:00', '929', 5, 29, 26, NULL),
('2024-06-07 18:00:00', '2024-06-08 06:00:00', '931', 5, 29, 26, NULL),
('2024-06-07 18:00:00', '2024-06-08 06:00:00', '932', 6, 30, 26, NULL),
('2024-06-07 18:00:00', '2024-06-08 06:00:00', '940', 5, 29, 26, NULL),
('2024-06-07 18:00:00', '2024-06-08 06:00:00', '941', 4, 28, 26, NULL),
('2024-06-07 18:00:00', '2024-06-08 06:00:00', '942', 6, 28, 25, NULL),
('2024-06-07 18:00:00', '2024-06-08 06:00:00', '943', 4, 28, 26, NULL),
('2024-06-07 18:00:00', '2024-06-08 06:00:00', '944', 4, 28, 26, NULL),
('2024-06-07 18:00:00', '2024-06-08 06:00:00', '945', 4, 27, 25, NULL),
('2024-06-07 18:00:00', '2024-06-08 06:00:00', '947', 6, 27, 25, NULL),
('2024-06-07 18:00:00', '2024-06-08 06:00:00', '950', 6, 28, 25, NULL),
('2024-06-07 18:00:00', '2024-06-08 06:00:00', '951', 4, 28, 26, NULL),
('2024-06-07 18:00:00', '2024-06-08 06:00:00', '952', 7, 27, 26, NULL),
('2024-06-07 18:00:00', '2024-06-08 06:00:00', '953', 6, 26, 23, NULL),
('2024-06-07 18:00:00', '2024-06-08 06:00:00', '954', 6, 27, 24, NULL),
('2024-06-07 18:00:00', '2024-06-08 06:00:00', '955', 6, 26, 23, NULL),
('2024-06-07 18:00:00', '2024-06-08 06:00:00', '956', 6, 26, 23, NULL),
('2024-06-07 18:00:00', '2024-06-08 06:00:00', '957', 6, 24, 22, NULL),
('2024-06-07 18:00:00', '2024-06-08 06:00:00', '958', 6, 26, 22, NULL),
('2024-06-07 18:00:00', '2024-06-08 06:00:00', '959', 5, 28, 25, NULL),
('2024-06-07 18:00:00', '2024-06-08 06:00:00', '961', 6, 27, 25, NULL),
('2024-06-07 18:00:00', '2024-06-08 06:00:00', '962', 7, 27, 25, NULL),
('2024-06-07 18:00:00', '2024-06-08 06:00:00', '964', 6, 25, 24, NULL),
('2024-06-07 18:00:00', '2024-06-08 06:00:00', '965', 5, 28, 25, NULL),
('2024-06-07 18:00:00', '2024-06-08 06:00:00', '966', 5, 28, 25, NULL),
('2024-06-07 18:00:00', '2024-06-08 06:00:00', '970', 7, 27, 25, NULL),
('2024-06-07 18:00:00', '2024-06-08 06:00:00', '971', 7, 26, 24, NULL),
('2024-06-07 18:00:00', '2024-06-08 06:00:00', '972', 26, 24, 22, NULL),
('2024-06-07 18:00:00', '2024-06-08 06:00:00', '973', 7, 26, 24, NULL),
('2024-06-07 18:00:00', '2024-06-08 06:00:00', '974', 26, 26, 24, NULL),
('2024-06-07 18:00:00', '2024-06-08 06:00:00', '975', 26, 25, 23, NULL),
('2024-06-07 18:00:00', '2024-06-08 06:00:00', '976', 26, 26, 23, NULL),
('2024-06-07 18:00:00', '2024-06-08 06:00:00', '977', 7, 26, 23, NULL),
('2024-06-07 18:00:00', '2024-06-08 06:00:00', '978', 26, 26, 23, NULL),
('2024-06-07 18:00:00', '2024-06-08 06:00:00', '979', 26, 25, 23, NULL),
('2024-06-07 18:00:00', '2024-06-08 06:00:00', '981', 7, 26, 23, NULL),
('2024-06-07 18:00:00', '2024-06-08 06:00:00', '982', 7, 25, 22, NULL),
('2024-06-07 18:00:00', '2024-06-08 06:00:00', '983', 6, 25, 22, NULL),
('2024-06-08 06:00:00', '2024-06-08 18:00:00', '100', 129, 31, 25, NULL),
('2024-06-08 06:00:00', '2024-06-08 18:00:00', '103', 129, 30, 25, NULL),
('2024-06-08 06:00:00', '2024-06-08 18:00:00', '104', 129, 31, 25, NULL),
('2024-06-08 06:00:00', '2024-06-08 18:00:00', '105', 129, 31, 25, NULL),
('2024-06-08 06:00:00', '2024-06-08 18:00:00', '106', 129, 30, 25, NULL),
('2024-06-08 06:00:00', '2024-06-08 18:00:00', '108', 129, 30, 25, NULL),
('2024-06-08 06:00:00', '2024-06-08 18:00:00', '110', 129, 31, 25, NULL),
('2024-06-08 06:00:00', '2024-06-08 18:00:00', '111', 129, 31, 25, NULL),
('2024-06-08 06:00:00', '2024-06-08 18:00:00', '112', 62, 30, 25, NULL),
('2024-06-08 06:00:00', '2024-06-08 18:00:00', '114', 129, 31, 25, NULL),
('2024-06-08 06:00:00', '2024-06-08 18:00:00', '115', 129, 30, 24, NULL),
('2024-06-08 06:00:00', '2024-06-08 18:00:00', '116', 129, 30, 24, NULL),
('2024-06-08 06:00:00', '2024-06-08 18:00:00', '200', 129, 28, 24, NULL),
('2024-06-08 06:00:00', '2024-06-08 18:00:00', '204', 129, 28, 24, NULL),
('2024-06-08 06:00:00', '2024-06-08 18:00:00', '205', 129, 29, 24, NULL),
('2024-06-08 06:00:00', '2024-06-08 18:00:00', '206', 129, 29, 24, NULL),
('2024-06-08 06:00:00', '2024-06-08 18:00:00', '207', 129, 28, 23, NULL),
('2024-06-08 06:00:00', '2024-06-08 18:00:00', '208', 129, 28, 24, NULL),
('2024-06-08 06:00:00', '2024-06-08 18:00:00', '209', 71, 26, 23, NULL),
('2024-06-08 06:00:00', '2024-06-08 18:00:00', '210', 62, 26, 23, NULL),
('2024-06-08 06:00:00', '2024-06-08 18:00:00', '211', 71, 26, 24, NULL),
('2024-06-08 06:00:00', '2024-06-08 18:00:00', '212', 43, 26, 24, NULL),
('2024-06-08 06:00:00', '2024-06-08 18:00:00', '220', 129, 30, 25, NULL),
('2024-06-08 06:00:00', '2024-06-08 18:00:00', '221', 129, 29, 23, NULL),
('2024-06-08 06:00:00', '2024-06-08 18:00:00', '222', 129, 30, 23, NULL),
('2024-06-08 06:00:00', '2024-06-08 18:00:00', '223', 129, 28, 23, NULL),
('2024-06-08 06:00:00', '2024-06-08 18:00:00', '224', 129, 27, 23, NULL),
('2024-06-08 06:00:00', '2024-06-08 18:00:00', '226', 129, 27, 22, NULL),
('2024-06-08 06:00:00', '2024-06-08 18:00:00', '227', 129, 28, 24, NULL),
('2024-06-08 06:00:00', '2024-06-08 18:00:00', '228', 129, 28, 24, NULL),
('2024-06-08 06:00:00', '2024-06-08 18:00:00', '231', 129, 30, 24, NULL),
('2024-06-08 06:00:00', '2024-06-08 18:00:00', '232', 129, 28, 22, NULL),
('2024-06-08 06:00:00', '2024-06-08 18:00:00', '233', 129, 27, 21, NULL),
('2024-06-08 06:00:00', '2024-06-08 18:00:00', '234', 129, 30, 25, NULL),
('2024-06-08 06:00:00', '2024-06-08 18:00:00', '235', 129, 30, 24, NULL),
('2024-06-08 06:00:00', '2024-06-08 18:00:00', '236', 129, 31, 24, NULL),
('2024-06-08 06:00:00', '2024-06-08 18:00:00', '237', 129, 30, 24, NULL),
('2024-06-08 06:00:00', '2024-06-08 18:00:00', '238', 129, 31, 25, NULL),
('2024-06-08 06:00:00', '2024-06-08 18:00:00', '239', 129, 31, 24, NULL),
('2024-06-08 06:00:00', '2024-06-08 18:00:00', '241', 129, 30, 25, NULL),
('2024-06-08 06:00:00', '2024-06-08 18:00:00', '242', 129, 30, 25, NULL),
('2024-06-08 06:00:00', '2024-06-08 18:00:00', '243', 54, 30, 25, NULL),
('2024-06-08 06:00:00', '2024-06-08 18:00:00', '244', 54, 29, 24, NULL),
('2024-06-08 06:00:00', '2024-06-08 18:00:00', '247', 54, 30, 25, NULL),
('2024-06-08 06:00:00', '2024-06-08 18:00:00', '248', 54, 30, 25, NULL),
('2024-06-08 06:00:00', '2024-06-08 18:00:00', '249', 129, 29, 25, NULL),
('2024-06-08 06:00:00', '2024-06-08 18:00:00', '251', 129, 28, 25, NULL),
('2024-06-08 06:00:00', '2024-06-08 18:00:00', '252', 129, 28, 24, NULL),
('2024-06-08 06:00:00', '2024-06-08 18:00:00', '253', 129, 28, 24, NULL),
('2024-06-08 06:00:00', '2024-06-08 18:00:00', '302', 129, 30, 24, NULL),
('2024-06-08 06:00:00', '2024-06-08 18:00:00', '303', 129, 29, 24, NULL),
('2024-06-08 06:00:00', '2024-06-08 18:00:00', '304', 129, 29, 24, NULL),
('2024-06-08 06:00:00', '2024-06-08 18:00:00', '305', 129, 30, 24, NULL),
('2024-06-08 06:00:00', '2024-06-08 18:00:00', '306', 129, 30, 23, NULL),
('2024-06-08 06:00:00', '2024-06-08 18:00:00', '308', 129, 30, 24, NULL),
('2024-06-08 06:00:00', '2024-06-08 18:00:00', '310', 129, 30, 23, NULL),
('2024-06-08 06:00:00', '2024-06-08 18:00:00', '311', 129, 27, 22, NULL),
('2024-06-08 06:00:00', '2024-06-08 18:00:00', '312', 129, 29, 23, NULL),
('2024-06-08 06:00:00', '2024-06-08 18:00:00', '313', 129, 27, 21, NULL),
('2024-06-08 06:00:00', '2024-06-08 18:00:00', '314', 129, 30, 23, NULL),
('2024-06-08 06:00:00', '2024-06-08 18:00:00', '315', 129, 30, 23, NULL),
('2024-06-08 06:00:00', '2024-06-08 18:00:00', '320', 54, 29, 24, NULL),
('2024-06-08 06:00:00', '2024-06-08 18:00:00', '324', 129, 29, 24, NULL),
('2024-06-08 06:00:00', '2024-06-08 18:00:00', '325', 129, 29, 23, NULL),
('2024-06-08 06:00:00', '2024-06-08 18:00:00', '326', 129, 29, 23, NULL),
('2024-06-08 06:00:00', '2024-06-08 18:00:00', '327', 129, 29, 24, NULL),
('2024-06-08 06:00:00', '2024-06-08 18:00:00', '328', 129, 28, 24, NULL),
('2024-06-08 06:00:00', '2024-06-08 18:00:00', '330', 129, 30, 24, NULL),
('2024-06-08 06:00:00', '2024-06-08 18:00:00', '333', 129, 30, 24, NULL),
('2024-06-08 06:00:00', '2024-06-08 18:00:00', '334', 129, 30, 24, NULL),
('2024-06-08 06:00:00', '2024-06-08 18:00:00', '335', 129, 30, 24, NULL),
('2024-06-08 06:00:00', '2024-06-08 18:00:00', '336', 129, 27, 22, NULL),
('2024-06-08 06:00:00', '2024-06-08 18:00:00', '337', 129, 29, 24, NULL),
('2024-06-08 06:00:00', '2024-06-08 18:00:00', '338', 54, 30, 24, NULL),
('2024-06-08 06:00:00', '2024-06-08 18:00:00', '350', 129, 30, 25, NULL),
('2024-06-08 06:00:00', '2024-06-08 18:00:00', '351', 129, 31, 24, NULL),
('2024-06-08 06:00:00', '2024-06-08 18:00:00', '352', 129, 30, 23, NULL),
('2024-06-08 06:00:00', '2024-06-08 18:00:00', '353', 129, 29, 22, NULL),
('2024-06-08 06:00:00', '2024-06-08 18:00:00', '354', 129, 29, 23, NULL),
('2024-06-08 06:00:00', '2024-06-08 18:00:00', '356', 129, 30, 25, NULL),
('2024-06-08 06:00:00', '2024-06-08 18:00:00', '357', 129, 30, 25, NULL),
('2024-06-08 06:00:00', '2024-06-08 18:00:00', '358', 129, 30, 25, NULL),
('2024-06-08 06:00:00', '2024-06-08 18:00:00', '360', 129, 30, 24, NULL),
('2024-06-08 06:00:00', '2024-06-08 18:00:00', '361', 129, 30, 24, NULL),
('2024-06-08 06:00:00', '2024-06-08 18:00:00', '362', 129, 30, 24, NULL),
('2024-06-08 06:00:00', '2024-06-08 18:00:00', '363', 129, 30, 24, NULL),
('2024-06-08 06:00:00', '2024-06-08 18:00:00', '364', 129, 29, 23, NULL),
('2024-06-08 06:00:00', '2024-06-08 18:00:00', '365', 129, 28, 22, NULL),
('2024-06-08 06:00:00', '2024-06-08 18:00:00', '366', 129, 30, 24, NULL),
('2024-06-08 06:00:00', '2024-06-08 18:00:00', '367', 129, 29, 23, NULL),
('2024-06-08 06:00:00', '2024-06-08 18:00:00', '368', 129, 30, 24, NULL),
('2024-06-08 06:00:00', '2024-06-08 18:00:00', '369', 129, 30, 24, NULL),
('2024-06-08 06:00:00', '2024-06-08 18:00:00', '406', 129, 31, 25, NULL),
('2024-06-08 06:00:00', '2024-06-08 18:00:00', '407', 129, 31, 25, NULL),
('2024-06-08 06:00:00', '2024-06-08 18:00:00', '408', 129, 31, 25, NULL),
('2024-06-08 06:00:00', '2024-06-08 18:00:00', '411', 129, 31, 25, NULL),
('2024-06-08 06:00:00', '2024-06-08 18:00:00', '412', 129, 31, 25, NULL),
('2024-06-08 06:00:00', '2024-06-08 18:00:00', '413', 129, 31, 25, NULL),
('2024-06-08 06:00:00', '2024-06-08 18:00:00', '414', 129, 31, 25, NULL),
('2024-06-08 06:00:00', '2024-06-08 18:00:00', '420', 129, 30, 25, NULL),
('2024-06-08 06:00:00', '2024-06-08 18:00:00', '421', 129, 30, 24, NULL),
('2024-06-08 06:00:00', '2024-06-08 18:00:00', '422', 129, 29, 24, NULL),
('2024-06-08 06:00:00', '2024-06-08 18:00:00', '423', 129, 29, 24, NULL),
('2024-06-08 06:00:00', '2024-06-08 18:00:00', '424', 129, 27, 22, NULL),
('2024-06-08 06:00:00', '2024-06-08 18:00:00', '426', 129, 29, 23, NULL),
('2024-06-08 06:00:00', '2024-06-08 18:00:00', '427', 129, 31, 25, NULL),
('2024-06-08 06:00:00', '2024-06-08 18:00:00', '428', 129, 30, 25, NULL),
('2024-06-08 06:00:00', '2024-06-08 18:00:00', '429', 129, 30, 24, NULL),
('2024-06-08 06:00:00', '2024-06-08 18:00:00', '432', 129, 31, 25, NULL),
('2024-06-08 06:00:00', '2024-06-08 18:00:00', '433', 129, 30, 25, NULL),
('2024-06-08 06:00:00', '2024-06-08 18:00:00', '434', 129, 30, 25, NULL),
('2024-06-08 06:00:00', '2024-06-08 18:00:00', '435', 129, 30, 25, NULL),
('2024-06-08 06:00:00', '2024-06-08 18:00:00', '436', 129, 30, 25, NULL),
('2024-06-08 06:00:00', '2024-06-08 18:00:00', '437', 129, 30, 25, NULL),
('2024-06-08 06:00:00', '2024-06-08 18:00:00', '438', 129, 30, 24, NULL),
('2024-06-08 06:00:00', '2024-06-08 18:00:00', '500', 129, 31, 25, NULL),
('2024-06-08 06:00:00', '2024-06-08 18:00:00', '502', 129, 31, 25, NULL),
('2024-06-08 06:00:00', '2024-06-08 18:00:00', '503', 129, 32, 26, NULL),
('2024-06-08 06:00:00', '2024-06-08 18:00:00', '504', 129, 31, 26, NULL),
('2024-06-08 06:00:00', '2024-06-08 18:00:00', '505', 129, 31, 26, NULL),
('2024-06-08 06:00:00', '2024-06-08 18:00:00', '506', 129, 31, 26, NULL),
('2024-06-08 06:00:00', '2024-06-08 18:00:00', '507', 129, 30, 25, NULL),
('2024-06-08 06:00:00', '2024-06-08 18:00:00', '508', 129, 31, 25, NULL),
('2024-06-08 06:00:00', '2024-06-08 18:00:00', '509', 129, 31, 25, NULL),
('2024-06-08 06:00:00', '2024-06-08 18:00:00', '511', 129, 32, 25, NULL),
('2024-06-08 06:00:00', '2024-06-08 18:00:00', '512', 129, 32, 26, NULL),
('2024-06-08 06:00:00', '2024-06-08 18:00:00', '513', 129, 32, 26, NULL),
('2024-06-08 06:00:00', '2024-06-08 18:00:00', '514', 129, 32, 26, NULL),
('2024-06-08 06:00:00', '2024-06-08 18:00:00', '515', 129, 31, 26, NULL),
('2024-06-08 06:00:00', '2024-06-08 18:00:00', '516', 129, 32, 26, NULL),
('2024-06-08 06:00:00', '2024-06-08 18:00:00', '520', 129, 31, 25, NULL),
('2024-06-08 06:00:00', '2024-06-08 18:00:00', '521', 129, 31, 25, NULL),
('2024-06-08 06:00:00', '2024-06-08 18:00:00', '522', 129, 32, 25, NULL),
('2024-06-08 06:00:00', '2024-06-08 18:00:00', '523', 129, 31, 25, NULL),
('2024-06-08 06:00:00', '2024-06-08 18:00:00', '524', 129, 31, 25, NULL),
('2024-06-08 06:00:00', '2024-06-08 18:00:00', '525', 129, 31, 25, NULL),
('2024-06-08 06:00:00', '2024-06-08 18:00:00', '526', 129, 30, 25, NULL),
('2024-06-08 06:00:00', '2024-06-08 18:00:00', '527', 129, 30, 25, NULL),
('2024-06-08 06:00:00', '2024-06-08 18:00:00', '528', 129, 30, 26, NULL),
('2024-06-08 06:00:00', '2024-06-08 18:00:00', '530', 129, 32, 25, NULL),
('2024-06-08 06:00:00', '2024-06-08 18:00:00', '540', 129, 31, 25, NULL),
('2024-06-08 06:00:00', '2024-06-08 18:00:00', '541', 129, 30, 24, NULL),
('2024-06-08 06:00:00', '2024-06-08 18:00:00', '542', 129, 31, 25, NULL),
('2024-06-08 06:00:00', '2024-06-08 18:00:00', '544', 129, 30, 23, NULL),
('2024-06-08 06:00:00', '2024-06-08 18:00:00', '545', 129, 29, 23, NULL),
('2024-06-08 06:00:00', '2024-06-08 18:00:00', '546', 129, 25, 20, NULL),
('2024-06-08 06:00:00', '2024-06-08 18:00:00', '551', 129, 30, 24, NULL),
('2024-06-08 06:00:00', '2024-06-08 18:00:00', '552', 129, 30, 23, NULL),
('2024-06-08 06:00:00', '2024-06-08 18:00:00', '553', 129, 29, 23, NULL),
('2024-06-08 06:00:00', '2024-06-08 18:00:00', '555', 129, 27, 22, NULL),
('2024-06-08 06:00:00', '2024-06-08 18:00:00', '556', 129, 27, 22, NULL),
('2024-06-08 06:00:00', '2024-06-08 18:00:00', '557', 129, 31, 24, NULL),
('2024-06-08 06:00:00', '2024-06-08 18:00:00', '558', 129, 28, 22, NULL),
('2024-06-08 06:00:00', '2024-06-08 18:00:00', '602', 129, 30, 24, NULL),
('2024-06-08 06:00:00', '2024-06-08 18:00:00', '603', 129, 30, 24, NULL),
('2024-06-08 06:00:00', '2024-06-08 18:00:00', '604', 129, 30, 24, NULL),
('2024-06-08 06:00:00', '2024-06-08 18:00:00', '606', 129, 31, 24, NULL),
('2024-06-08 06:00:00', '2024-06-08 18:00:00', '607', 129, 30, 24, NULL),
('2024-06-08 06:00:00', '2024-06-08 18:00:00', '608', 129, 31, 25, NULL),
('2024-06-08 06:00:00', '2024-06-08 18:00:00', '611', 129, 31, 25, NULL),
('2024-06-08 06:00:00', '2024-06-08 18:00:00', '612', 129, 31, 25, NULL),
('2024-06-08 06:00:00', '2024-06-08 18:00:00', '613', 129, 31, 25, NULL),
('2024-06-08 06:00:00', '2024-06-08 18:00:00', '614', 129, 30, 25, NULL),
('2024-06-08 06:00:00', '2024-06-08 18:00:00', '615', 129, 31, 25, NULL),
('2024-06-08 06:00:00', '2024-06-08 18:00:00', '616', 129, 31, 25, NULL),
('2024-06-08 06:00:00', '2024-06-08 18:00:00', '621', 129, 31, 25, NULL),
('2024-06-08 06:00:00', '2024-06-08 18:00:00', '622', 129, 31, 25, NULL),
('2024-06-08 06:00:00', '2024-06-08 18:00:00', '623', 129, 31, 25, NULL),
('2024-06-08 06:00:00', '2024-06-08 18:00:00', '624', 129, 31, 25, NULL),
('2024-06-08 06:00:00', '2024-06-08 18:00:00', '625', 4, 30, 25, NULL),
('2024-06-08 06:00:00', '2024-06-08 18:00:00', '630', 129, 31, 25, NULL),
('2024-06-08 06:00:00', '2024-06-08 18:00:00', '631', 129, 31, 25, NULL),
('2024-06-08 06:00:00', '2024-06-08 18:00:00', '632', 129, 31, 25, NULL),
('2024-06-08 06:00:00', '2024-06-08 18:00:00', '633', 129, 31, 25, NULL),
('2024-06-08 06:00:00', '2024-06-08 18:00:00', '634', 129, 31, 25, NULL),
('2024-06-08 06:00:00', '2024-06-08 18:00:00', '635', 129, 31, 25, NULL),
('2024-06-08 06:00:00', '2024-06-08 18:00:00', '636', 129, 30, 25, NULL),
('2024-06-08 06:00:00', '2024-06-08 18:00:00', '637', 129, 31, 25, NULL),
('2024-06-08 06:00:00', '2024-06-08 18:00:00', '638', 129, 30, 25, NULL),
('2024-06-08 06:00:00', '2024-06-08 18:00:00', '640', 129, 31, 25, NULL),
('2024-06-08 06:00:00', '2024-06-08 18:00:00', '643', 129, 31, 25, NULL),
('2024-06-08 06:00:00', '2024-06-08 18:00:00', '646', 129, 31, 24, NULL),
('2024-06-08 06:00:00', '2024-06-08 18:00:00', '647', 129, 31, 25, NULL),
('2024-06-08 06:00:00', '2024-06-08 18:00:00', '648', 129, 31, 25, NULL),
('2024-06-08 06:00:00', '2024-06-08 18:00:00', '649', 129, 31, 25, NULL),
('2024-06-08 06:00:00', '2024-06-08 18:00:00', '651', 129, 31, 25, NULL),
('2024-06-08 06:00:00', '2024-06-08 18:00:00', '652', 129, 31, 25, NULL),
('2024-06-08 06:00:00', '2024-06-08 18:00:00', '653', 129, 30, 25, NULL),
('2024-06-08 06:00:00', '2024-06-08 18:00:00', '654', 129, 31, 25, NULL),
('2024-06-08 06:00:00', '2024-06-08 18:00:00', '655', 129, 31, 25, NULL),
('2024-06-08 06:00:00', '2024-06-08 18:00:00', '700', 4, 31, 26, NULL),
('2024-06-08 06:00:00', '2024-06-08 18:00:00', '701', 129, 31, 26, NULL),
('2024-06-08 06:00:00', '2024-06-08 18:00:00', '702', 129, 31, 26, NULL),
('2024-06-08 06:00:00', '2024-06-08 18:00:00', '704', 129, 31, 26, NULL),
('2024-06-08 06:00:00', '2024-06-08 18:00:00', '708', 4, 31, 26, NULL),
('2024-06-08 06:00:00', '2024-06-08 18:00:00', '709', 43, 31, 26, NULL),
('2024-06-08 06:00:00', '2024-06-08 18:00:00', '710', 54, 32, 25, NULL),
('2024-06-08 06:00:00', '2024-06-08 18:00:00', '711', 43, 32, 25, NULL),
('2024-06-08 06:00:00', '2024-06-08 18:00:00', '712', 54, 32, 25, NULL),
('2024-06-08 06:00:00', '2024-06-08 18:00:00', '713', 43, 32, 25, NULL),
('2024-06-08 06:00:00', '2024-06-08 18:00:00', '714', 62, 32, 25, NULL),
('2024-06-08 06:00:00', '2024-06-08 18:00:00', '715', 62, 32, 25, NULL),
('2024-06-08 06:00:00', '2024-06-08 18:00:00', '716', 43, 31, 24, NULL),
('2024-06-08 06:00:00', '2024-06-08 18:00:00', '717', 4, 31, 26, NULL),
('2024-06-08 06:00:00', '2024-06-08 18:00:00', '718', 43, 32, 25, NULL),
('2024-06-08 06:00:00', '2024-06-08 18:00:00', '719', 43, 32, 25, NULL),
('2024-06-08 06:00:00', '2024-06-08 18:00:00', '720', 54, 32, 25, NULL),
('2024-06-08 06:00:00', '2024-06-08 18:00:00', '721', 54, 32, 25, NULL),
('2024-06-08 06:00:00', '2024-06-08 18:00:00', '722', 43, 31, 26, NULL),
('2024-06-08 06:00:00', '2024-06-08 18:00:00', '723', 43, 32, 26, NULL),
('2024-06-08 06:00:00', '2024-06-08 18:00:00', '725', 43, 31, 26, NULL),
('2024-06-08 06:00:00', '2024-06-08 18:00:00', '726', 43, 31, 26, NULL),
('2024-06-08 06:00:00', '2024-06-08 18:00:00', '727', 4, 30, 26, NULL),
('2024-06-08 06:00:00', '2024-06-08 18:00:00', '730', 62, 32, 25, NULL),
('2024-06-08 06:00:00', '2024-06-08 18:00:00', '731', 43, 32, 25, NULL),
('2024-06-08 06:00:00', '2024-06-08 18:00:00', '732', 43, 31, 24, NULL),
('2024-06-08 06:00:00', '2024-06-08 18:00:00', '733', 54, 32, 25, NULL),
('2024-06-08 06:00:00', '2024-06-08 18:00:00', '734', 54, 32, 25, NULL),
('2024-06-08 06:00:00', '2024-06-08 18:00:00', '735', 54, 32, 25, NULL),
('2024-06-08 06:00:00', '2024-06-08 18:00:00', '736', 62, 32, 25, NULL),
('2024-06-08 06:00:00', '2024-06-08 18:00:00', '737', 54, 31, 25, NULL),
('2024-06-08 06:00:00', '2024-06-08 18:00:00', '741', 54, 32, 25, NULL),
('2024-06-08 06:00:00', '2024-06-08 18:00:00', '742', 54, 32, 25, NULL),
('2024-06-08 06:00:00', '2024-06-08 18:00:00', '743', 54, 32, 25, NULL),
('2024-06-08 06:00:00', '2024-06-08 18:00:00', '744', 54, 32, 25, NULL),
('2024-06-08 06:00:00', '2024-06-08 18:00:00', '745', 54, 32, 26, NULL),
('2024-06-08 06:00:00', '2024-06-08 18:00:00', '800', 43, 32, 27, NULL),
('2024-06-08 06:00:00', '2024-06-08 18:00:00', '801', 4, 31, 27, NULL),
('2024-06-08 06:00:00', '2024-06-08 18:00:00', '802', 43, 32, 27, NULL),
('2024-06-08 06:00:00', '2024-06-08 18:00:00', '803', 4, 31, 27, NULL),
('2024-06-08 06:00:00', '2024-06-08 18:00:00', '804', 4, 31, 27, NULL),
('2024-06-08 06:00:00', '2024-06-08 18:00:00', '805', 4, 31, 27, NULL),
('2024-06-08 06:00:00', '2024-06-08 18:00:00', '806', 4, 31, 27, NULL),
('2024-06-08 06:00:00', '2024-06-08 18:00:00', '807', 43, 31, 27, NULL),
('2024-06-08 06:00:00', '2024-06-08 18:00:00', '811', 43, 31, 26, NULL),
('2024-06-08 06:00:00', '2024-06-08 18:00:00', '812', 4, 31, 26, NULL),
('2024-06-08 06:00:00', '2024-06-08 18:00:00', '813', 43, 31, 26, NULL),
('2024-06-08 06:00:00', '2024-06-08 18:00:00', '814', 43, 32, 26, NULL),
('2024-06-08 06:00:00', '2024-06-08 18:00:00', '815', 43, 32, 26, NULL),
('2024-06-08 06:00:00', '2024-06-08 18:00:00', '820', 43, 32, 26, NULL),
('2024-06-08 06:00:00', '2024-06-08 18:00:00', '821', 43, 31, 26, NULL),
('2024-06-08 06:00:00', '2024-06-08 18:00:00', '822', 43, 31, 25, NULL),
('2024-06-08 06:00:00', '2024-06-08 18:00:00', '823', 43, 31, 25, NULL),
('2024-06-08 06:00:00', '2024-06-08 18:00:00', '824', 43, 32, 25, NULL),
('2024-06-08 06:00:00', '2024-06-08 18:00:00', '825', 43, 32, 26, NULL),
('2024-06-08 06:00:00', '2024-06-08 18:00:00', '826', 43, 31, 26, NULL),
('2024-06-08 06:00:00', '2024-06-08 18:00:00', '827', 43, 31, 26, NULL),
('2024-06-08 06:00:00', '2024-06-08 18:00:00', '828', 4, 31, 26, NULL),
('2024-06-08 06:00:00', '2024-06-08 18:00:00', '829', 4, 31, 26, NULL),
('2024-06-08 06:00:00', '2024-06-08 18:00:00', '830', 43, 32, 26, NULL),
('2024-06-08 06:00:00', '2024-06-08 18:00:00', '831', 43, 32, 26, NULL),
('2024-06-08 06:00:00', '2024-06-08 18:00:00', '832', 4, 31, 26, NULL),
('2024-06-08 06:00:00', '2024-06-08 18:00:00', '833', 43, 32, 26, NULL),
('2024-06-08 06:00:00', '2024-06-08 18:00:00', '840', 43, 32, 25, NULL),
('2024-06-08 06:00:00', '2024-06-08 18:00:00', '842', 43, 32, 25, NULL),
('2024-06-08 06:00:00', '2024-06-08 18:00:00', '843', 62, 32, 25, NULL),
('2024-06-08 06:00:00', '2024-06-08 18:00:00', '844', 62, 30, 23, NULL),
('2024-06-08 06:00:00', '2024-06-08 18:00:00', '845', 43, 32, 25, NULL),
('2024-06-08 06:00:00', '2024-06-08 18:00:00', '846', 62, 32, 25, NULL),
('2024-06-08 06:00:00', '2024-06-08 18:00:00', '847', 62, 30, 23, NULL),
('2024-06-08 06:00:00', '2024-06-08 18:00:00', '848', 62, 27, 21, NULL),
('2024-06-08 06:00:00', '2024-06-08 18:00:00', '849', 71, 26, 20, NULL),
('2024-06-08 06:00:00', '2024-06-08 18:00:00', '851', 62, 30, 24, NULL),
('2024-06-08 06:00:00', '2024-06-08 18:00:00', '852', 4, 31, 26, NULL),
('2024-06-08 06:00:00', '2024-06-08 18:00:00', '880', 43, 29, 26, NULL),
('2024-06-08 06:00:00', '2024-06-08 18:00:00', '881', 43, 28, 25, NULL),
('2024-06-08 06:00:00', '2024-06-08 18:00:00', '882', 54, 28, 26, NULL),
('2024-06-08 06:00:00', '2024-06-08 18:00:00', '883', 54, 29, 26, NULL),
('2024-06-08 06:00:00', '2024-06-08 18:00:00', '884', 43, 28, 25, NULL),
('2024-06-08 06:00:00', '2024-06-08 18:00:00', '885', 43, 29, 26, NULL),
('2024-06-08 06:00:00', '2024-06-08 18:00:00', '890', 71, 27, 24, NULL),
('2024-06-08 06:00:00', '2024-06-08 18:00:00', '891', 71, 27, 24, NULL),
('2024-06-08 06:00:00', '2024-06-08 18:00:00', '892', 71, 27, 24, NULL),
('2024-06-08 06:00:00', '2024-06-08 18:00:00', '893', 71, 27, 24, NULL),
('2024-06-08 06:00:00', '2024-06-08 18:00:00', '894', 71, 27, 24, NULL),
('2024-06-08 06:00:00', '2024-06-08 18:00:00', '896', 71, 28, 25, NULL),
('2024-06-08 06:00:00', '2024-06-08 18:00:00', '900', 43, 32, 26, NULL),
('2024-06-08 06:00:00', '2024-06-08 18:00:00', '902', 62, 29, 23, NULL),
('2024-06-08 06:00:00', '2024-06-08 18:00:00', '903', 62, 31, 25, NULL),
('2024-06-08 06:00:00', '2024-06-08 18:00:00', '904', 43, 32, 26, NULL),
('2024-06-08 06:00:00', '2024-06-08 18:00:00', '905', 43, 32, 25, NULL),
('2024-06-08 06:00:00', '2024-06-08 18:00:00', '906', 62, 32, 25, NULL),
('2024-06-08 06:00:00', '2024-06-08 18:00:00', '907', 43, 32, 26, NULL),
('2024-06-08 06:00:00', '2024-06-08 18:00:00', '908', 43, 33, 26, NULL),
('2024-06-08 06:00:00', '2024-06-08 18:00:00', '909', 43, 33, 26, NULL),
('2024-06-08 06:00:00', '2024-06-08 18:00:00', '911', 43, 32, 26, NULL),
('2024-06-08 06:00:00', '2024-06-08 18:00:00', '912', 43, 32, 26, NULL),
('2024-06-08 06:00:00', '2024-06-08 18:00:00', '913', 4, 32, 26, NULL),
('2024-06-08 06:00:00', '2024-06-08 18:00:00', '921', 43, 32, 25, NULL),
('2024-06-08 06:00:00', '2024-06-08 18:00:00', '922', 43, 31, 24, NULL),
('2024-06-08 06:00:00', '2024-06-08 18:00:00', '923', 43, 32, 26, NULL),
('2024-06-08 06:00:00', '2024-06-08 18:00:00', '924', 43, 32, 26, NULL),
('2024-06-08 06:00:00', '2024-06-08 18:00:00', '925', 43, 32, 26, NULL),
('2024-06-08 06:00:00', '2024-06-08 18:00:00', '926', 43, 32, 26, NULL),
('2024-06-08 06:00:00', '2024-06-08 18:00:00', '927', 4, 31, 26, NULL),
('2024-06-08 06:00:00', '2024-06-08 18:00:00', '928', 43, 31, 26, NULL),
('2024-06-08 06:00:00', '2024-06-08 18:00:00', '929', 4, 31, 26, NULL),
('2024-06-08 06:00:00', '2024-06-08 18:00:00', '931', 43, 32, 26, NULL),
('2024-06-08 06:00:00', '2024-06-08 18:00:00', '932', 43, 32, 26, NULL),
('2024-06-08 06:00:00', '2024-06-08 18:00:00', '940', 43, 31, 26, NULL),
('2024-06-08 06:00:00', '2024-06-08 18:00:00', '941', 4, 30, 26, NULL),
('2024-06-08 06:00:00', '2024-06-08 18:00:00', '942', 43, 31, 25, NULL),
('2024-06-08 06:00:00', '2024-06-08 18:00:00', '943', 4, 30, 26, NULL),
('2024-06-08 06:00:00', '2024-06-08 18:00:00', '944', 4, 32, 26, NULL),
('2024-06-08 06:00:00', '2024-06-08 18:00:00', '945', 4, 31, 25, NULL),
('2024-06-08 06:00:00', '2024-06-08 18:00:00', '947', 5, 30, 26, NULL),
('2024-06-08 06:00:00', '2024-06-08 18:00:00', '950', 5, 31, 25, NULL),
('2024-06-08 06:00:00', '2024-06-08 18:00:00', '951', 4, 30, 26, NULL),
('2024-06-08 06:00:00', '2024-06-08 18:00:00', '952', 4, 30, 26, NULL),
('2024-06-08 06:00:00', '2024-06-08 18:00:00', '953', 54, 29, 23, NULL),
('2024-06-08 06:00:00', '2024-06-08 18:00:00', '954', 5, 30, 25, NULL),
('2024-06-08 06:00:00', '2024-06-08 18:00:00', '955', 54, 30, 24, NULL),
('2024-06-08 06:00:00', '2024-06-08 18:00:00', '956', 54, 29, 23, NULL),
('2024-06-08 06:00:00', '2024-06-08 18:00:00', '957', 54, 28, 22, NULL),
('2024-06-08 06:00:00', '2024-06-08 18:00:00', '958', 54, 29, 23, NULL),
('2024-06-08 06:00:00', '2024-06-08 18:00:00', '959', 54, 30, 26, NULL),
('2024-06-08 06:00:00', '2024-06-08 18:00:00', '961', 5, 30, 25, NULL),
('2024-06-08 06:00:00', '2024-06-08 18:00:00', '962', 62, 31, 25, NULL),
('2024-06-08 06:00:00', '2024-06-08 18:00:00', '964', 54, 29, 24, NULL),
('2024-06-08 06:00:00', '2024-06-08 18:00:00', '965', 4, 31, 25, NULL),
('2024-06-08 06:00:00', '2024-06-08 18:00:00', '966', 4, 31, 26, NULL),
('2024-06-08 06:00:00', '2024-06-08 18:00:00', '970', 129, 29, 25, NULL),
('2024-06-08 06:00:00', '2024-06-08 18:00:00', '971', 129, 29, 24, NULL),
('2024-06-08 06:00:00', '2024-06-08 18:00:00', '972', 129, 27, 23, NULL),
('2024-06-08 06:00:00', '2024-06-08 18:00:00', '973', 129, 29, 24, NULL),
('2024-06-08 06:00:00', '2024-06-08 18:00:00', '974', 129, 29, 24, NULL),
('2024-06-08 06:00:00', '2024-06-08 18:00:00', '975', 129, 29, 24, NULL),
('2024-06-08 06:00:00', '2024-06-08 18:00:00', '976', 129, 29, 23, NULL),
('2024-06-08 06:00:00', '2024-06-08 18:00:00', '977', 129, 29, 24, NULL),
('2024-06-08 06:00:00', '2024-06-08 18:00:00', '978', 129, 30, 24, NULL),
('2024-06-08 06:00:00', '2024-06-08 18:00:00', '979', 129, 29, 23, NULL),
('2024-06-08 06:00:00', '2024-06-08 18:00:00', '981', 129, 30, 23, NULL),
('2024-06-08 06:00:00', '2024-06-08 18:00:00', '982', 129, 28, 22, NULL),
('2024-06-08 06:00:00', '2024-06-08 18:00:00', '983', 129, 29, 23, NULL),
('2024-06-08 18:00:00', '2024-06-09 06:00:00', '100', 10, 28, 25, NULL),
('2024-06-08 18:00:00', '2024-06-09 06:00:00', '103', 10, 28, 25, NULL),
('2024-06-08 18:00:00', '2024-06-09 06:00:00', '104', 10, 28, 25, NULL),
('2024-06-08 18:00:00', '2024-06-09 06:00:00', '105', 10, 28, 25, NULL),
('2024-06-08 18:00:00', '2024-06-09 06:00:00', '106', 10, 28, 27, NULL),
('2024-06-08 18:00:00', '2024-06-09 06:00:00', '108', 10, 28, 25, NULL),
('2024-06-08 18:00:00', '2024-06-09 06:00:00', '110', 10, 28, 25, NULL),
('2024-06-08 18:00:00', '2024-06-09 06:00:00', '111', 10, 28, 25, NULL),
('2024-06-08 18:00:00', '2024-06-09 06:00:00', '112', 10, 28, 25, NULL),
('2024-06-08 18:00:00', '2024-06-09 06:00:00', '114', 10, 28, 25, NULL),
('2024-06-08 18:00:00', '2024-06-09 06:00:00', '115', 10, 27, 25, NULL),
('2024-06-08 18:00:00', '2024-06-09 06:00:00', '116', 10, 27, 24, NULL),
('2024-06-08 18:00:00', '2024-06-09 06:00:00', '200', 10, 27, 24, NULL),
('2024-06-08 18:00:00', '2024-06-09 06:00:00', '204', 10, 27, 24, NULL),
('2024-06-08 18:00:00', '2024-06-09 06:00:00', '205', 10, 27, 24, NULL),
('2024-06-08 18:00:00', '2024-06-09 06:00:00', '206', 10, 27, 24, NULL),
('2024-06-08 18:00:00', '2024-06-09 06:00:00', '207', 10, 26, 24, NULL),
('2024-06-08 18:00:00', '2024-06-09 06:00:00', '208', 43, 26, 24, NULL),
('2024-06-08 18:00:00', '2024-06-09 06:00:00', '209', 71, 25, 24, NULL),
('2024-06-08 18:00:00', '2024-06-09 06:00:00', '210', 62, 25, 24, NULL),
('2024-06-08 18:00:00', '2024-06-09 06:00:00', '211', 71, 25, 25, NULL),
('2024-06-08 18:00:00', '2024-06-09 06:00:00', '212', 6, 25, 24, NULL),
('2024-06-08 18:00:00', '2024-06-09 06:00:00', '220', 10, 28, 25, NULL),
('2024-06-08 18:00:00', '2024-06-09 06:00:00', '221', 10, 26, 24, NULL),
('2024-06-08 18:00:00', '2024-06-09 06:00:00', '222', 10, 27, 24, NULL),
('2024-06-08 18:00:00', '2024-06-09 06:00:00', '223', 10, 26, 23, NULL),
('2024-06-08 18:00:00', '2024-06-09 06:00:00', '224', 43, 26, 24, NULL),
('2024-06-08 18:00:00', '2024-06-09 06:00:00', '226', 10, 25, 23, NULL),
('2024-06-08 18:00:00', '2024-06-09 06:00:00', '227', 10, 27, 25, NULL),
('2024-06-08 18:00:00', '2024-06-09 06:00:00', '228', 10, 26, 25, NULL),
('2024-06-08 18:00:00', '2024-06-09 06:00:00', '231', 10, 28, 25, NULL),
('2024-06-08 18:00:00', '2024-06-09 06:00:00', '232', 6, 25, 23, NULL),
('2024-06-08 18:00:00', '2024-06-09 06:00:00', '233', 10, 24, 22, NULL),
('2024-06-08 18:00:00', '2024-06-09 06:00:00', '234', 10, 28, 25, NULL),
('2024-06-08 18:00:00', '2024-06-09 06:00:00', '235', 10, 28, 25, NULL),
('2024-06-08 18:00:00', '2024-06-09 06:00:00', '236', 10, 28, 25, NULL),
('2024-06-08 18:00:00', '2024-06-09 06:00:00', '237', 19, 27, 24, NULL),
('2024-06-08 18:00:00', '2024-06-09 06:00:00', '238', 10, 28, 25, NULL),
('2024-06-08 18:00:00', '2024-06-09 06:00:00', '239', 19, 28, 25, NULL),
('2024-06-08 18:00:00', '2024-06-09 06:00:00', '241', 10, 28, 26, NULL),
('2024-06-08 18:00:00', '2024-06-09 06:00:00', '242', 10, 28, 25, NULL),
('2024-06-08 18:00:00', '2024-06-09 06:00:00', '243', 10, 28, 25, NULL),
('2024-06-08 18:00:00', '2024-06-09 06:00:00', '244', 10, 27, 24, NULL),
('2024-06-08 18:00:00', '2024-06-09 06:00:00', '247', 10, 28, 26, NULL),
('2024-06-08 18:00:00', '2024-06-09 06:00:00', '248', 10, 28, 25, NULL),
('2024-06-08 18:00:00', '2024-06-09 06:00:00', '249', 10, 27, 25, NULL),
('2024-06-08 18:00:00', '2024-06-09 06:00:00', '251', 10, 27, 25, NULL),
('2024-06-08 18:00:00', '2024-06-09 06:00:00', '252', 10, 26, 24, NULL),
('2024-06-08 18:00:00', '2024-06-09 06:00:00', '253', 43, 26, 24, NULL),
('2024-06-08 18:00:00', '2024-06-09 06:00:00', '302', 19, 28, 25, NULL),
('2024-06-08 18:00:00', '2024-06-09 06:00:00', '303', 26, 28, 25, NULL),
('2024-06-08 18:00:00', '2024-06-09 06:00:00', '304', 10, 27, 25, NULL),
('2024-06-08 18:00:00', '2024-06-09 06:00:00', '305', 26, 28, 24, NULL),
('2024-06-08 18:00:00', '2024-06-09 06:00:00', '306', 26, 27, 24, NULL),
('2024-06-08 18:00:00', '2024-06-09 06:00:00', '308', 19, 28, 25, NULL),
('2024-06-08 18:00:00', '2024-06-09 06:00:00', '310', 26, 28, 24, NULL),
('2024-06-08 18:00:00', '2024-06-09 06:00:00', '311', 21, 25, 22, NULL),
('2024-06-08 18:00:00', '2024-06-09 06:00:00', '312', 26, 27, 23, NULL),
('2024-06-08 18:00:00', '2024-06-09 06:00:00', '313', 26, 24, 22, NULL),
('2024-06-08 18:00:00', '2024-06-09 06:00:00', '314', 26, 27, 24, NULL),
('2024-06-08 18:00:00', '2024-06-09 06:00:00', '315', 19, 28, 24, NULL),
('2024-06-08 18:00:00', '2024-06-09 06:00:00', '320', 26, 27, 24, NULL),
('2024-06-08 18:00:00', '2024-06-09 06:00:00', '324', 26, 27, 24, NULL),
('2024-06-08 18:00:00', '2024-06-09 06:00:00', '325', 26, 26, 23, NULL),
('2024-06-08 18:00:00', '2024-06-09 06:00:00', '326', 26, 27, 24, NULL),
('2024-06-08 18:00:00', '2024-06-09 06:00:00', '327', 19, 27, 25, NULL),
('2024-06-08 18:00:00', '2024-06-09 06:00:00', '328', 10, 27, 25, NULL),
('2024-06-08 18:00:00', '2024-06-09 06:00:00', '330', 19, 28, 25, NULL),
('2024-06-08 18:00:00', '2024-06-09 06:00:00', '333', 19, 28, 25, NULL),
('2024-06-08 18:00:00', '2024-06-09 06:00:00', '334', 26, 27, 24, NULL),
('2024-06-08 18:00:00', '2024-06-09 06:00:00', '335', 26, 27, 24, NULL),
('2024-06-08 18:00:00', '2024-06-09 06:00:00', '336', 10, 25, 22, NULL),
('2024-06-08 18:00:00', '2024-06-09 06:00:00', '337', 19, 27, 25, NULL),
('2024-06-08 18:00:00', '2024-06-09 06:00:00', '338', 19, 28, 25, NULL),
('2024-06-08 18:00:00', '2024-06-09 06:00:00', '350', 10, 28, 25, NULL),
('2024-06-08 18:00:00', '2024-06-09 06:00:00', '351', 10, 29, 25, NULL),
('2024-06-08 18:00:00', '2024-06-09 06:00:00', '352', 19, 28, 24, NULL),
('2024-06-08 18:00:00', '2024-06-09 06:00:00', '353', 21, 26, 23, NULL),
('2024-06-08 18:00:00', '2024-06-09 06:00:00', '354', 21, 26, 23, NULL),
('2024-06-08 18:00:00', '2024-06-09 06:00:00', '356', 10, 28, 26, NULL),
('2024-06-08 18:00:00', '2024-06-09 06:00:00', '357', 19, 28, 26, NULL),
('2024-06-08 18:00:00', '2024-06-09 06:00:00', '358', 19, 28, 26, NULL),
('2024-06-08 18:00:00', '2024-06-09 06:00:00', '360', 21, 28, 25, NULL),
('2024-06-08 18:00:00', '2024-06-09 06:00:00', '361', 10, 28, 25, NULL),
('2024-06-08 18:00:00', '2024-06-09 06:00:00', '362', 21, 28, 25, NULL),
('2024-06-08 18:00:00', '2024-06-09 06:00:00', '363', 21, 28, 24, NULL),
('2024-06-08 18:00:00', '2024-06-09 06:00:00', '364', 21, 26, 23, NULL),
('2024-06-08 18:00:00', '2024-06-09 06:00:00', '365', 21, 25, 22, NULL),
('2024-06-08 18:00:00', '2024-06-09 06:00:00', '366', 21, 28, 25, NULL),
('2024-06-08 18:00:00', '2024-06-09 06:00:00', '367', 21, 27, 24, NULL),
('2024-06-08 18:00:00', '2024-06-09 06:00:00', '368', 19, 28, 25, NULL),
('2024-06-08 18:00:00', '2024-06-09 06:00:00', '369', 21, 27, 24, NULL),
('2024-06-08 18:00:00', '2024-06-09 06:00:00', '406', 21, 29, 26, NULL),
('2024-06-08 18:00:00', '2024-06-09 06:00:00', '407', 10, 29, 26, NULL),
('2024-06-08 18:00:00', '2024-06-09 06:00:00', '408', 10, 29, 26, NULL),
('2024-06-08 18:00:00', '2024-06-09 06:00:00', '411', 19, 29, 26, NULL),
('2024-06-08 18:00:00', '2024-06-09 06:00:00', '412', 10, 29, 26, NULL),
('2024-06-08 18:00:00', '2024-06-09 06:00:00', '413', 19, 28, 25, NULL),
('2024-06-08 18:00:00', '2024-06-09 06:00:00', '414', 10, 29, 26, NULL),
('2024-06-08 18:00:00', '2024-06-09 06:00:00', '420', 26, 29, 26, NULL),
('2024-06-08 18:00:00', '2024-06-09 06:00:00', '421', 26, 28, 25, NULL),
('2024-06-08 18:00:00', '2024-06-09 06:00:00', '422', 26, 27, 24, NULL),
('2024-06-08 18:00:00', '2024-06-09 06:00:00', '423', 21, 27, 24, NULL),
('2024-06-08 18:00:00', '2024-06-09 06:00:00', '424', 19, 25, 22, NULL),
('2024-06-08 18:00:00', '2024-06-09 06:00:00', '426', 21, 27, 24, NULL),
('2024-06-08 18:00:00', '2024-06-09 06:00:00', '427', 26, 29, 26, NULL),
('2024-06-08 18:00:00', '2024-06-09 06:00:00', '428', 10, 28, 26, NULL),
('2024-06-08 18:00:00', '2024-06-09 06:00:00', '429', 26, 28, 26, NULL),
('2024-06-08 18:00:00', '2024-06-09 06:00:00', '432', 10, 29, 27, NULL),
('2024-06-08 18:00:00', '2024-06-09 06:00:00', '433', 10, 29, 27, NULL),
('2024-06-08 18:00:00', '2024-06-09 06:00:00', '434', 10, 29, 27, NULL),
('2024-06-08 18:00:00', '2024-06-09 06:00:00', '435', 10, 29, 27, NULL),
('2024-06-08 18:00:00', '2024-06-09 06:00:00', '436', 10, 29, 27, NULL),
('2024-06-08 18:00:00', '2024-06-09 06:00:00', '437', 10, 28, 26, NULL),
('2024-06-08 18:00:00', '2024-06-09 06:00:00', '438', 21, 28, 26, NULL),
('2024-06-08 18:00:00', '2024-06-09 06:00:00', '500', 10, 29, 26, NULL),
('2024-06-08 18:00:00', '2024-06-09 06:00:00', '502', 19, 29, 25, NULL),
('2024-06-08 18:00:00', '2024-06-09 06:00:00', '503', 10, 29, 26, NULL),
('2024-06-08 18:00:00', '2024-06-09 06:00:00', '504', 10, 29, 27, NULL),
('2024-06-08 18:00:00', '2024-06-09 06:00:00', '505', 10, 29, 27, NULL),
('2024-06-08 18:00:00', '2024-06-09 06:00:00', '506', 10, 29, 27, NULL),
('2024-06-08 18:00:00', '2024-06-09 06:00:00', '507', 10, 29, 27, NULL),
('2024-06-08 18:00:00', '2024-06-09 06:00:00', '508', 10, 29, 27, NULL),
('2024-06-08 18:00:00', '2024-06-09 06:00:00', '509', 10, 29, 27, NULL),
('2024-06-08 18:00:00', '2024-06-09 06:00:00', '511', 10, 29, 26, NULL),
('2024-06-08 18:00:00', '2024-06-09 06:00:00', '512', 10, 30, 27, NULL),
('2024-06-08 18:00:00', '2024-06-09 06:00:00', '513', 10, 29, 26, NULL),
('2024-06-08 18:00:00', '2024-06-09 06:00:00', '514', 10, 30, 27, NULL),
('2024-06-08 18:00:00', '2024-06-09 06:00:00', '515', 10, 29, 26, NULL),
('2024-06-08 18:00:00', '2024-06-09 06:00:00', '516', 10, 30, 27, NULL),
('2024-06-08 18:00:00', '2024-06-09 06:00:00', '520', 10, 29, 26, NULL),
('2024-06-08 18:00:00', '2024-06-09 06:00:00', '521', 10, 29, 26, NULL),
('2024-06-08 18:00:00', '2024-06-09 06:00:00', '522', 10, 30, 26, NULL),
('2024-06-08 18:00:00', '2024-06-09 06:00:00', '523', 10, 30, 27, NULL),
('2024-06-08 18:00:00', '2024-06-09 06:00:00', '524', 10, 29, 26, NULL),
('2024-06-08 18:00:00', '2024-06-09 06:00:00', '525', 10, 29, 27, NULL),
('2024-06-08 18:00:00', '2024-06-09 06:00:00', '526', 10, 29, 27, NULL),
('2024-06-08 18:00:00', '2024-06-09 06:00:00', '527', 10, 29, 27, NULL),
('2024-06-08 18:00:00', '2024-06-09 06:00:00', '528', 10, 29, 27, NULL),
('2024-06-08 18:00:00', '2024-06-09 06:00:00', '530', 10, 29, 26, NULL),
('2024-06-08 18:00:00', '2024-06-09 06:00:00', '540', 19, 29, 25, NULL),
('2024-06-08 18:00:00', '2024-06-09 06:00:00', '541', 10, 28, 25, NULL),
('2024-06-08 18:00:00', '2024-06-09 06:00:00', '542', 19, 28, 25, NULL),
('2024-06-08 18:00:00', '2024-06-09 06:00:00', '544', 19, 27, 24, NULL),
('2024-06-08 18:00:00', '2024-06-09 06:00:00', '545', 26, 26, 23, NULL),
('2024-06-08 18:00:00', '2024-06-09 06:00:00', '546', 21, 22, 20, NULL),
('2024-06-08 18:00:00', '2024-06-09 06:00:00', '551', 10, 28, 25, NULL),
('2024-06-08 18:00:00', '2024-06-09 06:00:00', '552', 19, 28, 24, NULL),
('2024-06-08 18:00:00', '2024-06-09 06:00:00', '553', 19, 26, 24, NULL),
('2024-06-08 18:00:00', '2024-06-09 06:00:00', '555', 21, 24, 22, NULL),
('2024-06-08 18:00:00', '2024-06-09 06:00:00', '556', 19, 25, 22, NULL),
('2024-06-08 18:00:00', '2024-06-09 06:00:00', '557', 10, 29, 26, NULL),
('2024-06-08 18:00:00', '2024-06-09 06:00:00', '558', 10, 25, 23, NULL),
('2024-06-08 18:00:00', '2024-06-09 06:00:00', '602', 10, 28, 25, NULL),
('2024-06-08 18:00:00', '2024-06-09 06:00:00', '603', 10, 28, 25, NULL),
('2024-06-08 18:00:00', '2024-06-09 06:00:00', '604', 10, 28, 25, NULL),
('2024-06-08 18:00:00', '2024-06-09 06:00:00', '606', 10, 29, 26, NULL),
('2024-06-08 18:00:00', '2024-06-09 06:00:00', '607', 10, 27, 24, NULL),
('2024-06-08 18:00:00', '2024-06-09 06:00:00', '608', 10, 29, 26, NULL),
('2024-06-08 18:00:00', '2024-06-09 06:00:00', '611', 19, 29, 26, NULL),
('2024-06-08 18:00:00', '2024-06-09 06:00:00', '612', 10, 29, 26, NULL),
('2024-06-08 18:00:00', '2024-06-09 06:00:00', '613', 10, 29, 27, NULL),
('2024-06-08 18:00:00', '2024-06-09 06:00:00', '614', 10, 29, 27, NULL),
('2024-06-08 18:00:00', '2024-06-09 06:00:00', '615', 10, 29, 27, NULL),
('2024-06-08 18:00:00', '2024-06-09 06:00:00', '616', 10, 29, 26, NULL),
('2024-06-08 18:00:00', '2024-06-09 06:00:00', '621', 10, 29, 26, NULL),
('2024-06-08 18:00:00', '2024-06-09 06:00:00', '622', 10, 29, 26, NULL),
('2024-06-08 18:00:00', '2024-06-09 06:00:00', '623', 10, 29, 27, NULL),
('2024-06-08 18:00:00', '2024-06-09 06:00:00', '624', 43, 29, 27, NULL),
('2024-06-08 18:00:00', '2024-06-09 06:00:00', '625', 43, 29, 27, NULL),
('2024-06-08 18:00:00', '2024-06-09 06:00:00', '630', 10, 29, 26, NULL),
('2024-06-08 18:00:00', '2024-06-09 06:00:00', '631', 10, 29, 27, NULL),
('2024-06-08 18:00:00', '2024-06-09 06:00:00', '632', 10, 29, 27, NULL),
('2024-06-08 18:00:00', '2024-06-09 06:00:00', '633', 10, 29, 27, NULL),
('2024-06-08 18:00:00', '2024-06-09 06:00:00', '634', 19, 29, 27, NULL),
('2024-06-08 18:00:00', '2024-06-09 06:00:00', '635', 19, 29, 27, NULL),
('2024-06-08 18:00:00', '2024-06-09 06:00:00', '636', 19, 29, 27, NULL),
('2024-06-08 18:00:00', '2024-06-09 06:00:00', '637', 10, 29, 26, NULL),
('2024-06-08 18:00:00', '2024-06-09 06:00:00', '638', 19, 29, 27, NULL),
('2024-06-08 18:00:00', '2024-06-09 06:00:00', '640', 10, 29, 26, NULL),
('2024-06-08 18:00:00', '2024-06-09 06:00:00', '643', 10, 29, 26, NULL),
('2024-06-08 18:00:00', '2024-06-09 06:00:00', '646', 10, 28, 26, NULL),
('2024-06-08 18:00:00', '2024-06-09 06:00:00', '647', 10, 29, 26, NULL),
('2024-06-08 18:00:00', '2024-06-09 06:00:00', '648', 10, 29, 26, NULL),
('2024-06-08 18:00:00', '2024-06-09 06:00:00', '649', 10, 29, 26, NULL),
('2024-06-08 18:00:00', '2024-06-09 06:00:00', '651', 10, 29, 27, NULL),
('2024-06-08 18:00:00', '2024-06-09 06:00:00', '652', 10, 29, 27, NULL),
('2024-06-08 18:00:00', '2024-06-09 06:00:00', '653', 10, 29, 27, NULL),
('2024-06-08 18:00:00', '2024-06-09 06:00:00', '654', 19, 29, 27, NULL),
('2024-06-08 18:00:00', '2024-06-09 06:00:00', '655', 10, 29, 27, NULL);
INSERT INTO `weather_forecast` (`Start_Time`, `End_Time`, `District_ID`, `Weather_Type_ID`, `MaxTemperature`, `MinTemperature`, `Remarks`) VALUES
('2024-06-08 18:00:00', '2024-06-09 06:00:00', '700', 71, 30, 27, NULL),
('2024-06-08 18:00:00', '2024-06-09 06:00:00', '701', 19, 29, 27, NULL),
('2024-06-08 18:00:00', '2024-06-09 06:00:00', '702', 10, 30, 27, NULL),
('2024-06-08 18:00:00', '2024-06-09 06:00:00', '704', 10, 30, 27, NULL),
('2024-06-08 18:00:00', '2024-06-09 06:00:00', '708', 71, 30, 27, NULL),
('2024-06-08 18:00:00', '2024-06-09 06:00:00', '709', 71, 30, 27, NULL),
('2024-06-08 18:00:00', '2024-06-09 06:00:00', '710', 71, 29, 26, NULL),
('2024-06-08 18:00:00', '2024-06-09 06:00:00', '711', 62, 29, 26, NULL),
('2024-06-08 18:00:00', '2024-06-09 06:00:00', '712', 62, 29, 26, NULL),
('2024-06-08 18:00:00', '2024-06-09 06:00:00', '713', 54, 29, 26, NULL),
('2024-06-08 18:00:00', '2024-06-09 06:00:00', '714', 43, 29, 26, NULL),
('2024-06-08 18:00:00', '2024-06-09 06:00:00', '715', 43, 29, 26, NULL),
('2024-06-08 18:00:00', '2024-06-09 06:00:00', '716', 54, 28, 25, NULL),
('2024-06-08 18:00:00', '2024-06-09 06:00:00', '717', 62, 29, 26, NULL),
('2024-06-08 18:00:00', '2024-06-09 06:00:00', '718', 62, 29, 26, NULL),
('2024-06-08 18:00:00', '2024-06-09 06:00:00', '719', 62, 29, 26, NULL),
('2024-06-08 18:00:00', '2024-06-09 06:00:00', '720', 43, 29, 26, NULL),
('2024-06-08 18:00:00', '2024-06-09 06:00:00', '721', 54, 30, 27, NULL),
('2024-06-08 18:00:00', '2024-06-09 06:00:00', '722', 54, 29, 27, NULL),
('2024-06-08 18:00:00', '2024-06-09 06:00:00', '723', 54, 30, 27, NULL),
('2024-06-08 18:00:00', '2024-06-09 06:00:00', '725', 43, 29, 27, NULL),
('2024-06-08 18:00:00', '2024-06-09 06:00:00', '726', 43, 29, 27, NULL),
('2024-06-08 18:00:00', '2024-06-09 06:00:00', '727', 43, 29, 27, NULL),
('2024-06-08 18:00:00', '2024-06-09 06:00:00', '730', 43, 30, 26, NULL),
('2024-06-08 18:00:00', '2024-06-09 06:00:00', '731', 43, 29, 26, NULL),
('2024-06-08 18:00:00', '2024-06-09 06:00:00', '732', 43, 29, 26, NULL),
('2024-06-08 18:00:00', '2024-06-09 06:00:00', '733', 43, 29, 26, NULL),
('2024-06-08 18:00:00', '2024-06-09 06:00:00', '734', 43, 29, 26, NULL),
('2024-06-08 18:00:00', '2024-06-09 06:00:00', '735', 43, 29, 27, NULL),
('2024-06-08 18:00:00', '2024-06-09 06:00:00', '736', 43, 30, 26, NULL),
('2024-06-08 18:00:00', '2024-06-09 06:00:00', '737', 43, 29, 26, NULL),
('2024-06-08 18:00:00', '2024-06-09 06:00:00', '741', 71, 29, 26, NULL),
('2024-06-08 18:00:00', '2024-06-09 06:00:00', '742', 62, 30, 26, NULL),
('2024-06-08 18:00:00', '2024-06-09 06:00:00', '743', 62, 30, 26, NULL),
('2024-06-08 18:00:00', '2024-06-09 06:00:00', '744', 71, 30, 26, NULL),
('2024-06-08 18:00:00', '2024-06-09 06:00:00', '745', 71, 30, 27, NULL),
('2024-06-08 18:00:00', '2024-06-09 06:00:00', '800', 4, 30, 27, NULL),
('2024-06-08 18:00:00', '2024-06-09 06:00:00', '801', 43, 30, 27, NULL),
('2024-06-08 18:00:00', '2024-06-09 06:00:00', '802', 4, 30, 27, NULL),
('2024-06-08 18:00:00', '2024-06-09 06:00:00', '803', 43, 30, 27, NULL),
('2024-06-08 18:00:00', '2024-06-09 06:00:00', '804', 43, 30, 27, NULL),
('2024-06-08 18:00:00', '2024-06-09 06:00:00', '805', 43, 30, 28, NULL),
('2024-06-08 18:00:00', '2024-06-09 06:00:00', '806', 4, 30, 27, NULL),
('2024-06-08 18:00:00', '2024-06-09 06:00:00', '807', 4, 30, 27, NULL),
('2024-06-08 18:00:00', '2024-06-09 06:00:00', '811', 4, 30, 27, NULL),
('2024-06-08 18:00:00', '2024-06-09 06:00:00', '812', 4, 30, 27, NULL),
('2024-06-08 18:00:00', '2024-06-09 06:00:00', '813', 4, 30, 27, NULL),
('2024-06-08 18:00:00', '2024-06-09 06:00:00', '814', 4, 30, 27, NULL),
('2024-06-08 18:00:00', '2024-06-09 06:00:00', '815', 4, 30, 27, NULL),
('2024-06-08 18:00:00', '2024-06-09 06:00:00', '820', 4, 30, 27, NULL),
('2024-06-08 18:00:00', '2024-06-09 06:00:00', '821', 54, 29, 26, NULL),
('2024-06-08 18:00:00', '2024-06-09 06:00:00', '822', 54, 29, 26, NULL),
('2024-06-08 18:00:00', '2024-06-09 06:00:00', '823', 54, 29, 26, NULL),
('2024-06-08 18:00:00', '2024-06-09 06:00:00', '824', 4, 30, 26, NULL),
('2024-06-08 18:00:00', '2024-06-09 06:00:00', '825', 4, 30, 27, NULL),
('2024-06-08 18:00:00', '2024-06-09 06:00:00', '826', 4, 29, 27, NULL),
('2024-06-08 18:00:00', '2024-06-09 06:00:00', '827', 4, 29, 27, NULL),
('2024-06-08 18:00:00', '2024-06-09 06:00:00', '828', 43, 29, 27, NULL),
('2024-06-08 18:00:00', '2024-06-09 06:00:00', '829', 62, 29, 27, NULL),
('2024-06-08 18:00:00', '2024-06-09 06:00:00', '830', 4, 30, 27, NULL),
('2024-06-08 18:00:00', '2024-06-09 06:00:00', '831', 4, 30, 27, NULL),
('2024-06-08 18:00:00', '2024-06-09 06:00:00', '832', 4, 30, 27, NULL),
('2024-06-08 18:00:00', '2024-06-09 06:00:00', '833', 4, 30, 27, NULL),
('2024-06-08 18:00:00', '2024-06-09 06:00:00', '840', 4, 30, 26, NULL),
('2024-06-08 18:00:00', '2024-06-09 06:00:00', '842', 43, 30, 26, NULL),
('2024-06-08 18:00:00', '2024-06-09 06:00:00', '843', 54, 30, 25, NULL),
('2024-06-08 18:00:00', '2024-06-09 06:00:00', '844', 54, 27, 24, NULL),
('2024-06-08 18:00:00', '2024-06-09 06:00:00', '845', 54, 29, 26, NULL),
('2024-06-08 18:00:00', '2024-06-09 06:00:00', '846', 54, 29, 25, NULL),
('2024-06-08 18:00:00', '2024-06-09 06:00:00', '847', 54, 27, 24, NULL),
('2024-06-08 18:00:00', '2024-06-09 06:00:00', '848', 62, 24, 21, NULL),
('2024-06-08 18:00:00', '2024-06-09 06:00:00', '849', 43, 22, 20, NULL),
('2024-06-08 18:00:00', '2024-06-09 06:00:00', '851', 62, 28, 24, NULL),
('2024-06-08 18:00:00', '2024-06-09 06:00:00', '852', 62, 29, 27, NULL),
('2024-06-08 18:00:00', '2024-06-09 06:00:00', '880', 71, 28, 27, NULL),
('2024-06-08 18:00:00', '2024-06-09 06:00:00', '881', 71, 27, 27, NULL),
('2024-06-08 18:00:00', '2024-06-09 06:00:00', '882', 71, 28, 27, NULL),
('2024-06-08 18:00:00', '2024-06-09 06:00:00', '883', 71, 28, 27, NULL),
('2024-06-08 18:00:00', '2024-06-09 06:00:00', '884', 62, 27, 27, NULL),
('2024-06-08 18:00:00', '2024-06-09 06:00:00', '885', 62, 28, 27, NULL),
('2024-06-08 18:00:00', '2024-06-09 06:00:00', '890', 6, 26, 25, NULL),
('2024-06-08 18:00:00', '2024-06-09 06:00:00', '891', 7, 26, 25, NULL),
('2024-06-08 18:00:00', '2024-06-09 06:00:00', '892', 7, 26, 25, NULL),
('2024-06-08 18:00:00', '2024-06-09 06:00:00', '893', 7, 26, 25, NULL),
('2024-06-08 18:00:00', '2024-06-09 06:00:00', '894', 7, 26, 25, NULL),
('2024-06-08 18:00:00', '2024-06-09 06:00:00', '896', 62, 27, 26, NULL),
('2024-06-08 18:00:00', '2024-06-09 06:00:00', '900', 4, 30, 26, NULL),
('2024-06-08 18:00:00', '2024-06-09 06:00:00', '902', 4, 26, 24, NULL),
('2024-06-08 18:00:00', '2024-06-09 06:00:00', '903', 4, 28, 25, NULL),
('2024-06-08 18:00:00', '2024-06-09 06:00:00', '904', 4, 30, 26, NULL),
('2024-06-08 18:00:00', '2024-06-09 06:00:00', '905', 4, 30, 26, NULL),
('2024-06-08 18:00:00', '2024-06-09 06:00:00', '906', 43, 29, 26, NULL),
('2024-06-08 18:00:00', '2024-06-09 06:00:00', '907', 4, 30, 26, NULL),
('2024-06-08 18:00:00', '2024-06-09 06:00:00', '908', 4, 30, 26, NULL),
('2024-06-08 18:00:00', '2024-06-09 06:00:00', '909', 4, 30, 26, NULL),
('2024-06-08 18:00:00', '2024-06-09 06:00:00', '911', 4, 30, 26, NULL),
('2024-06-08 18:00:00', '2024-06-09 06:00:00', '912', 4, 30, 26, NULL),
('2024-06-08 18:00:00', '2024-06-09 06:00:00', '913', 4, 30, 27, NULL),
('2024-06-08 18:00:00', '2024-06-09 06:00:00', '921', 43, 29, 25, NULL),
('2024-06-08 18:00:00', '2024-06-09 06:00:00', '922', 43, 29, 25, NULL),
('2024-06-08 18:00:00', '2024-06-09 06:00:00', '923', 4, 30, 26, NULL),
('2024-06-08 18:00:00', '2024-06-09 06:00:00', '924', 43, 30, 26, NULL),
('2024-06-08 18:00:00', '2024-06-09 06:00:00', '925', 43, 30, 26, NULL),
('2024-06-08 18:00:00', '2024-06-09 06:00:00', '926', 43, 30, 26, NULL),
('2024-06-08 18:00:00', '2024-06-09 06:00:00', '927', 4, 29, 26, NULL),
('2024-06-08 18:00:00', '2024-06-09 06:00:00', '928', 4, 30, 27, NULL),
('2024-06-08 18:00:00', '2024-06-09 06:00:00', '929', 43, 29, 27, NULL),
('2024-06-08 18:00:00', '2024-06-09 06:00:00', '931', 43, 30, 26, NULL),
('2024-06-08 18:00:00', '2024-06-09 06:00:00', '932', 4, 30, 27, NULL),
('2024-06-08 18:00:00', '2024-06-09 06:00:00', '940', 43, 29, 27, NULL),
('2024-06-08 18:00:00', '2024-06-09 06:00:00', '941', 4, 28, 27, NULL),
('2024-06-08 18:00:00', '2024-06-09 06:00:00', '942', 43, 29, 26, NULL),
('2024-06-08 18:00:00', '2024-06-09 06:00:00', '943', 4, 28, 26, NULL),
('2024-06-08 18:00:00', '2024-06-09 06:00:00', '944', 4, 29, 27, NULL),
('2024-06-08 18:00:00', '2024-06-09 06:00:00', '945', 5, 28, 26, NULL),
('2024-06-08 18:00:00', '2024-06-09 06:00:00', '947', 5, 28, 26, NULL),
('2024-06-08 18:00:00', '2024-06-09 06:00:00', '950', 4, 29, 26, NULL),
('2024-06-08 18:00:00', '2024-06-09 06:00:00', '951', 4, 29, 27, NULL),
('2024-06-08 18:00:00', '2024-06-09 06:00:00', '952', 6, 28, 27, NULL),
('2024-06-08 18:00:00', '2024-06-09 06:00:00', '953', 71, 27, 24, NULL),
('2024-06-08 18:00:00', '2024-06-09 06:00:00', '954', 5, 28, 25, NULL),
('2024-06-08 18:00:00', '2024-06-09 06:00:00', '955', 71, 27, 24, NULL),
('2024-06-08 18:00:00', '2024-06-09 06:00:00', '956', 71, 27, 24, NULL),
('2024-06-08 18:00:00', '2024-06-09 06:00:00', '957', 71, 25, 23, NULL),
('2024-06-08 18:00:00', '2024-06-09 06:00:00', '958', 71, 26, 24, NULL),
('2024-06-08 18:00:00', '2024-06-09 06:00:00', '959', 62, 28, 26, NULL),
('2024-06-08 18:00:00', '2024-06-09 06:00:00', '961', 6, 28, 26, NULL),
('2024-06-08 18:00:00', '2024-06-09 06:00:00', '962', 4, 28, 26, NULL),
('2024-06-08 18:00:00', '2024-06-09 06:00:00', '964', 6, 26, 25, NULL),
('2024-06-08 18:00:00', '2024-06-09 06:00:00', '965', 5, 29, 26, NULL),
('2024-06-08 18:00:00', '2024-06-09 06:00:00', '966', 5, 29, 26, NULL),
('2024-06-08 18:00:00', '2024-06-09 06:00:00', '970', 10, 28, 25, NULL),
('2024-06-08 18:00:00', '2024-06-09 06:00:00', '971', 26, 27, 25, NULL),
('2024-06-08 18:00:00', '2024-06-09 06:00:00', '972', 26, 25, 23, NULL),
('2024-06-08 18:00:00', '2024-06-09 06:00:00', '973', 21, 27, 25, NULL),
('2024-06-08 18:00:00', '2024-06-09 06:00:00', '974', 21, 27, 25, NULL),
('2024-06-08 18:00:00', '2024-06-09 06:00:00', '975', 21, 26, 24, NULL),
('2024-06-08 18:00:00', '2024-06-09 06:00:00', '976', 19, 26, 24, NULL),
('2024-06-08 18:00:00', '2024-06-09 06:00:00', '977', 4, 27, 25, NULL),
('2024-06-08 18:00:00', '2024-06-09 06:00:00', '978', 10, 27, 25, NULL),
('2024-06-08 18:00:00', '2024-06-09 06:00:00', '979', 21, 26, 24, NULL),
('2024-06-08 18:00:00', '2024-06-09 06:00:00', '981', 10, 27, 25, NULL),
('2024-06-08 18:00:00', '2024-06-09 06:00:00', '982', 10, 26, 23, NULL),
('2024-06-08 18:00:00', '2024-06-09 06:00:00', '983', 21, 26, 24, NULL),
('2024-06-09 06:00:00', '2024-06-09 18:00:00', '100', 129, 30, 25, NULL),
('2024-06-09 06:00:00', '2024-06-09 18:00:00', '103', 129, 30, 25, NULL),
('2024-06-09 06:00:00', '2024-06-09 18:00:00', '104', 129, 30, 25, NULL),
('2024-06-09 06:00:00', '2024-06-09 18:00:00', '105', 129, 30, 25, NULL),
('2024-06-09 06:00:00', '2024-06-09 18:00:00', '106', 129, 30, 27, NULL),
('2024-06-09 06:00:00', '2024-06-09 18:00:00', '108', 129, 30, 25, NULL),
('2024-06-09 06:00:00', '2024-06-09 18:00:00', '110', 129, 31, 25, NULL),
('2024-06-09 06:00:00', '2024-06-09 18:00:00', '111', 129, 31, 25, NULL),
('2024-06-09 06:00:00', '2024-06-09 18:00:00', '112', 129, 30, 26, NULL),
('2024-06-09 06:00:00', '2024-06-09 18:00:00', '114', 129, 30, 25, NULL),
('2024-06-09 06:00:00', '2024-06-09 18:00:00', '115', 129, 30, 25, NULL),
('2024-06-09 06:00:00', '2024-06-09 18:00:00', '116', 129, 30, 24, NULL),
('2024-06-09 06:00:00', '2024-06-09 18:00:00', '200', 129, 28, 24, NULL),
('2024-06-09 06:00:00', '2024-06-09 18:00:00', '204', 129, 28, 24, NULL),
('2024-06-09 06:00:00', '2024-06-09 18:00:00', '205', 129, 29, 24, NULL),
('2024-06-09 06:00:00', '2024-06-09 18:00:00', '206', 129, 29, 24, NULL),
('2024-06-09 06:00:00', '2024-06-09 18:00:00', '207', 129, 27, 24, NULL),
('2024-06-09 06:00:00', '2024-06-09 18:00:00', '208', 129, 28, 25, NULL),
('2024-06-09 06:00:00', '2024-06-09 18:00:00', '209', 43, 26, 24, NULL),
('2024-06-09 06:00:00', '2024-06-09 18:00:00', '210', 43, 26, 24, NULL),
('2024-06-09 06:00:00', '2024-06-09 18:00:00', '211', 4, 26, 25, NULL),
('2024-06-09 06:00:00', '2024-06-09 18:00:00', '212', 43, 26, 24, NULL),
('2024-06-09 06:00:00', '2024-06-09 18:00:00', '220', 129, 30, 25, NULL),
('2024-06-09 06:00:00', '2024-06-09 18:00:00', '221', 129, 29, 24, NULL),
('2024-06-09 06:00:00', '2024-06-09 18:00:00', '222', 129, 29, 24, NULL),
('2024-06-09 06:00:00', '2024-06-09 18:00:00', '223', 129, 28, 23, NULL),
('2024-06-09 06:00:00', '2024-06-09 18:00:00', '224', 129, 28, 24, NULL),
('2024-06-09 06:00:00', '2024-06-09 18:00:00', '226', 129, 27, 23, NULL),
('2024-06-09 06:00:00', '2024-06-09 18:00:00', '227', 129, 29, 25, NULL),
('2024-06-09 06:00:00', '2024-06-09 18:00:00', '228', 129, 28, 25, NULL),
('2024-06-09 06:00:00', '2024-06-09 18:00:00', '231', 129, 30, 25, NULL),
('2024-06-09 06:00:00', '2024-06-09 18:00:00', '232', 129, 28, 23, NULL),
('2024-06-09 06:00:00', '2024-06-09 18:00:00', '233', 129, 27, 22, NULL),
('2024-06-09 06:00:00', '2024-06-09 18:00:00', '234', 129, 30, 25, NULL),
('2024-06-09 06:00:00', '2024-06-09 18:00:00', '235', 129, 30, 25, NULL),
('2024-06-09 06:00:00', '2024-06-09 18:00:00', '236', 129, 30, 25, NULL),
('2024-06-09 06:00:00', '2024-06-09 18:00:00', '237', 129, 30, 24, NULL),
('2024-06-09 06:00:00', '2024-06-09 18:00:00', '238', 129, 30, 25, NULL),
('2024-06-09 06:00:00', '2024-06-09 18:00:00', '239', 129, 30, 25, NULL),
('2024-06-09 06:00:00', '2024-06-09 18:00:00', '241', 129, 30, 26, NULL),
('2024-06-09 06:00:00', '2024-06-09 18:00:00', '242', 129, 30, 25, NULL),
('2024-06-09 06:00:00', '2024-06-09 18:00:00', '243', 129, 30, 25, NULL),
('2024-06-09 06:00:00', '2024-06-09 18:00:00', '244', 129, 28, 24, NULL),
('2024-06-09 06:00:00', '2024-06-09 18:00:00', '247', 129, 30, 26, NULL),
('2024-06-09 06:00:00', '2024-06-09 18:00:00', '248', 129, 30, 25, NULL),
('2024-06-09 06:00:00', '2024-06-09 18:00:00', '249', 129, 28, 25, NULL),
('2024-06-09 06:00:00', '2024-06-09 18:00:00', '251', 129, 28, 25, NULL),
('2024-06-09 06:00:00', '2024-06-09 18:00:00', '252', 129, 27, 25, NULL),
('2024-06-09 06:00:00', '2024-06-09 18:00:00', '253', 129, 28, 25, NULL),
('2024-06-09 06:00:00', '2024-06-09 18:00:00', '302', 129, 30, 25, NULL),
('2024-06-09 06:00:00', '2024-06-09 18:00:00', '303', 129, 29, 25, NULL),
('2024-06-09 06:00:00', '2024-06-09 18:00:00', '304', 4, 28, 25, NULL),
('2024-06-09 06:00:00', '2024-06-09 18:00:00', '305', 129, 30, 24, NULL),
('2024-06-09 06:00:00', '2024-06-09 18:00:00', '306', 129, 29, 24, NULL),
('2024-06-09 06:00:00', '2024-06-09 18:00:00', '308', 129, 29, 25, NULL),
('2024-06-09 06:00:00', '2024-06-09 18:00:00', '310', 129, 30, 24, NULL),
('2024-06-09 06:00:00', '2024-06-09 18:00:00', '311', 129, 27, 22, NULL),
('2024-06-09 06:00:00', '2024-06-09 18:00:00', '312', 129, 29, 24, NULL),
('2024-06-09 06:00:00', '2024-06-09 18:00:00', '313', 129, 27, 22, NULL),
('2024-06-09 06:00:00', '2024-06-09 18:00:00', '314', 129, 29, 24, NULL),
('2024-06-09 06:00:00', '2024-06-09 18:00:00', '315', 129, 30, 24, NULL),
('2024-06-09 06:00:00', '2024-06-09 18:00:00', '320', 129, 29, 24, NULL),
('2024-06-09 06:00:00', '2024-06-09 18:00:00', '324', 129, 28, 24, NULL),
('2024-06-09 06:00:00', '2024-06-09 18:00:00', '325', 129, 28, 23, NULL),
('2024-06-09 06:00:00', '2024-06-09 18:00:00', '326', 129, 28, 24, NULL),
('2024-06-09 06:00:00', '2024-06-09 18:00:00', '327', 129, 28, 25, NULL),
('2024-06-09 06:00:00', '2024-06-09 18:00:00', '328', 4, 28, 25, NULL),
('2024-06-09 06:00:00', '2024-06-09 18:00:00', '330', 129, 30, 25, NULL),
('2024-06-09 06:00:00', '2024-06-09 18:00:00', '333', 129, 30, 25, NULL),
('2024-06-09 06:00:00', '2024-06-09 18:00:00', '334', 129, 29, 24, NULL),
('2024-06-09 06:00:00', '2024-06-09 18:00:00', '335', 129, 29, 24, NULL),
('2024-06-09 06:00:00', '2024-06-09 18:00:00', '336', 129, 27, 22, NULL),
('2024-06-09 06:00:00', '2024-06-09 18:00:00', '337', 129, 28, 25, NULL),
('2024-06-09 06:00:00', '2024-06-09 18:00:00', '338', 129, 29, 25, NULL),
('2024-06-09 06:00:00', '2024-06-09 18:00:00', '350', 129, 30, 25, NULL),
('2024-06-09 06:00:00', '2024-06-09 18:00:00', '351', 129, 30, 25, NULL),
('2024-06-09 06:00:00', '2024-06-09 18:00:00', '352', 129, 30, 24, NULL),
('2024-06-09 06:00:00', '2024-06-09 18:00:00', '353', 129, 29, 23, NULL),
('2024-06-09 06:00:00', '2024-06-09 18:00:00', '354', 129, 29, 23, NULL),
('2024-06-09 06:00:00', '2024-06-09 18:00:00', '356', 129, 30, 26, NULL),
('2024-06-09 06:00:00', '2024-06-09 18:00:00', '357', 129, 30, 26, NULL),
('2024-06-09 06:00:00', '2024-06-09 18:00:00', '358', 129, 29, 26, NULL),
('2024-06-09 06:00:00', '2024-06-09 18:00:00', '360', 129, 30, 25, NULL),
('2024-06-09 06:00:00', '2024-06-09 18:00:00', '361', 129, 30, 25, NULL),
('2024-06-09 06:00:00', '2024-06-09 18:00:00', '362', 129, 30, 25, NULL),
('2024-06-09 06:00:00', '2024-06-09 18:00:00', '363', 129, 30, 25, NULL),
('2024-06-09 06:00:00', '2024-06-09 18:00:00', '364', 129, 29, 23, NULL),
('2024-06-09 06:00:00', '2024-06-09 18:00:00', '365', 129, 28, 22, NULL),
('2024-06-09 06:00:00', '2024-06-09 18:00:00', '366', 129, 30, 25, NULL),
('2024-06-09 06:00:00', '2024-06-09 18:00:00', '367', 129, 29, 24, NULL),
('2024-06-09 06:00:00', '2024-06-09 18:00:00', '368', 129, 30, 25, NULL),
('2024-06-09 06:00:00', '2024-06-09 18:00:00', '369', 129, 29, 24, NULL),
('2024-06-09 06:00:00', '2024-06-09 18:00:00', '406', 129, 31, 26, NULL),
('2024-06-09 06:00:00', '2024-06-09 18:00:00', '407', 129, 31, 26, NULL),
('2024-06-09 06:00:00', '2024-06-09 18:00:00', '408', 129, 31, 26, NULL),
('2024-06-09 06:00:00', '2024-06-09 18:00:00', '411', 129, 31, 26, NULL),
('2024-06-09 06:00:00', '2024-06-09 18:00:00', '412', 129, 32, 26, NULL),
('2024-06-09 06:00:00', '2024-06-09 18:00:00', '413', 129, 31, 25, NULL),
('2024-06-09 06:00:00', '2024-06-09 18:00:00', '414', 129, 31, 26, NULL),
('2024-06-09 06:00:00', '2024-06-09 18:00:00', '420', 129, 30, 26, NULL),
('2024-06-09 06:00:00', '2024-06-09 18:00:00', '421', 129, 30, 25, NULL),
('2024-06-09 06:00:00', '2024-06-09 18:00:00', '422', 129, 29, 24, NULL),
('2024-06-09 06:00:00', '2024-06-09 18:00:00', '423', 129, 29, 24, NULL),
('2024-06-09 06:00:00', '2024-06-09 18:00:00', '424', 129, 28, 22, NULL),
('2024-06-09 06:00:00', '2024-06-09 18:00:00', '426', 129, 29, 24, NULL),
('2024-06-09 06:00:00', '2024-06-09 18:00:00', '427', 129, 31, 26, NULL),
('2024-06-09 06:00:00', '2024-06-09 18:00:00', '428', 129, 30, 26, NULL),
('2024-06-09 06:00:00', '2024-06-09 18:00:00', '429', 129, 30, 26, NULL),
('2024-06-09 06:00:00', '2024-06-09 18:00:00', '432', 129, 31, 27, NULL),
('2024-06-09 06:00:00', '2024-06-09 18:00:00', '433', 129, 30, 27, NULL),
('2024-06-09 06:00:00', '2024-06-09 18:00:00', '434', 129, 31, 27, NULL),
('2024-06-09 06:00:00', '2024-06-09 18:00:00', '435', 129, 30, 27, NULL),
('2024-06-09 06:00:00', '2024-06-09 18:00:00', '436', 129, 30, 27, NULL),
('2024-06-09 06:00:00', '2024-06-09 18:00:00', '437', 129, 30, 27, NULL),
('2024-06-09 06:00:00', '2024-06-09 18:00:00', '438', 129, 30, 26, NULL),
('2024-06-09 06:00:00', '2024-06-09 18:00:00', '500', 129, 31, 26, NULL),
('2024-06-09 06:00:00', '2024-06-09 18:00:00', '502', 129, 31, 26, NULL),
('2024-06-09 06:00:00', '2024-06-09 18:00:00', '503', 129, 31, 27, NULL),
('2024-06-09 06:00:00', '2024-06-09 18:00:00', '504', 129, 31, 27, NULL),
('2024-06-09 06:00:00', '2024-06-09 18:00:00', '505', 129, 31, 27, NULL),
('2024-06-09 06:00:00', '2024-06-09 18:00:00', '506', 129, 32, 27, NULL),
('2024-06-09 06:00:00', '2024-06-09 18:00:00', '507', 129, 31, 27, NULL),
('2024-06-09 06:00:00', '2024-06-09 18:00:00', '508', 129, 31, 27, NULL),
('2024-06-09 06:00:00', '2024-06-09 18:00:00', '509', 129, 31, 27, NULL),
('2024-06-09 06:00:00', '2024-06-09 18:00:00', '511', 129, 32, 27, NULL),
('2024-06-09 06:00:00', '2024-06-09 18:00:00', '512', 129, 32, 27, NULL),
('2024-06-09 06:00:00', '2024-06-09 18:00:00', '513', 129, 32, 27, NULL),
('2024-06-09 06:00:00', '2024-06-09 18:00:00', '514', 129, 32, 27, NULL),
('2024-06-09 06:00:00', '2024-06-09 18:00:00', '515', 129, 31, 27, NULL),
('2024-06-09 06:00:00', '2024-06-09 18:00:00', '516', 129, 32, 27, NULL),
('2024-06-09 06:00:00', '2024-06-09 18:00:00', '520', 129, 31, 26, NULL),
('2024-06-09 06:00:00', '2024-06-09 18:00:00', '521', 129, 31, 27, NULL),
('2024-06-09 06:00:00', '2024-06-09 18:00:00', '522', 129, 31, 27, NULL),
('2024-06-09 06:00:00', '2024-06-09 18:00:00', '523', 129, 31, 27, NULL),
('2024-06-09 06:00:00', '2024-06-09 18:00:00', '524', 129, 31, 26, NULL),
('2024-06-09 06:00:00', '2024-06-09 18:00:00', '525', 129, 31, 27, NULL),
('2024-06-09 06:00:00', '2024-06-09 18:00:00', '526', 129, 31, 27, NULL),
('2024-06-09 06:00:00', '2024-06-09 18:00:00', '527', 129, 30, 27, NULL),
('2024-06-09 06:00:00', '2024-06-09 18:00:00', '528', 129, 30, 27, NULL),
('2024-06-09 06:00:00', '2024-06-09 18:00:00', '530', 129, 32, 26, NULL),
('2024-06-09 06:00:00', '2024-06-09 18:00:00', '540', 129, 31, 25, NULL),
('2024-06-09 06:00:00', '2024-06-09 18:00:00', '541', 129, 30, 25, NULL),
('2024-06-09 06:00:00', '2024-06-09 18:00:00', '542', 129, 31, 25, NULL),
('2024-06-09 06:00:00', '2024-06-09 18:00:00', '544', 129, 30, 24, NULL),
('2024-06-09 06:00:00', '2024-06-09 18:00:00', '545', 129, 29, 23, NULL),
('2024-06-09 06:00:00', '2024-06-09 18:00:00', '546', 129, 26, 20, NULL),
('2024-06-09 06:00:00', '2024-06-09 18:00:00', '551', 129, 30, 25, NULL),
('2024-06-09 06:00:00', '2024-06-09 18:00:00', '552', 129, 30, 24, NULL),
('2024-06-09 06:00:00', '2024-06-09 18:00:00', '553', 129, 29, 24, NULL),
('2024-06-09 06:00:00', '2024-06-09 18:00:00', '555', 129, 28, 22, NULL),
('2024-06-09 06:00:00', '2024-06-09 18:00:00', '556', 129, 28, 22, NULL),
('2024-06-09 06:00:00', '2024-06-09 18:00:00', '557', 129, 31, 26, NULL),
('2024-06-09 06:00:00', '2024-06-09 18:00:00', '558', 129, 28, 23, NULL),
('2024-06-09 06:00:00', '2024-06-09 18:00:00', '602', 129, 30, 25, NULL),
('2024-06-09 06:00:00', '2024-06-09 18:00:00', '603', 129, 30, 25, NULL),
('2024-06-09 06:00:00', '2024-06-09 18:00:00', '604', 129, 30, 25, NULL),
('2024-06-09 06:00:00', '2024-06-09 18:00:00', '606', 129, 31, 26, NULL),
('2024-06-09 06:00:00', '2024-06-09 18:00:00', '607', 129, 30, 25, NULL),
('2024-06-09 06:00:00', '2024-06-09 18:00:00', '608', 129, 31, 26, NULL),
('2024-06-09 06:00:00', '2024-06-09 18:00:00', '611', 129, 31, 26, NULL),
('2024-06-09 06:00:00', '2024-06-09 18:00:00', '612', 129, 31, 26, NULL),
('2024-06-09 06:00:00', '2024-06-09 18:00:00', '613', 43, 30, 27, NULL),
('2024-06-09 06:00:00', '2024-06-09 18:00:00', '614', 43, 30, 27, NULL),
('2024-06-09 06:00:00', '2024-06-09 18:00:00', '615', 129, 31, 27, NULL),
('2024-06-09 06:00:00', '2024-06-09 18:00:00', '616', 129, 31, 26, NULL),
('2024-06-09 06:00:00', '2024-06-09 18:00:00', '621', 129, 31, 27, NULL),
('2024-06-09 06:00:00', '2024-06-09 18:00:00', '622', 129, 31, 27, NULL),
('2024-06-09 06:00:00', '2024-06-09 18:00:00', '623', 129, 31, 27, NULL),
('2024-06-09 06:00:00', '2024-06-09 18:00:00', '624', 43, 31, 27, NULL),
('2024-06-09 06:00:00', '2024-06-09 18:00:00', '625', 43, 30, 27, NULL),
('2024-06-09 06:00:00', '2024-06-09 18:00:00', '630', 129, 31, 27, NULL),
('2024-06-09 06:00:00', '2024-06-09 18:00:00', '631', 129, 31, 27, NULL),
('2024-06-09 06:00:00', '2024-06-09 18:00:00', '632', 129, 31, 27, NULL),
('2024-06-09 06:00:00', '2024-06-09 18:00:00', '633', 129, 31, 27, NULL),
('2024-06-09 06:00:00', '2024-06-09 18:00:00', '634', 129, 31, 27, NULL),
('2024-06-09 06:00:00', '2024-06-09 18:00:00', '635', 129, 31, 27, NULL),
('2024-06-09 06:00:00', '2024-06-09 18:00:00', '636', 129, 30, 27, NULL),
('2024-06-09 06:00:00', '2024-06-09 18:00:00', '637', 129, 31, 26, NULL),
('2024-06-09 06:00:00', '2024-06-09 18:00:00', '638', 129, 30, 27, NULL),
('2024-06-09 06:00:00', '2024-06-09 18:00:00', '640', 129, 31, 26, NULL),
('2024-06-09 06:00:00', '2024-06-09 18:00:00', '643', 129, 31, 26, NULL),
('2024-06-09 06:00:00', '2024-06-09 18:00:00', '646', 129, 31, 26, NULL),
('2024-06-09 06:00:00', '2024-06-09 18:00:00', '647', 129, 31, 26, NULL),
('2024-06-09 06:00:00', '2024-06-09 18:00:00', '648', 129, 31, 26, NULL),
('2024-06-09 06:00:00', '2024-06-09 18:00:00', '649', 129, 31, 26, NULL),
('2024-06-09 06:00:00', '2024-06-09 18:00:00', '651', 129, 31, 27, NULL),
('2024-06-09 06:00:00', '2024-06-09 18:00:00', '652', 129, 31, 27, NULL),
('2024-06-09 06:00:00', '2024-06-09 18:00:00', '653', 129, 30, 27, NULL),
('2024-06-09 06:00:00', '2024-06-09 18:00:00', '654', 129, 31, 27, NULL),
('2024-06-09 06:00:00', '2024-06-09 18:00:00', '655', 129, 31, 27, NULL),
('2024-06-09 06:00:00', '2024-06-09 18:00:00', '700', 43, 31, 27, NULL),
('2024-06-09 06:00:00', '2024-06-09 18:00:00', '701', 129, 31, 27, NULL),
('2024-06-09 06:00:00', '2024-06-09 18:00:00', '702', 129, 31, 27, NULL),
('2024-06-09 06:00:00', '2024-06-09 18:00:00', '704', 129, 31, 27, NULL),
('2024-06-09 06:00:00', '2024-06-09 18:00:00', '708', 43, 31, 27, NULL),
('2024-06-09 06:00:00', '2024-06-09 18:00:00', '709', 43, 31, 27, NULL),
('2024-06-09 06:00:00', '2024-06-09 18:00:00', '710', 43, 31, 26, NULL),
('2024-06-09 06:00:00', '2024-06-09 18:00:00', '711', 43, 31, 26, NULL),
('2024-06-09 06:00:00', '2024-06-09 18:00:00', '712', 43, 31, 26, NULL),
('2024-06-09 06:00:00', '2024-06-09 18:00:00', '713', 62, 31, 26, NULL),
('2024-06-09 06:00:00', '2024-06-09 18:00:00', '714', 62, 31, 26, NULL),
('2024-06-09 06:00:00', '2024-06-09 18:00:00', '715', 62, 31, 26, NULL),
('2024-06-09 06:00:00', '2024-06-09 18:00:00', '716', 62, 31, 25, NULL),
('2024-06-09 06:00:00', '2024-06-09 18:00:00', '717', 43, 31, 26, NULL),
('2024-06-09 06:00:00', '2024-06-09 18:00:00', '718', 43, 31, 26, NULL),
('2024-06-09 06:00:00', '2024-06-09 18:00:00', '719', 43, 31, 26, NULL),
('2024-06-09 06:00:00', '2024-06-09 18:00:00', '720', 43, 31, 27, NULL),
('2024-06-09 06:00:00', '2024-06-09 18:00:00', '721', 43, 31, 27, NULL),
('2024-06-09 06:00:00', '2024-06-09 18:00:00', '722', 43, 31, 27, NULL),
('2024-06-09 06:00:00', '2024-06-09 18:00:00', '723', 43, 31, 27, NULL),
('2024-06-09 06:00:00', '2024-06-09 18:00:00', '725', 43, 31, 27, NULL),
('2024-06-09 06:00:00', '2024-06-09 18:00:00', '726', 43, 31, 27, NULL),
('2024-06-09 06:00:00', '2024-06-09 18:00:00', '727', 43, 30, 27, NULL),
('2024-06-09 06:00:00', '2024-06-09 18:00:00', '730', 43, 31, 26, NULL),
('2024-06-09 06:00:00', '2024-06-09 18:00:00', '731', 43, 31, 26, NULL),
('2024-06-09 06:00:00', '2024-06-09 18:00:00', '732', 43, 31, 26, NULL),
('2024-06-09 06:00:00', '2024-06-09 18:00:00', '733', 43, 31, 26, NULL),
('2024-06-09 06:00:00', '2024-06-09 18:00:00', '734', 54, 31, 27, NULL),
('2024-06-09 06:00:00', '2024-06-09 18:00:00', '735', 43, 31, 27, NULL),
('2024-06-09 06:00:00', '2024-06-09 18:00:00', '736', 43, 31, 27, NULL),
('2024-06-09 06:00:00', '2024-06-09 18:00:00', '737', 43, 31, 27, NULL),
('2024-06-09 06:00:00', '2024-06-09 18:00:00', '741', 43, 31, 26, NULL),
('2024-06-09 06:00:00', '2024-06-09 18:00:00', '742', 54, 31, 26, NULL),
('2024-06-09 06:00:00', '2024-06-09 18:00:00', '743', 54, 32, 27, NULL),
('2024-06-09 06:00:00', '2024-06-09 18:00:00', '744', 43, 31, 26, NULL),
('2024-06-09 06:00:00', '2024-06-09 18:00:00', '745', 43, 31, 27, NULL),
('2024-06-09 06:00:00', '2024-06-09 18:00:00', '800', 43, 32, 27, NULL),
('2024-06-09 06:00:00', '2024-06-09 18:00:00', '801', 54, 31, 27, NULL),
('2024-06-09 06:00:00', '2024-06-09 18:00:00', '802', 43, 32, 27, NULL),
('2024-06-09 06:00:00', '2024-06-09 18:00:00', '803', 54, 31, 27, NULL),
('2024-06-09 06:00:00', '2024-06-09 18:00:00', '804', 54, 31, 27, NULL),
('2024-06-09 06:00:00', '2024-06-09 18:00:00', '805', 62, 31, 28, NULL),
('2024-06-09 06:00:00', '2024-06-09 18:00:00', '806', 54, 31, 27, NULL),
('2024-06-09 06:00:00', '2024-06-09 18:00:00', '807', 43, 31, 27, NULL),
('2024-06-09 06:00:00', '2024-06-09 18:00:00', '811', 43, 31, 27, NULL),
('2024-06-09 06:00:00', '2024-06-09 18:00:00', '812', 43, 32, 27, NULL),
('2024-06-09 06:00:00', '2024-06-09 18:00:00', '813', 43, 31, 27, NULL),
('2024-06-09 06:00:00', '2024-06-09 18:00:00', '814', 43, 32, 27, NULL),
('2024-06-09 06:00:00', '2024-06-09 18:00:00', '815', 43, 32, 27, NULL),
('2024-06-09 06:00:00', '2024-06-09 18:00:00', '820', 43, 32, 27, NULL),
('2024-06-09 06:00:00', '2024-06-09 18:00:00', '821', 43, 31, 27, NULL),
('2024-06-09 06:00:00', '2024-06-09 18:00:00', '822', 43, 31, 26, NULL),
('2024-06-09 06:00:00', '2024-06-09 18:00:00', '823', 43, 31, 26, NULL),
('2024-06-09 06:00:00', '2024-06-09 18:00:00', '824', 43, 32, 26, NULL),
('2024-06-09 06:00:00', '2024-06-09 18:00:00', '825', 43, 32, 27, NULL),
('2024-06-09 06:00:00', '2024-06-09 18:00:00', '826', 43, 31, 27, NULL),
('2024-06-09 06:00:00', '2024-06-09 18:00:00', '827', 43, 31, 27, NULL),
('2024-06-09 06:00:00', '2024-06-09 18:00:00', '828', 43, 30, 27, NULL),
('2024-06-09 06:00:00', '2024-06-09 18:00:00', '829', 43, 31, 27, NULL),
('2024-06-09 06:00:00', '2024-06-09 18:00:00', '830', 43, 32, 27, NULL),
('2024-06-09 06:00:00', '2024-06-09 18:00:00', '831', 43, 32, 27, NULL),
('2024-06-09 06:00:00', '2024-06-09 18:00:00', '832', 43, 32, 27, NULL),
('2024-06-09 06:00:00', '2024-06-09 18:00:00', '833', 43, 32, 27, NULL),
('2024-06-09 06:00:00', '2024-06-09 18:00:00', '840', 43, 32, 26, NULL),
('2024-06-09 06:00:00', '2024-06-09 18:00:00', '842', 43, 32, 26, NULL),
('2024-06-09 06:00:00', '2024-06-09 18:00:00', '843', 43, 32, 26, NULL),
('2024-06-09 06:00:00', '2024-06-09 18:00:00', '844', 62, 30, 24, NULL),
('2024-06-09 06:00:00', '2024-06-09 18:00:00', '845', 54, 32, 26, NULL),
('2024-06-09 06:00:00', '2024-06-09 18:00:00', '846', 62, 32, 25, NULL),
('2024-06-09 06:00:00', '2024-06-09 18:00:00', '847', 62, 30, 24, NULL),
('2024-06-09 06:00:00', '2024-06-09 18:00:00', '848', 43, 27, 21, NULL),
('2024-06-09 06:00:00', '2024-06-09 18:00:00', '849', 71, 25, 20, NULL),
('2024-06-09 06:00:00', '2024-06-09 18:00:00', '851', 43, 30, 24, NULL),
('2024-06-09 06:00:00', '2024-06-09 18:00:00', '852', 43, 31, 27, NULL),
('2024-06-09 06:00:00', '2024-06-09 18:00:00', '880', 43, 29, 27, NULL),
('2024-06-09 06:00:00', '2024-06-09 18:00:00', '881', 43, 28, 27, NULL),
('2024-06-09 06:00:00', '2024-06-09 18:00:00', '882', 43, 29, 27, NULL),
('2024-06-09 06:00:00', '2024-06-09 18:00:00', '883', 43, 29, 27, NULL),
('2024-06-09 06:00:00', '2024-06-09 18:00:00', '884', 43, 29, 27, NULL),
('2024-06-09 06:00:00', '2024-06-09 18:00:00', '885', 43, 29, 27, NULL),
('2024-06-09 06:00:00', '2024-06-09 18:00:00', '890', 4, 27, 25, NULL),
('2024-06-09 06:00:00', '2024-06-09 18:00:00', '891', 4, 27, 25, NULL),
('2024-06-09 06:00:00', '2024-06-09 18:00:00', '892', 4, 27, 25, NULL),
('2024-06-09 06:00:00', '2024-06-09 18:00:00', '893', 4, 27, 25, NULL),
('2024-06-09 06:00:00', '2024-06-09 18:00:00', '894', 4, 27, 25, NULL),
('2024-06-09 06:00:00', '2024-06-09 18:00:00', '896', 4, 28, 26, NULL),
('2024-06-09 06:00:00', '2024-06-09 18:00:00', '900', 43, 32, 26, NULL),
('2024-06-09 06:00:00', '2024-06-09 18:00:00', '902', 43, 29, 24, NULL),
('2024-06-09 06:00:00', '2024-06-09 18:00:00', '903', 43, 31, 25, NULL),
('2024-06-09 06:00:00', '2024-06-09 18:00:00', '904', 43, 32, 26, NULL),
('2024-06-09 06:00:00', '2024-06-09 18:00:00', '905', 43, 32, 26, NULL),
('2024-06-09 06:00:00', '2024-06-09 18:00:00', '906', 43, 31, 26, NULL),
('2024-06-09 06:00:00', '2024-06-09 18:00:00', '907', 43, 32, 26, NULL),
('2024-06-09 06:00:00', '2024-06-09 18:00:00', '908', 43, 33, 26, NULL),
('2024-06-09 06:00:00', '2024-06-09 18:00:00', '909', 43, 33, 26, NULL),
('2024-06-09 06:00:00', '2024-06-09 18:00:00', '911', 43, 32, 26, NULL),
('2024-06-09 06:00:00', '2024-06-09 18:00:00', '912', 43, 32, 26, NULL),
('2024-06-09 06:00:00', '2024-06-09 18:00:00', '913', 43, 32, 27, NULL),
('2024-06-09 06:00:00', '2024-06-09 18:00:00', '921', 43, 32, 26, NULL),
('2024-06-09 06:00:00', '2024-06-09 18:00:00', '922', 43, 31, 25, NULL),
('2024-06-09 06:00:00', '2024-06-09 18:00:00', '923', 43, 32, 26, NULL),
('2024-06-09 06:00:00', '2024-06-09 18:00:00', '924', 43, 32, 26, NULL),
('2024-06-09 06:00:00', '2024-06-09 18:00:00', '925', 43, 32, 26, NULL),
('2024-06-09 06:00:00', '2024-06-09 18:00:00', '926', 43, 32, 26, NULL),
('2024-06-09 06:00:00', '2024-06-09 18:00:00', '927', 43, 31, 26, NULL),
('2024-06-09 06:00:00', '2024-06-09 18:00:00', '928', 43, 31, 27, NULL),
('2024-06-09 06:00:00', '2024-06-09 18:00:00', '929', 43, 31, 27, NULL),
('2024-06-09 06:00:00', '2024-06-09 18:00:00', '931', 43, 32, 26, NULL),
('2024-06-09 06:00:00', '2024-06-09 18:00:00', '932', 43, 32, 27, NULL),
('2024-06-09 06:00:00', '2024-06-09 18:00:00', '940', 43, 31, 27, NULL),
('2024-06-09 06:00:00', '2024-06-09 18:00:00', '941', 43, 30, 27, NULL),
('2024-06-09 06:00:00', '2024-06-09 18:00:00', '942', 43, 31, 26, NULL),
('2024-06-09 06:00:00', '2024-06-09 18:00:00', '943', 54, 30, 26, NULL),
('2024-06-09 06:00:00', '2024-06-09 18:00:00', '944', 43, 31, 27, NULL),
('2024-06-09 06:00:00', '2024-06-09 18:00:00', '945', 43, 31, 26, NULL),
('2024-06-09 06:00:00', '2024-06-09 18:00:00', '947', 43, 30, 27, NULL),
('2024-06-09 06:00:00', '2024-06-09 18:00:00', '950', 71, 31, 26, NULL),
('2024-06-09 06:00:00', '2024-06-09 18:00:00', '951', 4, 31, 27, NULL),
('2024-06-09 06:00:00', '2024-06-09 18:00:00', '952', 43, 30, 27, NULL),
('2024-06-09 06:00:00', '2024-06-09 18:00:00', '953', 71, 30, 24, NULL),
('2024-06-09 06:00:00', '2024-06-09 18:00:00', '954', 71, 31, 26, NULL),
('2024-06-09 06:00:00', '2024-06-09 18:00:00', '955', 71, 30, 24, NULL),
('2024-06-09 06:00:00', '2024-06-09 18:00:00', '956', 71, 30, 24, NULL),
('2024-06-09 06:00:00', '2024-06-09 18:00:00', '957', 71, 28, 23, NULL),
('2024-06-09 06:00:00', '2024-06-09 18:00:00', '958', 71, 29, 24, NULL),
('2024-06-09 06:00:00', '2024-06-09 18:00:00', '959', 62, 30, 27, NULL),
('2024-06-09 06:00:00', '2024-06-09 18:00:00', '961', 62, 30, 26, NULL),
('2024-06-09 06:00:00', '2024-06-09 18:00:00', '962', 43, 31, 27, NULL),
('2024-06-09 06:00:00', '2024-06-09 18:00:00', '964', 43, 30, 25, NULL),
('2024-06-09 06:00:00', '2024-06-09 18:00:00', '965', 43, 31, 27, NULL),
('2024-06-09 06:00:00', '2024-06-09 18:00:00', '966', 43, 31, 27, NULL),
('2024-06-09 06:00:00', '2024-06-09 18:00:00', '970', 129, 29, 25, NULL),
('2024-06-09 06:00:00', '2024-06-09 18:00:00', '971', 129, 29, 25, NULL),
('2024-06-09 06:00:00', '2024-06-09 18:00:00', '972', 129, 27, 24, NULL),
('2024-06-09 06:00:00', '2024-06-09 18:00:00', '973', 129, 29, 25, NULL),
('2024-06-09 06:00:00', '2024-06-09 18:00:00', '974', 129, 29, 25, NULL),
('2024-06-09 06:00:00', '2024-06-09 18:00:00', '975', 129, 29, 24, NULL),
('2024-06-09 06:00:00', '2024-06-09 18:00:00', '976', 129, 29, 24, NULL),
('2024-06-09 06:00:00', '2024-06-09 18:00:00', '977', 129, 29, 25, NULL),
('2024-06-09 06:00:00', '2024-06-09 18:00:00', '978', 129, 30, 25, NULL),
('2024-06-09 06:00:00', '2024-06-09 18:00:00', '979', 129, 29, 24, NULL),
('2024-06-09 06:00:00', '2024-06-09 18:00:00', '981', 129, 31, 25, NULL),
('2024-06-09 06:00:00', '2024-06-09 18:00:00', '982', 129, 29, 24, NULL),
('2024-06-09 06:00:00', '2024-06-09 18:00:00', '983', 129, 29, 24, NULL),
('2024-06-09 18:00:00', '2024-06-10 06:00:00', '100', 10, 28, 25, NULL),
('2024-06-09 18:00:00', '2024-06-10 06:00:00', '103', 10, 28, 25, NULL),
('2024-06-09 18:00:00', '2024-06-10 06:00:00', '104', 10, 28, 25, NULL),
('2024-06-09 18:00:00', '2024-06-10 06:00:00', '105', 10, 28, 25, NULL),
('2024-06-09 18:00:00', '2024-06-10 06:00:00', '106', 10, 28, 25, NULL),
('2024-06-09 18:00:00', '2024-06-10 06:00:00', '108', 10, 28, 25, NULL),
('2024-06-09 18:00:00', '2024-06-10 06:00:00', '110', 10, 28, 25, NULL),
('2024-06-09 18:00:00', '2024-06-10 06:00:00', '111', 10, 28, 25, NULL),
('2024-06-09 18:00:00', '2024-06-10 06:00:00', '112', 10, 27, 25, NULL),
('2024-06-09 18:00:00', '2024-06-10 06:00:00', '114', 10, 28, 25, NULL),
('2024-06-09 18:00:00', '2024-06-10 06:00:00', '115', 10, 27, 24, NULL),
('2024-06-09 18:00:00', '2024-06-10 06:00:00', '116', 10, 27, 24, NULL),
('2024-06-09 18:00:00', '2024-06-10 06:00:00', '200', 10, 26, 24, NULL),
('2024-06-09 18:00:00', '2024-06-10 06:00:00', '204', 10, 26, 24, NULL),
('2024-06-09 18:00:00', '2024-06-10 06:00:00', '205', 10, 26, 24, NULL),
('2024-06-09 18:00:00', '2024-06-10 06:00:00', '206', 10, 26, 23, NULL),
('2024-06-09 18:00:00', '2024-06-10 06:00:00', '207', 10, 26, 23, NULL),
('2024-06-09 18:00:00', '2024-06-10 06:00:00', '208', 19, 26, 24, NULL),
('2024-06-09 18:00:00', '2024-06-10 06:00:00', '209', 54, 24, 23, NULL),
('2024-06-09 18:00:00', '2024-06-10 06:00:00', '210', 43, 24, 23, NULL),
('2024-06-09 18:00:00', '2024-06-10 06:00:00', '211', 43, 25, 23, NULL),
('2024-06-09 18:00:00', '2024-06-10 06:00:00', '212', 54, 25, 23, NULL),
('2024-06-09 18:00:00', '2024-06-10 06:00:00', '220', 10, 28, 25, NULL),
('2024-06-09 18:00:00', '2024-06-10 06:00:00', '221', 10, 26, 23, NULL),
('2024-06-09 18:00:00', '2024-06-10 06:00:00', '222', 10, 26, 23, NULL),
('2024-06-09 18:00:00', '2024-06-10 06:00:00', '223', 10, 25, 23, NULL),
('2024-06-09 18:00:00', '2024-06-10 06:00:00', '224', 10, 26, 23, NULL),
('2024-06-09 18:00:00', '2024-06-10 06:00:00', '226', 10, 25, 22, NULL),
('2024-06-09 18:00:00', '2024-06-10 06:00:00', '227', 10, 27, 24, NULL),
('2024-06-09 18:00:00', '2024-06-10 06:00:00', '228', 10, 26, 24, NULL),
('2024-06-09 18:00:00', '2024-06-10 06:00:00', '231', 10, 27, 24, NULL),
('2024-06-09 18:00:00', '2024-06-10 06:00:00', '232', 19, 25, 22, NULL),
('2024-06-09 18:00:00', '2024-06-10 06:00:00', '233', 26, 24, 21, NULL),
('2024-06-09 18:00:00', '2024-06-10 06:00:00', '234', 10, 28, 25, NULL),
('2024-06-09 18:00:00', '2024-06-10 06:00:00', '235', 10, 28, 25, NULL),
('2024-06-09 18:00:00', '2024-06-10 06:00:00', '236', 10, 28, 24, NULL),
('2024-06-09 18:00:00', '2024-06-10 06:00:00', '237', 10, 27, 24, NULL),
('2024-06-09 18:00:00', '2024-06-10 06:00:00', '238', 10, 28, 24, NULL),
('2024-06-09 18:00:00', '2024-06-10 06:00:00', '239', 10, 27, 24, NULL),
('2024-06-09 18:00:00', '2024-06-10 06:00:00', '241', 10, 28, 25, NULL),
('2024-06-09 18:00:00', '2024-06-10 06:00:00', '242', 10, 28, 25, NULL),
('2024-06-09 18:00:00', '2024-06-10 06:00:00', '243', 10, 28, 25, NULL),
('2024-06-09 18:00:00', '2024-06-10 06:00:00', '244', 10, 26, 24, NULL),
('2024-06-09 18:00:00', '2024-06-10 06:00:00', '247', 10, 28, 25, NULL),
('2024-06-09 18:00:00', '2024-06-10 06:00:00', '248', 10, 28, 25, NULL),
('2024-06-09 18:00:00', '2024-06-10 06:00:00', '249', 10, 27, 24, NULL),
('2024-06-09 18:00:00', '2024-06-10 06:00:00', '251', 19, 27, 24, NULL),
('2024-06-09 18:00:00', '2024-06-10 06:00:00', '252', 19, 26, 24, NULL),
('2024-06-09 18:00:00', '2024-06-10 06:00:00', '253', 5, 26, 24, NULL),
('2024-06-09 18:00:00', '2024-06-10 06:00:00', '302', 4, 28, 24, NULL),
('2024-06-09 18:00:00', '2024-06-10 06:00:00', '303', 4, 27, 24, NULL),
('2024-06-09 18:00:00', '2024-06-10 06:00:00', '304', 4, 27, 24, NULL),
('2024-06-09 18:00:00', '2024-06-10 06:00:00', '305', 4, 27, 24, NULL),
('2024-06-09 18:00:00', '2024-06-10 06:00:00', '306', 21, 27, 23, NULL),
('2024-06-09 18:00:00', '2024-06-10 06:00:00', '308', 4, 28, 24, NULL),
('2024-06-09 18:00:00', '2024-06-10 06:00:00', '310', 4, 27, 23, NULL),
('2024-06-09 18:00:00', '2024-06-10 06:00:00', '311', 6, 25, 21, NULL),
('2024-06-09 18:00:00', '2024-06-10 06:00:00', '312', 5, 27, 23, NULL),
('2024-06-09 18:00:00', '2024-06-10 06:00:00', '313', 21, 24, 21, NULL),
('2024-06-09 18:00:00', '2024-06-10 06:00:00', '314', 4, 27, 23, NULL),
('2024-06-09 18:00:00', '2024-06-10 06:00:00', '315', 4, 27, 23, NULL),
('2024-06-09 18:00:00', '2024-06-10 06:00:00', '320', 10, 27, 24, NULL),
('2024-06-09 18:00:00', '2024-06-10 06:00:00', '324', 10, 26, 23, NULL),
('2024-06-09 18:00:00', '2024-06-10 06:00:00', '325', 19, 26, 23, NULL),
('2024-06-09 18:00:00', '2024-06-10 06:00:00', '326', 10, 26, 23, NULL),
('2024-06-09 18:00:00', '2024-06-10 06:00:00', '327', 4, 26, 24, NULL),
('2024-06-09 18:00:00', '2024-06-10 06:00:00', '328', 4, 26, 24, NULL),
('2024-06-09 18:00:00', '2024-06-10 06:00:00', '330', 10, 27, 24, NULL),
('2024-06-09 18:00:00', '2024-06-10 06:00:00', '333', 10, 27, 24, NULL),
('2024-06-09 18:00:00', '2024-06-10 06:00:00', '334', 10, 27, 23, NULL),
('2024-06-09 18:00:00', '2024-06-10 06:00:00', '335', 19, 26, 23, NULL),
('2024-06-09 18:00:00', '2024-06-10 06:00:00', '336', 21, 24, 22, NULL),
('2024-06-09 18:00:00', '2024-06-10 06:00:00', '337', 10, 27, 24, NULL),
('2024-06-09 18:00:00', '2024-06-10 06:00:00', '338', 10, 27, 24, NULL),
('2024-06-09 18:00:00', '2024-06-10 06:00:00', '350', 4, 28, 24, NULL),
('2024-06-09 18:00:00', '2024-06-10 06:00:00', '351', 4, 28, 24, NULL),
('2024-06-09 18:00:00', '2024-06-10 06:00:00', '352', 4, 27, 23, NULL),
('2024-06-09 18:00:00', '2024-06-10 06:00:00', '353', 10, 26, 22, NULL),
('2024-06-09 18:00:00', '2024-06-10 06:00:00', '354', 10, 26, 23, NULL),
('2024-06-09 18:00:00', '2024-06-10 06:00:00', '356', 4, 28, 24, NULL),
('2024-06-09 18:00:00', '2024-06-10 06:00:00', '357', 4, 27, 25, NULL),
('2024-06-09 18:00:00', '2024-06-10 06:00:00', '358', 26, 27, 25, NULL),
('2024-06-09 18:00:00', '2024-06-10 06:00:00', '360', 4, 28, 24, NULL),
('2024-06-09 18:00:00', '2024-06-10 06:00:00', '361', 4, 28, 24, NULL),
('2024-06-09 18:00:00', '2024-06-10 06:00:00', '362', 4, 28, 24, NULL),
('2024-06-09 18:00:00', '2024-06-10 06:00:00', '363', 10, 27, 23, NULL),
('2024-06-09 18:00:00', '2024-06-10 06:00:00', '364', 19, 26, 23, NULL),
('2024-06-09 18:00:00', '2024-06-10 06:00:00', '365', 10, 25, 22, NULL),
('2024-06-09 18:00:00', '2024-06-10 06:00:00', '366', 4, 27, 24, NULL),
('2024-06-09 18:00:00', '2024-06-10 06:00:00', '367', 26, 26, 23, NULL),
('2024-06-09 18:00:00', '2024-06-10 06:00:00', '368', 4, 28, 24, NULL),
('2024-06-09 18:00:00', '2024-06-10 06:00:00', '369', 19, 27, 23, NULL),
('2024-06-09 18:00:00', '2024-06-10 06:00:00', '406', 26, 28, 25, NULL),
('2024-06-09 18:00:00', '2024-06-10 06:00:00', '407', 26, 29, 25, NULL),
('2024-06-09 18:00:00', '2024-06-10 06:00:00', '408', 26, 29, 25, NULL),
('2024-06-09 18:00:00', '2024-06-10 06:00:00', '411', 26, 29, 25, NULL),
('2024-06-09 18:00:00', '2024-06-10 06:00:00', '412', 26, 29, 25, NULL),
('2024-06-09 18:00:00', '2024-06-10 06:00:00', '413', 26, 28, 25, NULL),
('2024-06-09 18:00:00', '2024-06-10 06:00:00', '414', 26, 29, 25, NULL),
('2024-06-09 18:00:00', '2024-06-10 06:00:00', '420', 26, 28, 25, NULL),
('2024-06-09 18:00:00', '2024-06-10 06:00:00', '421', 26, 28, 24, NULL),
('2024-06-09 18:00:00', '2024-06-10 06:00:00', '422', 26, 27, 24, NULL),
('2024-06-09 18:00:00', '2024-06-10 06:00:00', '423', 19, 27, 23, NULL),
('2024-06-09 18:00:00', '2024-06-10 06:00:00', '424', 19, 25, 22, NULL),
('2024-06-09 18:00:00', '2024-06-10 06:00:00', '426', 21, 26, 23, NULL),
('2024-06-09 18:00:00', '2024-06-10 06:00:00', '427', 26, 28, 25, NULL),
('2024-06-09 18:00:00', '2024-06-10 06:00:00', '428', 26, 28, 25, NULL),
('2024-06-09 18:00:00', '2024-06-10 06:00:00', '429', 26, 28, 25, NULL),
('2024-06-09 18:00:00', '2024-06-10 06:00:00', '432', 26, 29, 25, NULL),
('2024-06-09 18:00:00', '2024-06-10 06:00:00', '433', 26, 28, 25, NULL),
('2024-06-09 18:00:00', '2024-06-10 06:00:00', '434', 71, 29, 26, NULL),
('2024-06-09 18:00:00', '2024-06-10 06:00:00', '435', 71, 29, 26, NULL),
('2024-06-09 18:00:00', '2024-06-10 06:00:00', '436', 71, 28, 25, NULL),
('2024-06-09 18:00:00', '2024-06-10 06:00:00', '437', 26, 28, 25, NULL),
('2024-06-09 18:00:00', '2024-06-10 06:00:00', '438', 26, 27, 24, NULL),
('2024-06-09 18:00:00', '2024-06-10 06:00:00', '500', 10, 29, 25, NULL),
('2024-06-09 18:00:00', '2024-06-10 06:00:00', '502', 26, 28, 25, NULL),
('2024-06-09 18:00:00', '2024-06-10 06:00:00', '503', 10, 29, 26, NULL),
('2024-06-09 18:00:00', '2024-06-10 06:00:00', '504', 10, 29, 26, NULL),
('2024-06-09 18:00:00', '2024-06-10 06:00:00', '505', 19, 29, 26, NULL),
('2024-06-09 18:00:00', '2024-06-10 06:00:00', '506', 19, 29, 26, NULL),
('2024-06-09 18:00:00', '2024-06-10 06:00:00', '507', 62, 29, 26, NULL),
('2024-06-09 18:00:00', '2024-06-10 06:00:00', '508', 10, 29, 26, NULL),
('2024-06-09 18:00:00', '2024-06-10 06:00:00', '509', 62, 29, 26, NULL),
('2024-06-09 18:00:00', '2024-06-10 06:00:00', '511', 10, 29, 25, NULL),
('2024-06-09 18:00:00', '2024-06-10 06:00:00', '512', 10, 29, 26, NULL),
('2024-06-09 18:00:00', '2024-06-10 06:00:00', '513', 10, 29, 26, NULL),
('2024-06-09 18:00:00', '2024-06-10 06:00:00', '514', 10, 29, 26, NULL),
('2024-06-09 18:00:00', '2024-06-10 06:00:00', '515', 10, 29, 26, NULL),
('2024-06-09 18:00:00', '2024-06-10 06:00:00', '516', 10, 29, 26, NULL),
('2024-06-09 18:00:00', '2024-06-10 06:00:00', '520', 10, 29, 25, NULL),
('2024-06-09 18:00:00', '2024-06-10 06:00:00', '521', 10, 29, 25, NULL),
('2024-06-09 18:00:00', '2024-06-10 06:00:00', '522', 10, 29, 26, NULL),
('2024-06-09 18:00:00', '2024-06-10 06:00:00', '523', 10, 29, 26, NULL),
('2024-06-09 18:00:00', '2024-06-10 06:00:00', '524', 10, 29, 25, NULL),
('2024-06-09 18:00:00', '2024-06-10 06:00:00', '525', 10, 29, 25, NULL),
('2024-06-09 18:00:00', '2024-06-10 06:00:00', '526', 10, 29, 26, NULL),
('2024-06-09 18:00:00', '2024-06-10 06:00:00', '527', 4, 29, 26, NULL),
('2024-06-09 18:00:00', '2024-06-10 06:00:00', '528', 4, 29, 26, NULL),
('2024-06-09 18:00:00', '2024-06-10 06:00:00', '530', 10, 29, 25, NULL),
('2024-06-09 18:00:00', '2024-06-10 06:00:00', '540', 10, 29, 25, NULL),
('2024-06-09 18:00:00', '2024-06-10 06:00:00', '541', 10, 28, 24, NULL),
('2024-06-09 18:00:00', '2024-06-10 06:00:00', '542', 19, 28, 25, NULL),
('2024-06-09 18:00:00', '2024-06-10 06:00:00', '544', 19, 27, 23, NULL),
('2024-06-09 18:00:00', '2024-06-10 06:00:00', '545', 19, 26, 22, NULL),
('2024-06-09 18:00:00', '2024-06-10 06:00:00', '546', 4, 22, 19, NULL),
('2024-06-09 18:00:00', '2024-06-10 06:00:00', '551', 10, 28, 24, NULL),
('2024-06-09 18:00:00', '2024-06-10 06:00:00', '552', 10, 27, 24, NULL),
('2024-06-09 18:00:00', '2024-06-10 06:00:00', '553', 10, 26, 23, NULL),
('2024-06-09 18:00:00', '2024-06-10 06:00:00', '555', 10, 24, 21, NULL),
('2024-06-09 18:00:00', '2024-06-10 06:00:00', '556', 10, 25, 22, NULL),
('2024-06-09 18:00:00', '2024-06-10 06:00:00', '557', 10, 28, 25, NULL),
('2024-06-09 18:00:00', '2024-06-10 06:00:00', '558', 4, 25, 22, NULL),
('2024-06-09 18:00:00', '2024-06-10 06:00:00', '602', 10, 27, 24, NULL),
('2024-06-09 18:00:00', '2024-06-10 06:00:00', '603', 10, 27, 24, NULL),
('2024-06-09 18:00:00', '2024-06-10 06:00:00', '604', 10, 27, 24, NULL),
('2024-06-09 18:00:00', '2024-06-10 06:00:00', '606', 10, 28, 25, NULL),
('2024-06-09 18:00:00', '2024-06-10 06:00:00', '607', 19, 26, 24, NULL),
('2024-06-09 18:00:00', '2024-06-10 06:00:00', '608', 10, 29, 25, NULL),
('2024-06-09 18:00:00', '2024-06-10 06:00:00', '611', 10, 29, 25, NULL),
('2024-06-09 18:00:00', '2024-06-10 06:00:00', '612', 10, 29, 25, NULL),
('2024-06-09 18:00:00', '2024-06-10 06:00:00', '613', 4, 29, 25, NULL),
('2024-06-09 18:00:00', '2024-06-10 06:00:00', '614', 43, 29, 26, NULL),
('2024-06-09 18:00:00', '2024-06-10 06:00:00', '615', 10, 29, 25, NULL),
('2024-06-09 18:00:00', '2024-06-10 06:00:00', '616', 10, 29, 25, NULL),
('2024-06-09 18:00:00', '2024-06-10 06:00:00', '621', 10, 29, 25, NULL),
('2024-06-09 18:00:00', '2024-06-10 06:00:00', '622', 10, 28, 25, NULL),
('2024-06-09 18:00:00', '2024-06-10 06:00:00', '623', 10, 28, 25, NULL),
('2024-06-09 18:00:00', '2024-06-10 06:00:00', '624', 4, 29, 25, NULL),
('2024-06-09 18:00:00', '2024-06-10 06:00:00', '625', 43, 29, 26, NULL),
('2024-06-09 18:00:00', '2024-06-10 06:00:00', '630', 10, 28, 25, NULL),
('2024-06-09 18:00:00', '2024-06-10 06:00:00', '631', 10, 28, 25, NULL),
('2024-06-09 18:00:00', '2024-06-10 06:00:00', '632', 10, 29, 25, NULL),
('2024-06-09 18:00:00', '2024-06-10 06:00:00', '633', 10, 29, 25, NULL),
('2024-06-09 18:00:00', '2024-06-10 06:00:00', '634', 4, 29, 25, NULL),
('2024-06-09 18:00:00', '2024-06-10 06:00:00', '635', 4, 29, 26, NULL),
('2024-06-09 18:00:00', '2024-06-10 06:00:00', '636', 4, 29, 26, NULL),
('2024-06-09 18:00:00', '2024-06-10 06:00:00', '637', 4, 29, 25, NULL),
('2024-06-09 18:00:00', '2024-06-10 06:00:00', '638', 4, 29, 26, NULL),
('2024-06-09 18:00:00', '2024-06-10 06:00:00', '640', 4, 28, 25, NULL),
('2024-06-09 18:00:00', '2024-06-10 06:00:00', '643', 10, 29, 25, NULL),
('2024-06-09 18:00:00', '2024-06-10 06:00:00', '646', 10, 28, 24, NULL),
('2024-06-09 18:00:00', '2024-06-10 06:00:00', '647', 4, 29, 25, NULL),
('2024-06-09 18:00:00', '2024-06-10 06:00:00', '648', 4, 29, 25, NULL),
('2024-06-09 18:00:00', '2024-06-10 06:00:00', '649', 10, 29, 25, NULL),
('2024-06-09 18:00:00', '2024-06-10 06:00:00', '651', 10, 29, 25, NULL),
('2024-06-09 18:00:00', '2024-06-10 06:00:00', '652', 4, 29, 25, NULL),
('2024-06-09 18:00:00', '2024-06-10 06:00:00', '653', 4, 29, 26, NULL),
('2024-06-09 18:00:00', '2024-06-10 06:00:00', '654', 4, 29, 26, NULL),
('2024-06-09 18:00:00', '2024-06-10 06:00:00', '655', 4, 29, 25, NULL),
('2024-06-09 18:00:00', '2024-06-10 06:00:00', '700', 5, 29, 26, NULL),
('2024-06-09 18:00:00', '2024-06-10 06:00:00', '701', 4, 29, 26, NULL),
('2024-06-09 18:00:00', '2024-06-10 06:00:00', '702', 26, 29, 26, NULL),
('2024-06-09 18:00:00', '2024-06-10 06:00:00', '704', 4, 29, 26, NULL),
('2024-06-09 18:00:00', '2024-06-10 06:00:00', '708', 5, 29, 26, NULL),
('2024-06-09 18:00:00', '2024-06-10 06:00:00', '709', 4, 29, 26, NULL),
('2024-06-09 18:00:00', '2024-06-10 06:00:00', '710', 4, 29, 26, NULL),
('2024-06-09 18:00:00', '2024-06-10 06:00:00', '711', 4, 29, 25, NULL),
('2024-06-09 18:00:00', '2024-06-10 06:00:00', '712', 4, 29, 25, NULL),
('2024-06-09 18:00:00', '2024-06-10 06:00:00', '713', 43, 29, 25, NULL),
('2024-06-09 18:00:00', '2024-06-10 06:00:00', '714', 43, 29, 25, NULL),
('2024-06-09 18:00:00', '2024-06-10 06:00:00', '715', 43, 28, 25, NULL),
('2024-06-09 18:00:00', '2024-06-10 06:00:00', '716', 43, 28, 24, NULL),
('2024-06-09 18:00:00', '2024-06-10 06:00:00', '717', 4, 29, 26, NULL),
('2024-06-09 18:00:00', '2024-06-10 06:00:00', '718', 4, 29, 25, NULL),
('2024-06-09 18:00:00', '2024-06-10 06:00:00', '719', 4, 28, 25, NULL),
('2024-06-09 18:00:00', '2024-06-10 06:00:00', '720', 43, 29, 25, NULL),
('2024-06-09 18:00:00', '2024-06-10 06:00:00', '721', 43, 29, 26, NULL),
('2024-06-09 18:00:00', '2024-06-10 06:00:00', '722', 4, 29, 26, NULL),
('2024-06-09 18:00:00', '2024-06-10 06:00:00', '723', 4, 29, 26, NULL),
('2024-06-09 18:00:00', '2024-06-10 06:00:00', '725', 4, 29, 26, NULL),
('2024-06-09 18:00:00', '2024-06-10 06:00:00', '726', 4, 29, 26, NULL),
('2024-06-09 18:00:00', '2024-06-10 06:00:00', '727', 4, 28, 26, NULL),
('2024-06-09 18:00:00', '2024-06-10 06:00:00', '730', 43, 29, 25, NULL),
('2024-06-09 18:00:00', '2024-06-10 06:00:00', '731', 43, 29, 25, NULL),
('2024-06-09 18:00:00', '2024-06-10 06:00:00', '732', 43, 28, 25, NULL),
('2024-06-09 18:00:00', '2024-06-10 06:00:00', '733', 43, 28, 25, NULL),
('2024-06-09 18:00:00', '2024-06-10 06:00:00', '734', 43, 29, 25, NULL),
('2024-06-09 18:00:00', '2024-06-10 06:00:00', '735', 43, 29, 25, NULL),
('2024-06-09 18:00:00', '2024-06-10 06:00:00', '736', 43, 29, 25, NULL),
('2024-06-09 18:00:00', '2024-06-10 06:00:00', '737', 43, 29, 25, NULL),
('2024-06-09 18:00:00', '2024-06-10 06:00:00', '741', 4, 29, 25, NULL),
('2024-06-09 18:00:00', '2024-06-10 06:00:00', '742', 43, 29, 25, NULL);
INSERT INTO `weather_forecast` (`Start_Time`, `End_Time`, `District_ID`, `Weather_Type_ID`, `MaxTemperature`, `MinTemperature`, `Remarks`) VALUES
('2024-06-09 18:00:00', '2024-06-10 06:00:00', '743', 43, 29, 25, NULL),
('2024-06-09 18:00:00', '2024-06-10 06:00:00', '744', 4, 29, 26, NULL),
('2024-06-09 18:00:00', '2024-06-10 06:00:00', '745', 4, 29, 26, NULL),
('2024-06-09 18:00:00', '2024-06-10 06:00:00', '800', 54, 30, 27, NULL),
('2024-06-09 18:00:00', '2024-06-10 06:00:00', '801', 43, 30, 27, NULL),
('2024-06-09 18:00:00', '2024-06-10 06:00:00', '802', 54, 30, 27, NULL),
('2024-06-09 18:00:00', '2024-06-10 06:00:00', '803', 43, 30, 27, NULL),
('2024-06-09 18:00:00', '2024-06-10 06:00:00', '804', 43, 30, 27, NULL),
('2024-06-09 18:00:00', '2024-06-10 06:00:00', '805', 43, 29, 27, NULL),
('2024-06-09 18:00:00', '2024-06-10 06:00:00', '806', 43, 30, 27, NULL),
('2024-06-09 18:00:00', '2024-06-10 06:00:00', '807', 54, 29, 27, NULL),
('2024-06-09 18:00:00', '2024-06-10 06:00:00', '811', 54, 30, 26, NULL),
('2024-06-09 18:00:00', '2024-06-10 06:00:00', '812', 43, 30, 27, NULL),
('2024-06-09 18:00:00', '2024-06-10 06:00:00', '813', 54, 29, 26, NULL),
('2024-06-09 18:00:00', '2024-06-10 06:00:00', '814', 54, 30, 26, NULL),
('2024-06-09 18:00:00', '2024-06-10 06:00:00', '815', 54, 30, 26, NULL),
('2024-06-09 18:00:00', '2024-06-10 06:00:00', '820', 54, 30, 26, NULL),
('2024-06-09 18:00:00', '2024-06-10 06:00:00', '821', 54, 29, 26, NULL),
('2024-06-09 18:00:00', '2024-06-10 06:00:00', '822', 43, 29, 25, NULL),
('2024-06-09 18:00:00', '2024-06-10 06:00:00', '823', 43, 29, 25, NULL),
('2024-06-09 18:00:00', '2024-06-10 06:00:00', '824', 54, 29, 25, NULL),
('2024-06-09 18:00:00', '2024-06-10 06:00:00', '825', 54, 30, 26, NULL),
('2024-06-09 18:00:00', '2024-06-10 06:00:00', '826', 54, 29, 26, NULL),
('2024-06-09 18:00:00', '2024-06-10 06:00:00', '827', 54, 29, 27, NULL),
('2024-06-09 18:00:00', '2024-06-10 06:00:00', '828', 54, 29, 27, NULL),
('2024-06-09 18:00:00', '2024-06-10 06:00:00', '829', 6, 29, 26, NULL),
('2024-06-09 18:00:00', '2024-06-10 06:00:00', '830', 43, 30, 26, NULL),
('2024-06-09 18:00:00', '2024-06-10 06:00:00', '831', 43, 30, 26, NULL),
('2024-06-09 18:00:00', '2024-06-10 06:00:00', '832', 43, 30, 26, NULL),
('2024-06-09 18:00:00', '2024-06-10 06:00:00', '833', 54, 30, 26, NULL),
('2024-06-09 18:00:00', '2024-06-10 06:00:00', '840', 62, 30, 25, NULL),
('2024-06-09 18:00:00', '2024-06-10 06:00:00', '842', 43, 29, 25, NULL),
('2024-06-09 18:00:00', '2024-06-10 06:00:00', '843', 43, 29, 25, NULL),
('2024-06-09 18:00:00', '2024-06-10 06:00:00', '844', 43, 27, 23, NULL),
('2024-06-09 18:00:00', '2024-06-10 06:00:00', '845', 43, 29, 25, NULL),
('2024-06-09 18:00:00', '2024-06-10 06:00:00', '846', 43, 29, 25, NULL),
('2024-06-09 18:00:00', '2024-06-10 06:00:00', '847', 43, 27, 23, NULL),
('2024-06-09 18:00:00', '2024-06-10 06:00:00', '848', 43, 24, 21, NULL),
('2024-06-09 18:00:00', '2024-06-10 06:00:00', '849', 43, 22, 20, NULL),
('2024-06-09 18:00:00', '2024-06-10 06:00:00', '851', 43, 27, 24, NULL),
('2024-06-09 18:00:00', '2024-06-10 06:00:00', '852', 6, 29, 26, NULL),
('2024-06-09 18:00:00', '2024-06-10 06:00:00', '880', 4, 27, 26, NULL),
('2024-06-09 18:00:00', '2024-06-10 06:00:00', '881', 4, 27, 26, NULL),
('2024-06-09 18:00:00', '2024-06-10 06:00:00', '882', 4, 27, 26, NULL),
('2024-06-09 18:00:00', '2024-06-10 06:00:00', '883', 4, 28, 26, NULL),
('2024-06-09 18:00:00', '2024-06-10 06:00:00', '884', 4, 27, 26, NULL),
('2024-06-09 18:00:00', '2024-06-10 06:00:00', '885', 4, 27, 26, NULL),
('2024-06-09 18:00:00', '2024-06-10 06:00:00', '890', 4, 25, 24, NULL),
('2024-06-09 18:00:00', '2024-06-10 06:00:00', '891', 4, 25, 24, NULL),
('2024-06-09 18:00:00', '2024-06-10 06:00:00', '892', 4, 25, 24, NULL),
('2024-06-09 18:00:00', '2024-06-10 06:00:00', '893', 4, 25, 24, NULL),
('2024-06-09 18:00:00', '2024-06-10 06:00:00', '894', 4, 25, 24, NULL),
('2024-06-09 18:00:00', '2024-06-10 06:00:00', '896', 4, 26, 25, NULL),
('2024-06-09 18:00:00', '2024-06-10 06:00:00', '900', 62, 30, 26, NULL),
('2024-06-09 18:00:00', '2024-06-10 06:00:00', '902', 54, 26, 23, NULL),
('2024-06-09 18:00:00', '2024-06-10 06:00:00', '903', 5, 28, 25, NULL),
('2024-06-09 18:00:00', '2024-06-10 06:00:00', '904', 54, 30, 26, NULL),
('2024-06-09 18:00:00', '2024-06-10 06:00:00', '905', 54, 29, 25, NULL),
('2024-06-09 18:00:00', '2024-06-10 06:00:00', '906', 54, 29, 25, NULL),
('2024-06-09 18:00:00', '2024-06-10 06:00:00', '907', 54, 29, 26, NULL),
('2024-06-09 18:00:00', '2024-06-10 06:00:00', '908', 62, 30, 26, NULL),
('2024-06-09 18:00:00', '2024-06-10 06:00:00', '909', 62, 30, 26, NULL),
('2024-06-09 18:00:00', '2024-06-10 06:00:00', '911', 54, 30, 26, NULL),
('2024-06-09 18:00:00', '2024-06-10 06:00:00', '912', 54, 30, 26, NULL),
('2024-06-09 18:00:00', '2024-06-10 06:00:00', '913', 43, 30, 26, NULL),
('2024-06-09 18:00:00', '2024-06-10 06:00:00', '921', 5, 29, 25, NULL),
('2024-06-09 18:00:00', '2024-06-10 06:00:00', '922', 62, 28, 25, NULL),
('2024-06-09 18:00:00', '2024-06-10 06:00:00', '923', 54, 30, 26, NULL),
('2024-06-09 18:00:00', '2024-06-10 06:00:00', '924', 43, 30, 26, NULL),
('2024-06-09 18:00:00', '2024-06-10 06:00:00', '925', 62, 30, 26, NULL),
('2024-06-09 18:00:00', '2024-06-10 06:00:00', '926', 43, 30, 26, NULL),
('2024-06-09 18:00:00', '2024-06-10 06:00:00', '927', 62, 29, 26, NULL),
('2024-06-09 18:00:00', '2024-06-10 06:00:00', '928', 43, 29, 26, NULL),
('2024-06-09 18:00:00', '2024-06-10 06:00:00', '929', 43, 29, 26, NULL),
('2024-06-09 18:00:00', '2024-06-10 06:00:00', '931', 71, 29, 26, NULL),
('2024-06-09 18:00:00', '2024-06-10 06:00:00', '932', 43, 30, 26, NULL),
('2024-06-09 18:00:00', '2024-06-10 06:00:00', '940', 71, 29, 26, NULL),
('2024-06-09 18:00:00', '2024-06-10 06:00:00', '941', 71, 28, 26, NULL),
('2024-06-09 18:00:00', '2024-06-10 06:00:00', '942', 71, 29, 25, NULL),
('2024-06-09 18:00:00', '2024-06-10 06:00:00', '943', 71, 28, 26, NULL),
('2024-06-09 18:00:00', '2024-06-10 06:00:00', '944', 71, 29, 26, NULL),
('2024-06-09 18:00:00', '2024-06-10 06:00:00', '945', 71, 28, 25, NULL),
('2024-06-09 18:00:00', '2024-06-10 06:00:00', '947', 54, 28, 26, NULL),
('2024-06-09 18:00:00', '2024-06-10 06:00:00', '950', 43, 29, 25, NULL),
('2024-06-09 18:00:00', '2024-06-10 06:00:00', '951', 4, 29, 26, NULL),
('2024-06-09 18:00:00', '2024-06-10 06:00:00', '952', 43, 28, 26, NULL),
('2024-06-09 18:00:00', '2024-06-10 06:00:00', '953', 43, 27, 24, NULL),
('2024-06-09 18:00:00', '2024-06-10 06:00:00', '954', 54, 28, 25, NULL),
('2024-06-09 18:00:00', '2024-06-10 06:00:00', '955', 43, 27, 24, NULL),
('2024-06-09 18:00:00', '2024-06-10 06:00:00', '956', 43, 27, 23, NULL),
('2024-06-09 18:00:00', '2024-06-10 06:00:00', '957', 43, 25, 22, NULL),
('2024-06-09 18:00:00', '2024-06-10 06:00:00', '958', 43, 26, 23, NULL),
('2024-06-09 18:00:00', '2024-06-10 06:00:00', '959', 4, 28, 25, NULL),
('2024-06-09 18:00:00', '2024-06-10 06:00:00', '961', 43, 28, 25, NULL),
('2024-06-09 18:00:00', '2024-06-10 06:00:00', '962', 43, 27, 25, NULL),
('2024-06-09 18:00:00', '2024-06-10 06:00:00', '964', 54, 26, 24, NULL),
('2024-06-09 18:00:00', '2024-06-10 06:00:00', '965', 6, 29, 26, NULL),
('2024-06-09 18:00:00', '2024-06-10 06:00:00', '966', 6, 29, 26, NULL),
('2024-06-09 18:00:00', '2024-06-10 06:00:00', '970', 4, 27, 25, NULL),
('2024-06-09 18:00:00', '2024-06-10 06:00:00', '971', 4, 27, 24, NULL),
('2024-06-09 18:00:00', '2024-06-10 06:00:00', '972', 4, 25, 23, NULL),
('2024-06-09 18:00:00', '2024-06-10 06:00:00', '973', 4, 27, 24, NULL),
('2024-06-09 18:00:00', '2024-06-10 06:00:00', '974', 4, 27, 24, NULL),
('2024-06-09 18:00:00', '2024-06-10 06:00:00', '975', 10, 26, 24, NULL),
('2024-06-09 18:00:00', '2024-06-10 06:00:00', '976', 10, 26, 23, NULL),
('2024-06-09 18:00:00', '2024-06-10 06:00:00', '977', 10, 26, 24, NULL),
('2024-06-09 18:00:00', '2024-06-10 06:00:00', '978', 10, 27, 24, NULL),
('2024-06-09 18:00:00', '2024-06-10 06:00:00', '979', 10, 26, 23, NULL),
('2024-06-09 18:00:00', '2024-06-10 06:00:00', '981', 10, 27, 24, NULL),
('2024-06-09 18:00:00', '2024-06-10 06:00:00', '982', 10, 25, 22, NULL),
('2024-06-09 18:00:00', '2024-06-10 06:00:00', '983', 10, 26, 23, NULL),
('2024-06-10 06:00:00', '2024-06-10 18:00:00', '100', 129, 32, 25, NULL),
('2024-06-10 06:00:00', '2024-06-10 18:00:00', '103', 4, 31, 25, NULL),
('2024-06-10 06:00:00', '2024-06-10 18:00:00', '104', 129, 32, 25, NULL),
('2024-06-10 06:00:00', '2024-06-10 18:00:00', '105', 129, 32, 25, NULL),
('2024-06-10 06:00:00', '2024-06-10 18:00:00', '106', 4, 29, 25, NULL),
('2024-06-10 06:00:00', '2024-06-10 18:00:00', '108', 4, 31, 25, NULL),
('2024-06-10 06:00:00', '2024-06-10 18:00:00', '110', 129, 32, 25, NULL),
('2024-06-10 06:00:00', '2024-06-10 18:00:00', '111', 129, 32, 25, NULL),
('2024-06-10 06:00:00', '2024-06-10 18:00:00', '112', 4, 31, 25, NULL),
('2024-06-10 06:00:00', '2024-06-10 18:00:00', '114', 129, 32, 25, NULL),
('2024-06-10 06:00:00', '2024-06-10 18:00:00', '115', 129, 31, 24, NULL),
('2024-06-10 06:00:00', '2024-06-10 18:00:00', '116', 4, 31, 24, NULL),
('2024-06-10 06:00:00', '2024-06-10 18:00:00', '200', 129, 30, 24, NULL),
('2024-06-10 06:00:00', '2024-06-10 18:00:00', '204', 129, 30, 24, NULL),
('2024-06-10 06:00:00', '2024-06-10 18:00:00', '205', 129, 30, 24, NULL),
('2024-06-10 06:00:00', '2024-06-10 18:00:00', '206', 129, 30, 24, NULL),
('2024-06-10 06:00:00', '2024-06-10 18:00:00', '207', 4, 29, 23, NULL),
('2024-06-10 06:00:00', '2024-06-10 18:00:00', '208', 4, 30, 24, NULL),
('2024-06-10 06:00:00', '2024-06-10 18:00:00', '209', 43, 26, 23, NULL),
('2024-06-10 06:00:00', '2024-06-10 18:00:00', '210', 43, 26, 23, NULL),
('2024-06-10 06:00:00', '2024-06-10 18:00:00', '211', 43, 26, 23, NULL),
('2024-06-10 06:00:00', '2024-06-10 18:00:00', '212', 43, 26, 23, NULL),
('2024-06-10 06:00:00', '2024-06-10 18:00:00', '220', 4, 31, 25, NULL),
('2024-06-10 06:00:00', '2024-06-10 18:00:00', '221', 129, 31, 23, NULL),
('2024-06-10 06:00:00', '2024-06-10 18:00:00', '222', 129, 31, 23, NULL),
('2024-06-10 06:00:00', '2024-06-10 18:00:00', '223', 129, 30, 23, NULL),
('2024-06-10 06:00:00', '2024-06-10 18:00:00', '224', 129, 29, 23, NULL),
('2024-06-10 06:00:00', '2024-06-10 18:00:00', '226', 129, 29, 22, NULL),
('2024-06-10 06:00:00', '2024-06-10 18:00:00', '227', 129, 31, 24, NULL),
('2024-06-10 06:00:00', '2024-06-10 18:00:00', '228', 129, 30, 24, NULL),
('2024-06-10 06:00:00', '2024-06-10 18:00:00', '231', 4, 32, 24, NULL),
('2024-06-10 06:00:00', '2024-06-10 18:00:00', '232', 129, 30, 23, NULL),
('2024-06-10 06:00:00', '2024-06-10 18:00:00', '233', 129, 30, 21, NULL),
('2024-06-10 06:00:00', '2024-06-10 18:00:00', '234', 4, 31, 25, NULL),
('2024-06-10 06:00:00', '2024-06-10 18:00:00', '235', 4, 31, 25, NULL),
('2024-06-10 06:00:00', '2024-06-10 18:00:00', '236', 4, 31, 24, NULL),
('2024-06-10 06:00:00', '2024-06-10 18:00:00', '237', 4, 31, 24, NULL),
('2024-06-10 06:00:00', '2024-06-10 18:00:00', '238', 4, 31, 25, NULL),
('2024-06-10 06:00:00', '2024-06-10 18:00:00', '239', 4, 31, 24, NULL),
('2024-06-10 06:00:00', '2024-06-10 18:00:00', '241', 4, 31, 25, NULL),
('2024-06-10 06:00:00', '2024-06-10 18:00:00', '242', 4, 31, 25, NULL),
('2024-06-10 06:00:00', '2024-06-10 18:00:00', '243', 4, 31, 25, NULL),
('2024-06-10 06:00:00', '2024-06-10 18:00:00', '244', 4, 30, 24, NULL),
('2024-06-10 06:00:00', '2024-06-10 18:00:00', '247', 4, 31, 25, NULL),
('2024-06-10 06:00:00', '2024-06-10 18:00:00', '248', 4, 31, 25, NULL),
('2024-06-10 06:00:00', '2024-06-10 18:00:00', '249', 4, 30, 24, NULL),
('2024-06-10 06:00:00', '2024-06-10 18:00:00', '251', 4, 29, 25, NULL),
('2024-06-10 06:00:00', '2024-06-10 18:00:00', '252', 4, 28, 24, NULL),
('2024-06-10 06:00:00', '2024-06-10 18:00:00', '253', 4, 29, 24, NULL),
('2024-06-10 06:00:00', '2024-06-10 18:00:00', '302', 4, 30, 24, NULL),
('2024-06-10 06:00:00', '2024-06-10 18:00:00', '303', 4, 29, 24, NULL),
('2024-06-10 06:00:00', '2024-06-10 18:00:00', '304', 4, 29, 24, NULL),
('2024-06-10 06:00:00', '2024-06-10 18:00:00', '305', 4, 30, 24, NULL),
('2024-06-10 06:00:00', '2024-06-10 18:00:00', '306', 3, 30, 23, NULL),
('2024-06-10 06:00:00', '2024-06-10 18:00:00', '308', 4, 30, 24, NULL),
('2024-06-10 06:00:00', '2024-06-10 18:00:00', '310', 4, 30, 23, NULL),
('2024-06-10 06:00:00', '2024-06-10 18:00:00', '311', 3, 29, 22, NULL),
('2024-06-10 06:00:00', '2024-06-10 18:00:00', '312', 3, 30, 23, NULL),
('2024-06-10 06:00:00', '2024-06-10 18:00:00', '313', 3, 27, 21, NULL),
('2024-06-10 06:00:00', '2024-06-10 18:00:00', '314', 4, 30, 23, NULL),
('2024-06-10 06:00:00', '2024-06-10 18:00:00', '315', 4, 30, 23, NULL),
('2024-06-10 06:00:00', '2024-06-10 18:00:00', '320', 3, 29, 24, NULL),
('2024-06-10 06:00:00', '2024-06-10 18:00:00', '324', 3, 29, 23, NULL),
('2024-06-10 06:00:00', '2024-06-10 18:00:00', '325', 3, 29, 23, NULL),
('2024-06-10 06:00:00', '2024-06-10 18:00:00', '326', 3, 29, 23, NULL),
('2024-06-10 06:00:00', '2024-06-10 18:00:00', '327', 4, 28, 24, NULL),
('2024-06-10 06:00:00', '2024-06-10 18:00:00', '328', 4, 28, 24, NULL),
('2024-06-10 06:00:00', '2024-06-10 18:00:00', '330', 3, 30, 24, NULL),
('2024-06-10 06:00:00', '2024-06-10 18:00:00', '333', 3, 31, 24, NULL),
('2024-06-10 06:00:00', '2024-06-10 18:00:00', '334', 3, 30, 24, NULL),
('2024-06-10 06:00:00', '2024-06-10 18:00:00', '335', 3, 30, 23, NULL),
('2024-06-10 06:00:00', '2024-06-10 18:00:00', '336', 129, 28, 22, NULL),
('2024-06-10 06:00:00', '2024-06-10 18:00:00', '337', 4, 28, 24, NULL),
('2024-06-10 06:00:00', '2024-06-10 18:00:00', '338', 4, 30, 24, NULL),
('2024-06-10 06:00:00', '2024-06-10 18:00:00', '350', 4, 30, 25, NULL),
('2024-06-10 06:00:00', '2024-06-10 18:00:00', '351', 4, 31, 24, NULL),
('2024-06-10 06:00:00', '2024-06-10 18:00:00', '352', 4, 30, 24, NULL),
('2024-06-10 06:00:00', '2024-06-10 18:00:00', '353', 4, 30, 23, NULL),
('2024-06-10 06:00:00', '2024-06-10 18:00:00', '354', 129, 29, 23, NULL),
('2024-06-10 06:00:00', '2024-06-10 18:00:00', '356', 4, 30, 25, NULL),
('2024-06-10 06:00:00', '2024-06-10 18:00:00', '357', 129, 30, 25, NULL),
('2024-06-10 06:00:00', '2024-06-10 18:00:00', '358', 129, 30, 25, NULL),
('2024-06-10 06:00:00', '2024-06-10 18:00:00', '360', 129, 30, 24, NULL),
('2024-06-10 06:00:00', '2024-06-10 18:00:00', '361', 4, 31, 24, NULL),
('2024-06-10 06:00:00', '2024-06-10 18:00:00', '362', 129, 31, 24, NULL),
('2024-06-10 06:00:00', '2024-06-10 18:00:00', '363', 129, 30, 24, NULL),
('2024-06-10 06:00:00', '2024-06-10 18:00:00', '364', 129, 29, 23, NULL),
('2024-06-10 06:00:00', '2024-06-10 18:00:00', '365', 129, 28, 22, NULL),
('2024-06-10 06:00:00', '2024-06-10 18:00:00', '366', 129, 31, 24, NULL),
('2024-06-10 06:00:00', '2024-06-10 18:00:00', '367', 129, 29, 23, NULL),
('2024-06-10 06:00:00', '2024-06-10 18:00:00', '368', 129, 30, 24, NULL),
('2024-06-10 06:00:00', '2024-06-10 18:00:00', '369', 129, 30, 24, NULL),
('2024-06-10 06:00:00', '2024-06-10 18:00:00', '406', 129, 31, 25, NULL),
('2024-06-10 06:00:00', '2024-06-10 18:00:00', '407', 129, 30, 25, NULL),
('2024-06-10 06:00:00', '2024-06-10 18:00:00', '408', 129, 31, 25, NULL),
('2024-06-10 06:00:00', '2024-06-10 18:00:00', '411', 129, 31, 25, NULL),
('2024-06-10 06:00:00', '2024-06-10 18:00:00', '412', 129, 31, 25, NULL),
('2024-06-10 06:00:00', '2024-06-10 18:00:00', '413', 129, 31, 25, NULL),
('2024-06-10 06:00:00', '2024-06-10 18:00:00', '414', 129, 31, 25, NULL),
('2024-06-10 06:00:00', '2024-06-10 18:00:00', '420', 129, 30, 25, NULL),
('2024-06-10 06:00:00', '2024-06-10 18:00:00', '421', 129, 29, 24, NULL),
('2024-06-10 06:00:00', '2024-06-10 18:00:00', '422', 129, 29, 24, NULL),
('2024-06-10 06:00:00', '2024-06-10 18:00:00', '423', 129, 29, 24, NULL),
('2024-06-10 06:00:00', '2024-06-10 18:00:00', '424', 129, 27, 22, NULL),
('2024-06-10 06:00:00', '2024-06-10 18:00:00', '426', 129, 29, 23, NULL),
('2024-06-10 06:00:00', '2024-06-10 18:00:00', '427', 129, 30, 25, NULL),
('2024-06-10 06:00:00', '2024-06-10 18:00:00', '428', 129, 30, 25, NULL),
('2024-06-10 06:00:00', '2024-06-10 18:00:00', '429', 129, 30, 25, NULL),
('2024-06-10 06:00:00', '2024-06-10 18:00:00', '432', 129, 30, 25, NULL),
('2024-06-10 06:00:00', '2024-06-10 18:00:00', '433', 129, 30, 25, NULL),
('2024-06-10 06:00:00', '2024-06-10 18:00:00', '434', 129, 30, 26, NULL),
('2024-06-10 06:00:00', '2024-06-10 18:00:00', '435', 129, 30, 26, NULL),
('2024-06-10 06:00:00', '2024-06-10 18:00:00', '436', 129, 30, 26, NULL),
('2024-06-10 06:00:00', '2024-06-10 18:00:00', '437', 129, 29, 25, NULL),
('2024-06-10 06:00:00', '2024-06-10 18:00:00', '438', 129, 29, 25, NULL),
('2024-06-10 06:00:00', '2024-06-10 18:00:00', '500', 129, 31, 25, NULL),
('2024-06-10 06:00:00', '2024-06-10 18:00:00', '502', 129, 31, 25, NULL),
('2024-06-10 06:00:00', '2024-06-10 18:00:00', '503', 129, 31, 26, NULL),
('2024-06-10 06:00:00', '2024-06-10 18:00:00', '504', 119, 31, 26, NULL),
('2024-06-10 06:00:00', '2024-06-10 18:00:00', '505', 119, 31, 26, NULL),
('2024-06-10 06:00:00', '2024-06-10 18:00:00', '506', 119, 31, 26, NULL),
('2024-06-10 06:00:00', '2024-06-10 18:00:00', '507', 119, 30, 26, NULL),
('2024-06-10 06:00:00', '2024-06-10 18:00:00', '508', 119, 30, 26, NULL),
('2024-06-10 06:00:00', '2024-06-10 18:00:00', '509', 129, 30, 26, NULL),
('2024-06-10 06:00:00', '2024-06-10 18:00:00', '511', 129, 31, 26, NULL),
('2024-06-10 06:00:00', '2024-06-10 18:00:00', '512', 129, 31, 26, NULL),
('2024-06-10 06:00:00', '2024-06-10 18:00:00', '513', 129, 31, 26, NULL),
('2024-06-10 06:00:00', '2024-06-10 18:00:00', '514', 129, 32, 26, NULL),
('2024-06-10 06:00:00', '2024-06-10 18:00:00', '515', 129, 31, 26, NULL),
('2024-06-10 06:00:00', '2024-06-10 18:00:00', '516', 119, 31, 26, NULL),
('2024-06-10 06:00:00', '2024-06-10 18:00:00', '520', 129, 31, 26, NULL),
('2024-06-10 06:00:00', '2024-06-10 18:00:00', '521', 129, 31, 26, NULL),
('2024-06-10 06:00:00', '2024-06-10 18:00:00', '522', 129, 31, 26, NULL),
('2024-06-10 06:00:00', '2024-06-10 18:00:00', '523', 129, 31, 26, NULL),
('2024-06-10 06:00:00', '2024-06-10 18:00:00', '524', 129, 31, 25, NULL),
('2024-06-10 06:00:00', '2024-06-10 18:00:00', '525', 129, 31, 25, NULL),
('2024-06-10 06:00:00', '2024-06-10 18:00:00', '526', 129, 31, 26, NULL),
('2024-06-10 06:00:00', '2024-06-10 18:00:00', '527', 129, 31, 26, NULL),
('2024-06-10 06:00:00', '2024-06-10 18:00:00', '528', 129, 30, 26, NULL),
('2024-06-10 06:00:00', '2024-06-10 18:00:00', '530', 129, 31, 25, NULL),
('2024-06-10 06:00:00', '2024-06-10 18:00:00', '540', 129, 31, 25, NULL),
('2024-06-10 06:00:00', '2024-06-10 18:00:00', '541', 129, 30, 24, NULL),
('2024-06-10 06:00:00', '2024-06-10 18:00:00', '542', 129, 31, 25, NULL),
('2024-06-10 06:00:00', '2024-06-10 18:00:00', '544', 129, 30, 23, NULL),
('2024-06-10 06:00:00', '2024-06-10 18:00:00', '545', 129, 29, 22, NULL),
('2024-06-10 06:00:00', '2024-06-10 18:00:00', '546', 129, 25, 20, NULL),
('2024-06-10 06:00:00', '2024-06-10 18:00:00', '551', 129, 30, 24, NULL),
('2024-06-10 06:00:00', '2024-06-10 18:00:00', '552', 129, 30, 24, NULL),
('2024-06-10 06:00:00', '2024-06-10 18:00:00', '553', 129, 29, 23, NULL),
('2024-06-10 06:00:00', '2024-06-10 18:00:00', '555', 129, 27, 22, NULL),
('2024-06-10 06:00:00', '2024-06-10 18:00:00', '556', 129, 27, 22, NULL),
('2024-06-10 06:00:00', '2024-06-10 18:00:00', '557', 129, 31, 25, NULL),
('2024-06-10 06:00:00', '2024-06-10 18:00:00', '558', 129, 28, 22, NULL),
('2024-06-10 06:00:00', '2024-06-10 18:00:00', '602', 129, 30, 24, NULL),
('2024-06-10 06:00:00', '2024-06-10 18:00:00', '603', 129, 30, 24, NULL),
('2024-06-10 06:00:00', '2024-06-10 18:00:00', '604', 129, 30, 24, NULL),
('2024-06-10 06:00:00', '2024-06-10 18:00:00', '606', 129, 31, 25, NULL),
('2024-06-10 06:00:00', '2024-06-10 18:00:00', '607', 129, 29, 24, NULL),
('2024-06-10 06:00:00', '2024-06-10 18:00:00', '608', 129, 31, 25, NULL),
('2024-06-10 06:00:00', '2024-06-10 18:00:00', '611', 129, 31, 25, NULL),
('2024-06-10 06:00:00', '2024-06-10 18:00:00', '612', 129, 31, 25, NULL),
('2024-06-10 06:00:00', '2024-06-10 18:00:00', '613', 129, 31, 25, NULL),
('2024-06-10 06:00:00', '2024-06-10 18:00:00', '614', 43, 31, 26, NULL),
('2024-06-10 06:00:00', '2024-06-10 18:00:00', '615', 129, 31, 25, NULL),
('2024-06-10 06:00:00', '2024-06-10 18:00:00', '616', 129, 31, 25, NULL),
('2024-06-10 06:00:00', '2024-06-10 18:00:00', '621', 129, 31, 25, NULL),
('2024-06-10 06:00:00', '2024-06-10 18:00:00', '622', 129, 31, 25, NULL),
('2024-06-10 06:00:00', '2024-06-10 18:00:00', '623', 129, 31, 25, NULL),
('2024-06-10 06:00:00', '2024-06-10 18:00:00', '624', 43, 32, 25, NULL),
('2024-06-10 06:00:00', '2024-06-10 18:00:00', '625', 43, 31, 26, NULL),
('2024-06-10 06:00:00', '2024-06-10 18:00:00', '630', 129, 31, 25, NULL),
('2024-06-10 06:00:00', '2024-06-10 18:00:00', '631', 129, 31, 25, NULL),
('2024-06-10 06:00:00', '2024-06-10 18:00:00', '632', 129, 31, 25, NULL),
('2024-06-10 06:00:00', '2024-06-10 18:00:00', '633', 129, 31, 25, NULL),
('2024-06-10 06:00:00', '2024-06-10 18:00:00', '634', 129, 31, 25, NULL),
('2024-06-10 06:00:00', '2024-06-10 18:00:00', '635', 129, 31, 26, NULL),
('2024-06-10 06:00:00', '2024-06-10 18:00:00', '636', 129, 30, 26, NULL),
('2024-06-10 06:00:00', '2024-06-10 18:00:00', '637', 129, 31, 25, NULL),
('2024-06-10 06:00:00', '2024-06-10 18:00:00', '638', 129, 30, 26, NULL),
('2024-06-10 06:00:00', '2024-06-10 18:00:00', '640', 129, 31, 25, NULL),
('2024-06-10 06:00:00', '2024-06-10 18:00:00', '643', 129, 31, 25, NULL),
('2024-06-10 06:00:00', '2024-06-10 18:00:00', '646', 129, 31, 24, NULL),
('2024-06-10 06:00:00', '2024-06-10 18:00:00', '647', 129, 31, 25, NULL),
('2024-06-10 06:00:00', '2024-06-10 18:00:00', '648', 129, 31, 25, NULL),
('2024-06-10 06:00:00', '2024-06-10 18:00:00', '649', 129, 31, 25, NULL),
('2024-06-10 06:00:00', '2024-06-10 18:00:00', '651', 129, 31, 25, NULL),
('2024-06-10 06:00:00', '2024-06-10 18:00:00', '652', 129, 31, 26, NULL),
('2024-06-10 06:00:00', '2024-06-10 18:00:00', '653', 129, 30, 26, NULL),
('2024-06-10 06:00:00', '2024-06-10 18:00:00', '654', 129, 31, 26, NULL),
('2024-06-10 06:00:00', '2024-06-10 18:00:00', '655', 129, 31, 25, NULL),
('2024-06-10 06:00:00', '2024-06-10 18:00:00', '700', 43, 31, 26, NULL),
('2024-06-10 06:00:00', '2024-06-10 18:00:00', '701', 4, 31, 26, NULL),
('2024-06-10 06:00:00', '2024-06-10 18:00:00', '702', 129, 31, 26, NULL),
('2024-06-10 06:00:00', '2024-06-10 18:00:00', '704', 4, 31, 26, NULL),
('2024-06-10 06:00:00', '2024-06-10 18:00:00', '708', 43, 31, 27, NULL),
('2024-06-10 06:00:00', '2024-06-10 18:00:00', '709', 43, 31, 26, NULL),
('2024-06-10 06:00:00', '2024-06-10 18:00:00', '710', 43, 32, 26, NULL),
('2024-06-10 06:00:00', '2024-06-10 18:00:00', '711', 43, 32, 25, NULL),
('2024-06-10 06:00:00', '2024-06-10 18:00:00', '712', 43, 32, 25, NULL),
('2024-06-10 06:00:00', '2024-06-10 18:00:00', '713', 43, 32, 25, NULL),
('2024-06-10 06:00:00', '2024-06-10 18:00:00', '714', 43, 32, 25, NULL),
('2024-06-10 06:00:00', '2024-06-10 18:00:00', '715', 43, 31, 25, NULL),
('2024-06-10 06:00:00', '2024-06-10 18:00:00', '716', 43, 31, 25, NULL),
('2024-06-10 06:00:00', '2024-06-10 18:00:00', '717', 43, 31, 26, NULL),
('2024-06-10 06:00:00', '2024-06-10 18:00:00', '718', 43, 32, 25, NULL),
('2024-06-10 06:00:00', '2024-06-10 18:00:00', '719', 43, 31, 25, NULL),
('2024-06-10 06:00:00', '2024-06-10 18:00:00', '720', 43, 32, 26, NULL),
('2024-06-10 06:00:00', '2024-06-10 18:00:00', '721', 43, 32, 26, NULL),
('2024-06-10 06:00:00', '2024-06-10 18:00:00', '722', 43, 32, 26, NULL),
('2024-06-10 06:00:00', '2024-06-10 18:00:00', '723', 43, 32, 26, NULL),
('2024-06-10 06:00:00', '2024-06-10 18:00:00', '725', 43, 31, 26, NULL),
('2024-06-10 06:00:00', '2024-06-10 18:00:00', '726', 43, 31, 26, NULL),
('2024-06-10 06:00:00', '2024-06-10 18:00:00', '727', 43, 31, 26, NULL),
('2024-06-10 06:00:00', '2024-06-10 18:00:00', '730', 43, 32, 25, NULL),
('2024-06-10 06:00:00', '2024-06-10 18:00:00', '731', 43, 32, 25, NULL),
('2024-06-10 06:00:00', '2024-06-10 18:00:00', '732', 43, 31, 25, NULL),
('2024-06-10 06:00:00', '2024-06-10 18:00:00', '733', 43, 32, 25, NULL),
('2024-06-10 06:00:00', '2024-06-10 18:00:00', '734', 43, 31, 25, NULL),
('2024-06-10 06:00:00', '2024-06-10 18:00:00', '735', 43, 32, 26, NULL),
('2024-06-10 06:00:00', '2024-06-10 18:00:00', '736', 43, 32, 25, NULL),
('2024-06-10 06:00:00', '2024-06-10 18:00:00', '737', 43, 32, 25, NULL),
('2024-06-10 06:00:00', '2024-06-10 18:00:00', '741', 43, 32, 26, NULL),
('2024-06-10 06:00:00', '2024-06-10 18:00:00', '742', 43, 32, 26, NULL),
('2024-06-10 06:00:00', '2024-06-10 18:00:00', '743', 43, 32, 26, NULL),
('2024-06-10 06:00:00', '2024-06-10 18:00:00', '744', 43, 32, 26, NULL),
('2024-06-10 06:00:00', '2024-06-10 18:00:00', '745', 43, 32, 26, NULL),
('2024-06-10 06:00:00', '2024-06-10 18:00:00', '800', 43, 32, 27, NULL),
('2024-06-10 06:00:00', '2024-06-10 18:00:00', '801', 43, 31, 27, NULL),
('2024-06-10 06:00:00', '2024-06-10 18:00:00', '802', 43, 32, 27, NULL),
('2024-06-10 06:00:00', '2024-06-10 18:00:00', '803', 43, 31, 27, NULL),
('2024-06-10 06:00:00', '2024-06-10 18:00:00', '804', 43, 31, 27, NULL),
('2024-06-10 06:00:00', '2024-06-10 18:00:00', '805', 54, 31, 27, NULL),
('2024-06-10 06:00:00', '2024-06-10 18:00:00', '806', 62, 31, 27, NULL),
('2024-06-10 06:00:00', '2024-06-10 18:00:00', '807', 43, 31, 27, NULL),
('2024-06-10 06:00:00', '2024-06-10 18:00:00', '811', 43, 31, 26, NULL),
('2024-06-10 06:00:00', '2024-06-10 18:00:00', '812', 54, 32, 27, NULL),
('2024-06-10 06:00:00', '2024-06-10 18:00:00', '813', 43, 31, 26, NULL),
('2024-06-10 06:00:00', '2024-06-10 18:00:00', '814', 43, 32, 26, NULL),
('2024-06-10 06:00:00', '2024-06-10 18:00:00', '815', 43, 32, 26, NULL),
('2024-06-10 06:00:00', '2024-06-10 18:00:00', '820', 43, 32, 26, NULL),
('2024-06-10 06:00:00', '2024-06-10 18:00:00', '821', 43, 31, 26, NULL),
('2024-06-10 06:00:00', '2024-06-10 18:00:00', '822', 43, 31, 25, NULL),
('2024-06-10 06:00:00', '2024-06-10 18:00:00', '823', 43, 31, 25, NULL),
('2024-06-10 06:00:00', '2024-06-10 18:00:00', '824', 43, 32, 25, NULL),
('2024-06-10 06:00:00', '2024-06-10 18:00:00', '825', 43, 32, 26, NULL),
('2024-06-10 06:00:00', '2024-06-10 18:00:00', '826', 43, 31, 26, NULL),
('2024-06-10 06:00:00', '2024-06-10 18:00:00', '827', 43, 31, 27, NULL),
('2024-06-10 06:00:00', '2024-06-10 18:00:00', '828', 43, 31, 27, NULL),
('2024-06-10 06:00:00', '2024-06-10 18:00:00', '829', 43, 31, 26, NULL),
('2024-06-10 06:00:00', '2024-06-10 18:00:00', '830', 43, 32, 26, NULL),
('2024-06-10 06:00:00', '2024-06-10 18:00:00', '831', 54, 32, 26, NULL),
('2024-06-10 06:00:00', '2024-06-10 18:00:00', '832', 54, 32, 26, NULL),
('2024-06-10 06:00:00', '2024-06-10 18:00:00', '833', 43, 32, 26, NULL),
('2024-06-10 06:00:00', '2024-06-10 18:00:00', '840', 43, 32, 25, NULL),
('2024-06-10 06:00:00', '2024-06-10 18:00:00', '842', 43, 32, 25, NULL),
('2024-06-10 06:00:00', '2024-06-10 18:00:00', '843', 43, 32, 25, NULL),
('2024-06-10 06:00:00', '2024-06-10 18:00:00', '844', 43, 30, 23, NULL),
('2024-06-10 06:00:00', '2024-06-10 18:00:00', '845', 43, 32, 25, NULL),
('2024-06-10 06:00:00', '2024-06-10 18:00:00', '846', 43, 32, 25, NULL),
('2024-06-10 06:00:00', '2024-06-10 18:00:00', '847', 43, 30, 23, NULL),
('2024-06-10 06:00:00', '2024-06-10 18:00:00', '848', 43, 27, 21, NULL),
('2024-06-10 06:00:00', '2024-06-10 18:00:00', '849', 43, 25, 20, NULL),
('2024-06-10 06:00:00', '2024-06-10 18:00:00', '851', 43, 30, 24, NULL),
('2024-06-10 06:00:00', '2024-06-10 18:00:00', '852', 43, 31, 26, NULL),
('2024-06-10 06:00:00', '2024-06-10 18:00:00', '880', 43, 29, 26, NULL),
('2024-06-10 06:00:00', '2024-06-10 18:00:00', '881', 43, 28, 26, NULL),
('2024-06-10 06:00:00', '2024-06-10 18:00:00', '882', 43, 29, 26, NULL),
('2024-06-10 06:00:00', '2024-06-10 18:00:00', '883', 43, 29, 26, NULL),
('2024-06-10 06:00:00', '2024-06-10 18:00:00', '884', 4, 29, 26, NULL),
('2024-06-10 06:00:00', '2024-06-10 18:00:00', '885', 43, 29, 26, NULL),
('2024-06-10 06:00:00', '2024-06-10 18:00:00', '890', 4, 27, 24, NULL),
('2024-06-10 06:00:00', '2024-06-10 18:00:00', '891', 4, 27, 24, NULL),
('2024-06-10 06:00:00', '2024-06-10 18:00:00', '892', 4, 27, 24, NULL),
('2024-06-10 06:00:00', '2024-06-10 18:00:00', '893', 4, 27, 24, NULL),
('2024-06-10 06:00:00', '2024-06-10 18:00:00', '894', 4, 27, 24, NULL),
('2024-06-10 06:00:00', '2024-06-10 18:00:00', '896', 4, 28, 25, NULL),
('2024-06-10 06:00:00', '2024-06-10 18:00:00', '900', 62, 32, 26, NULL),
('2024-06-10 06:00:00', '2024-06-10 18:00:00', '902', 62, 29, 24, NULL),
('2024-06-10 06:00:00', '2024-06-10 18:00:00', '903', 62, 30, 25, NULL),
('2024-06-10 06:00:00', '2024-06-10 18:00:00', '904', 62, 32, 26, NULL),
('2024-06-10 06:00:00', '2024-06-10 18:00:00', '905', 43, 32, 25, NULL),
('2024-06-10 06:00:00', '2024-06-10 18:00:00', '906', 54, 31, 26, NULL),
('2024-06-10 06:00:00', '2024-06-10 18:00:00', '907', 62, 32, 26, NULL),
('2024-06-10 06:00:00', '2024-06-10 18:00:00', '908', 62, 33, 26, NULL),
('2024-06-10 06:00:00', '2024-06-10 18:00:00', '909', 62, 33, 26, NULL),
('2024-06-10 06:00:00', '2024-06-10 18:00:00', '911', 62, 32, 26, NULL),
('2024-06-10 06:00:00', '2024-06-10 18:00:00', '912', 62, 32, 26, NULL),
('2024-06-10 06:00:00', '2024-06-10 18:00:00', '913', 62, 32, 26, NULL),
('2024-06-10 06:00:00', '2024-06-10 18:00:00', '921', 62, 31, 25, NULL),
('2024-06-10 06:00:00', '2024-06-10 18:00:00', '922', 62, 31, 25, NULL),
('2024-06-10 06:00:00', '2024-06-10 18:00:00', '923', 62, 32, 26, NULL),
('2024-06-10 06:00:00', '2024-06-10 18:00:00', '924', 62, 32, 26, NULL),
('2024-06-10 06:00:00', '2024-06-10 18:00:00', '925', 62, 32, 26, NULL),
('2024-06-10 06:00:00', '2024-06-10 18:00:00', '926', 62, 31, 26, NULL),
('2024-06-10 06:00:00', '2024-06-10 18:00:00', '927', 62, 31, 26, NULL),
('2024-06-10 06:00:00', '2024-06-10 18:00:00', '928', 62, 31, 26, NULL),
('2024-06-10 06:00:00', '2024-06-10 18:00:00', '929', 71, 31, 27, NULL),
('2024-06-10 06:00:00', '2024-06-10 18:00:00', '931', 62, 31, 26, NULL),
('2024-06-10 06:00:00', '2024-06-10 18:00:00', '932', 62, 32, 26, NULL),
('2024-06-10 06:00:00', '2024-06-10 18:00:00', '940', 71, 31, 27, NULL),
('2024-06-10 06:00:00', '2024-06-10 18:00:00', '941', 71, 30, 26, NULL),
('2024-06-10 06:00:00', '2024-06-10 18:00:00', '942', 71, 31, 26, NULL),
('2024-06-10 06:00:00', '2024-06-10 18:00:00', '943', 71, 30, 26, NULL),
('2024-06-10 06:00:00', '2024-06-10 18:00:00', '944', 71, 31, 27, NULL),
('2024-06-10 06:00:00', '2024-06-10 18:00:00', '945', 71, 31, 26, NULL),
('2024-06-10 06:00:00', '2024-06-10 18:00:00', '947', 71, 30, 26, NULL),
('2024-06-10 06:00:00', '2024-06-10 18:00:00', '950', 43, 32, 26, NULL),
('2024-06-10 06:00:00', '2024-06-10 18:00:00', '951', 2, 31, 26, NULL),
('2024-06-10 06:00:00', '2024-06-10 18:00:00', '952', 4, 30, 27, NULL),
('2024-06-10 06:00:00', '2024-06-10 18:00:00', '953', 43, 32, 24, NULL),
('2024-06-10 06:00:00', '2024-06-10 18:00:00', '954', 43, 32, 25, NULL),
('2024-06-10 06:00:00', '2024-06-10 18:00:00', '955', 43, 33, 24, NULL),
('2024-06-10 06:00:00', '2024-06-10 18:00:00', '956', 43, 33, 24, NULL),
('2024-06-10 06:00:00', '2024-06-10 18:00:00', '957', 43, 31, 22, NULL),
('2024-06-10 06:00:00', '2024-06-10 18:00:00', '958', 43, 32, 23, NULL),
('2024-06-10 06:00:00', '2024-06-10 18:00:00', '959', 43, 32, 26, NULL),
('2024-06-10 06:00:00', '2024-06-10 18:00:00', '961', 43, 32, 26, NULL),
('2024-06-10 06:00:00', '2024-06-10 18:00:00', '962', 43, 32, 26, NULL),
('2024-06-10 06:00:00', '2024-06-10 18:00:00', '964', 43, 32, 24, NULL),
('2024-06-10 06:00:00', '2024-06-10 18:00:00', '965', 7, 32, 26, NULL),
('2024-06-10 06:00:00', '2024-06-10 18:00:00', '966', 7, 32, 26, NULL),
('2024-06-10 06:00:00', '2024-06-10 18:00:00', '970', 129, 30, 25, NULL),
('2024-06-10 06:00:00', '2024-06-10 18:00:00', '971', 129, 29, 25, NULL),
('2024-06-10 06:00:00', '2024-06-10 18:00:00', '972', 129, 28, 23, NULL),
('2024-06-10 06:00:00', '2024-06-10 18:00:00', '973', 129, 30, 25, NULL),
('2024-06-10 06:00:00', '2024-06-10 18:00:00', '974', 129, 30, 24, NULL),
('2024-06-10 06:00:00', '2024-06-10 18:00:00', '975', 129, 29, 24, NULL),
('2024-06-10 06:00:00', '2024-06-10 18:00:00', '976', 129, 30, 24, NULL),
('2024-06-10 06:00:00', '2024-06-10 18:00:00', '977', 4, 30, 24, NULL),
('2024-06-10 06:00:00', '2024-06-10 18:00:00', '978', 129, 33, 24, NULL),
('2024-06-10 06:00:00', '2024-06-10 18:00:00', '979', 129, 29, 24, NULL),
('2024-06-10 06:00:00', '2024-06-10 18:00:00', '981', 129, 33, 24, NULL),
('2024-06-10 06:00:00', '2024-06-10 18:00:00', '982', 129, 31, 22, NULL),
('2024-06-10 06:00:00', '2024-06-10 18:00:00', '983', 129, 32, 23, NULL),
('2024-06-10 18:00:00', '2024-06-11 06:00:00', '100', 4, 28, 25, NULL),
('2024-06-10 18:00:00', '2024-06-11 06:00:00', '103', 4, 29, 25, NULL),
('2024-06-10 18:00:00', '2024-06-11 06:00:00', '104', 4, 29, 25, NULL),
('2024-06-10 18:00:00', '2024-06-11 06:00:00', '105', 4, 28, 25, NULL),
('2024-06-10 18:00:00', '2024-06-11 06:00:00', '106', 4, 28, 26, NULL),
('2024-06-10 18:00:00', '2024-06-11 06:00:00', '108', 4, 29, 25, NULL),
('2024-06-10 18:00:00', '2024-06-11 06:00:00', '110', 4, 29, 25, NULL),
('2024-06-10 18:00:00', '2024-06-11 06:00:00', '111', 4, 29, 25, NULL),
('2024-06-10 18:00:00', '2024-06-11 06:00:00', '112', 4, 28, 25, NULL),
('2024-06-10 18:00:00', '2024-06-11 06:00:00', '114', 4, 28, 25, NULL),
('2024-06-10 18:00:00', '2024-06-11 06:00:00', '115', 4, 28, 24, NULL),
('2024-06-10 18:00:00', '2024-06-11 06:00:00', '116', 4, 28, 24, NULL),
('2024-06-10 18:00:00', '2024-06-11 06:00:00', '200', 4, 27, 24, NULL),
('2024-06-10 18:00:00', '2024-06-11 06:00:00', '204', 4, 27, 24, NULL),
('2024-06-10 18:00:00', '2024-06-11 06:00:00', '205', 4, 27, 24, NULL),
('2024-06-10 18:00:00', '2024-06-11 06:00:00', '206', 4, 27, 24, NULL),
('2024-06-10 18:00:00', '2024-06-11 06:00:00', '207', 4, 27, 24, NULL),
('2024-06-10 18:00:00', '2024-06-11 06:00:00', '208', 4, 27, 24, NULL),
('2024-06-10 18:00:00', '2024-06-11 06:00:00', '209', 62, 25, 23, NULL),
('2024-06-10 18:00:00', '2024-06-11 06:00:00', '210', 54, 25, 23, NULL),
('2024-06-10 18:00:00', '2024-06-11 06:00:00', '211', 7, 25, 24, NULL),
('2024-06-10 18:00:00', '2024-06-11 06:00:00', '212', 54, 25, 23, NULL),
('2024-06-10 18:00:00', '2024-06-11 06:00:00', '220', 4, 28, 25, NULL),
('2024-06-10 18:00:00', '2024-06-11 06:00:00', '221', 4, 27, 24, NULL),
('2024-06-10 18:00:00', '2024-06-11 06:00:00', '222', 4, 27, 23, NULL),
('2024-06-10 18:00:00', '2024-06-11 06:00:00', '223', 19, 26, 23, NULL),
('2024-06-10 18:00:00', '2024-06-11 06:00:00', '224', 10, 27, 24, NULL),
('2024-06-10 18:00:00', '2024-06-11 06:00:00', '226', 19, 25, 22, NULL),
('2024-06-10 18:00:00', '2024-06-11 06:00:00', '227', 19, 28, 24, NULL),
('2024-06-10 18:00:00', '2024-06-11 06:00:00', '228', 10, 27, 24, NULL),
('2024-06-10 18:00:00', '2024-06-11 06:00:00', '231', 4, 28, 24, NULL),
('2024-06-10 18:00:00', '2024-06-11 06:00:00', '232', 19, 26, 23, NULL),
('2024-06-10 18:00:00', '2024-06-11 06:00:00', '233', 4, 25, 22, NULL),
('2024-06-10 18:00:00', '2024-06-11 06:00:00', '234', 4, 28, 25, NULL),
('2024-06-10 18:00:00', '2024-06-11 06:00:00', '235', 4, 28, 25, NULL),
('2024-06-10 18:00:00', '2024-06-11 06:00:00', '236', 4, 28, 24, NULL),
('2024-06-10 18:00:00', '2024-06-11 06:00:00', '237', 4, 28, 24, NULL),
('2024-06-10 18:00:00', '2024-06-11 06:00:00', '238', 4, 28, 25, NULL),
('2024-06-10 18:00:00', '2024-06-11 06:00:00', '239', 4, 28, 24, NULL),
('2024-06-10 18:00:00', '2024-06-11 06:00:00', '241', 4, 29, 25, NULL),
('2024-06-10 18:00:00', '2024-06-11 06:00:00', '242', 4, 28, 25, NULL),
('2024-06-10 18:00:00', '2024-06-11 06:00:00', '243', 4, 29, 25, NULL),
('2024-06-10 18:00:00', '2024-06-11 06:00:00', '244', 4, 27, 24, NULL),
('2024-06-10 18:00:00', '2024-06-11 06:00:00', '247', 4, 29, 25, NULL),
('2024-06-10 18:00:00', '2024-06-11 06:00:00', '248', 4, 28, 25, NULL),
('2024-06-10 18:00:00', '2024-06-11 06:00:00', '249', 4, 28, 25, NULL),
('2024-06-10 18:00:00', '2024-06-11 06:00:00', '251', 4, 27, 25, NULL),
('2024-06-10 18:00:00', '2024-06-11 06:00:00', '252', 4, 27, 25, NULL),
('2024-06-10 18:00:00', '2024-06-11 06:00:00', '253', 4, 27, 25, NULL),
('2024-06-10 18:00:00', '2024-06-11 06:00:00', '302', 4, 28, 26, NULL),
('2024-06-10 18:00:00', '2024-06-11 06:00:00', '303', 4, 28, 25, NULL),
('2024-06-10 18:00:00', '2024-06-11 06:00:00', '304', 4, 28, 26, NULL),
('2024-06-10 18:00:00', '2024-06-11 06:00:00', '305', 4, 28, 25, NULL),
('2024-06-10 18:00:00', '2024-06-11 06:00:00', '306', 4, 27, 23, NULL),
('2024-06-10 18:00:00', '2024-06-11 06:00:00', '308', 4, 28, 25, NULL),
('2024-06-10 18:00:00', '2024-06-11 06:00:00', '310', 4, 28, 24, NULL),
('2024-06-10 18:00:00', '2024-06-11 06:00:00', '311', 4, 26, 22, NULL),
('2024-06-10 18:00:00', '2024-06-11 06:00:00', '312', 4, 27, 23, NULL),
('2024-06-10 18:00:00', '2024-06-11 06:00:00', '313', 4, 25, 21, NULL),
('2024-06-10 18:00:00', '2024-06-11 06:00:00', '314', 4, 28, 24, NULL),
('2024-06-10 18:00:00', '2024-06-11 06:00:00', '315', 4, 28, 25, NULL),
('2024-06-10 18:00:00', '2024-06-11 06:00:00', '320', 4, 28, 25, NULL),
('2024-06-10 18:00:00', '2024-06-11 06:00:00', '324', 4, 27, 25, NULL),
('2024-06-10 18:00:00', '2024-06-11 06:00:00', '325', 4, 26, 23, NULL),
('2024-06-10 18:00:00', '2024-06-11 06:00:00', '326', 4, 27, 24, NULL),
('2024-06-10 18:00:00', '2024-06-11 06:00:00', '327', 4, 27, 26, NULL),
('2024-06-10 18:00:00', '2024-06-11 06:00:00', '328', 4, 27, 26, NULL),
('2024-06-10 18:00:00', '2024-06-11 06:00:00', '330', 4, 28, 24, NULL),
('2024-06-10 18:00:00', '2024-06-11 06:00:00', '333', 4, 28, 24, NULL),
('2024-06-10 18:00:00', '2024-06-11 06:00:00', '334', 4, 27, 24, NULL),
('2024-06-10 18:00:00', '2024-06-11 06:00:00', '335', 4, 27, 24, NULL),
('2024-06-10 18:00:00', '2024-06-11 06:00:00', '336', 4, 25, 22, NULL),
('2024-06-10 18:00:00', '2024-06-11 06:00:00', '337', 4, 28, 26, NULL),
('2024-06-10 18:00:00', '2024-06-11 06:00:00', '338', 4, 28, 25, NULL),
('2024-06-10 18:00:00', '2024-06-11 06:00:00', '350', 4, 29, 26, NULL),
('2024-06-10 18:00:00', '2024-06-11 06:00:00', '351', 4, 29, 26, NULL),
('2024-06-10 18:00:00', '2024-06-11 06:00:00', '352', 4, 28, 25, NULL),
('2024-06-10 18:00:00', '2024-06-11 06:00:00', '353', 4, 27, 24, NULL),
('2024-06-10 18:00:00', '2024-06-11 06:00:00', '354', 4, 27, 24, NULL),
('2024-06-10 18:00:00', '2024-06-11 06:00:00', '356', 4, 28, 25, NULL),
('2024-06-10 18:00:00', '2024-06-11 06:00:00', '357', 4, 28, 25, NULL),
('2024-06-10 18:00:00', '2024-06-11 06:00:00', '358', 4, 28, 25, NULL),
('2024-06-10 18:00:00', '2024-06-11 06:00:00', '360', 4, 28, 25, NULL),
('2024-06-10 18:00:00', '2024-06-11 06:00:00', '361', 4, 29, 25, NULL),
('2024-06-10 18:00:00', '2024-06-11 06:00:00', '362', 4, 29, 25, NULL),
('2024-06-10 18:00:00', '2024-06-11 06:00:00', '363', 4, 28, 25, NULL),
('2024-06-10 18:00:00', '2024-06-11 06:00:00', '364', 10, 27, 24, NULL),
('2024-06-10 18:00:00', '2024-06-11 06:00:00', '365', 4, 25, 23, NULL),
('2024-06-10 18:00:00', '2024-06-11 06:00:00', '366', 4, 28, 25, NULL),
('2024-06-10 18:00:00', '2024-06-11 06:00:00', '367', 10, 27, 24, NULL),
('2024-06-10 18:00:00', '2024-06-11 06:00:00', '368', 4, 28, 25, NULL),
('2024-06-10 18:00:00', '2024-06-11 06:00:00', '369', 10, 27, 24, NULL),
('2024-06-10 18:00:00', '2024-06-11 06:00:00', '406', 10, 29, 26, NULL),
('2024-06-10 18:00:00', '2024-06-11 06:00:00', '407', 10, 29, 26, NULL),
('2024-06-10 18:00:00', '2024-06-11 06:00:00', '408', 10, 29, 26, NULL),
('2024-06-10 18:00:00', '2024-06-11 06:00:00', '411', 10, 29, 26, NULL),
('2024-06-10 18:00:00', '2024-06-11 06:00:00', '412', 10, 29, 26, NULL),
('2024-06-10 18:00:00', '2024-06-11 06:00:00', '413', 10, 28, 25, NULL),
('2024-06-10 18:00:00', '2024-06-11 06:00:00', '414', 10, 29, 26, NULL),
('2024-06-10 18:00:00', '2024-06-11 06:00:00', '420', 10, 28, 25, NULL),
('2024-06-10 18:00:00', '2024-06-11 06:00:00', '421', 10, 27, 25, NULL),
('2024-06-10 18:00:00', '2024-06-11 06:00:00', '422', 10, 27, 24, NULL),
('2024-06-10 18:00:00', '2024-06-11 06:00:00', '423', 10, 27, 24, NULL),
('2024-06-10 18:00:00', '2024-06-11 06:00:00', '424', 10, 25, 22, NULL),
('2024-06-10 18:00:00', '2024-06-11 06:00:00', '426', 10, 27, 24, NULL),
('2024-06-10 18:00:00', '2024-06-11 06:00:00', '427', 10, 28, 25, NULL),
('2024-06-10 18:00:00', '2024-06-11 06:00:00', '428', 10, 28, 25, NULL),
('2024-06-10 18:00:00', '2024-06-11 06:00:00', '429', 10, 28, 25, NULL),
('2024-06-10 18:00:00', '2024-06-11 06:00:00', '432', 10, 29, 26, NULL),
('2024-06-10 18:00:00', '2024-06-11 06:00:00', '433', 10, 28, 26, NULL),
('2024-06-10 18:00:00', '2024-06-11 06:00:00', '434', 10, 29, 26, NULL),
('2024-06-10 18:00:00', '2024-06-11 06:00:00', '435', 10, 28, 26, NULL),
('2024-06-10 18:00:00', '2024-06-11 06:00:00', '436', 10, 28, 26, NULL),
('2024-06-10 18:00:00', '2024-06-11 06:00:00', '437', 10, 27, 26, NULL),
('2024-06-10 18:00:00', '2024-06-11 06:00:00', '438', 10, 27, 25, NULL),
('2024-06-10 18:00:00', '2024-06-11 06:00:00', '500', 10, 29, 26, NULL),
('2024-06-10 18:00:00', '2024-06-11 06:00:00', '502', 10, 28, 25, NULL),
('2024-06-10 18:00:00', '2024-06-11 06:00:00', '503', 10, 29, 26, NULL),
('2024-06-10 18:00:00', '2024-06-11 06:00:00', '504', 10, 29, 26, NULL),
('2024-06-10 18:00:00', '2024-06-11 06:00:00', '505', 4, 29, 26, NULL),
('2024-06-10 18:00:00', '2024-06-11 06:00:00', '506', 10, 29, 26, NULL),
('2024-06-10 18:00:00', '2024-06-11 06:00:00', '507', 10, 29, 26, NULL),
('2024-06-10 18:00:00', '2024-06-11 06:00:00', '508', 10, 29, 26, NULL),
('2024-06-10 18:00:00', '2024-06-11 06:00:00', '509', 10, 29, 26, NULL),
('2024-06-10 18:00:00', '2024-06-11 06:00:00', '511', 10, 29, 26, NULL),
('2024-06-10 18:00:00', '2024-06-11 06:00:00', '512', 10, 29, 26, NULL),
('2024-06-10 18:00:00', '2024-06-11 06:00:00', '513', 10, 29, 26, NULL),
('2024-06-10 18:00:00', '2024-06-11 06:00:00', '514', 10, 29, 26, NULL),
('2024-06-10 18:00:00', '2024-06-11 06:00:00', '515', 10, 29, 26, NULL),
('2024-06-10 18:00:00', '2024-06-11 06:00:00', '516', 10, 29, 26, NULL),
('2024-06-10 18:00:00', '2024-06-11 06:00:00', '520', 10, 29, 26, NULL),
('2024-06-10 18:00:00', '2024-06-11 06:00:00', '521', 10, 29, 26, NULL),
('2024-06-10 18:00:00', '2024-06-11 06:00:00', '522', 10, 29, 26, NULL),
('2024-06-10 18:00:00', '2024-06-11 06:00:00', '523', 10, 29, 26, NULL),
('2024-06-10 18:00:00', '2024-06-11 06:00:00', '524', 10, 29, 26, NULL),
('2024-06-10 18:00:00', '2024-06-11 06:00:00', '525', 10, 29, 26, NULL),
('2024-06-10 18:00:00', '2024-06-11 06:00:00', '526', 10, 29, 26, NULL),
('2024-06-10 18:00:00', '2024-06-11 06:00:00', '527', 4, 29, 26, NULL),
('2024-06-10 18:00:00', '2024-06-11 06:00:00', '528', 43, 29, 26, NULL),
('2024-06-10 18:00:00', '2024-06-11 06:00:00', '530', 10, 29, 25, NULL),
('2024-06-10 18:00:00', '2024-06-11 06:00:00', '540', 10, 29, 25, NULL),
('2024-06-10 18:00:00', '2024-06-11 06:00:00', '541', 10, 28, 24, NULL),
('2024-06-10 18:00:00', '2024-06-11 06:00:00', '542', 10, 28, 25, NULL),
('2024-06-10 18:00:00', '2024-06-11 06:00:00', '544', 10, 27, 23, NULL),
('2024-06-10 18:00:00', '2024-06-11 06:00:00', '545', 10, 26, 23, NULL),
('2024-06-10 18:00:00', '2024-06-11 06:00:00', '546', 10, 22, 20, NULL),
('2024-06-10 18:00:00', '2024-06-11 06:00:00', '551', 10, 28, 24, NULL),
('2024-06-10 18:00:00', '2024-06-11 06:00:00', '552', 10, 27, 24, NULL),
('2024-06-10 18:00:00', '2024-06-11 06:00:00', '553', 10, 26, 23, NULL),
('2024-06-10 18:00:00', '2024-06-11 06:00:00', '555', 10, 24, 21, NULL),
('2024-06-10 18:00:00', '2024-06-11 06:00:00', '556', 10, 25, 22, NULL),
('2024-06-10 18:00:00', '2024-06-11 06:00:00', '557', 10, 28, 25, NULL),
('2024-06-10 18:00:00', '2024-06-11 06:00:00', '558', 10, 25, 22, NULL),
('2024-06-10 18:00:00', '2024-06-11 06:00:00', '602', 10, 27, 25, NULL),
('2024-06-10 18:00:00', '2024-06-11 06:00:00', '603', 10, 27, 24, NULL),
('2024-06-10 18:00:00', '2024-06-11 06:00:00', '604', 10, 27, 24, NULL),
('2024-06-10 18:00:00', '2024-06-11 06:00:00', '606', 10, 28, 25, NULL),
('2024-06-10 18:00:00', '2024-06-11 06:00:00', '607', 10, 27, 24, NULL),
('2024-06-10 18:00:00', '2024-06-11 06:00:00', '608', 10, 29, 25, NULL),
('2024-06-10 18:00:00', '2024-06-11 06:00:00', '611', 10, 29, 26, NULL),
('2024-06-10 18:00:00', '2024-06-11 06:00:00', '612', 10, 29, 25, NULL),
('2024-06-10 18:00:00', '2024-06-11 06:00:00', '613', 43, 29, 26, NULL),
('2024-06-10 18:00:00', '2024-06-11 06:00:00', '614', 43, 29, 27, NULL),
('2024-06-10 18:00:00', '2024-06-11 06:00:00', '615', 43, 29, 26, NULL),
('2024-06-10 18:00:00', '2024-06-11 06:00:00', '616', 10, 29, 26, NULL),
('2024-06-10 18:00:00', '2024-06-11 06:00:00', '621', 10, 29, 25, NULL),
('2024-06-10 18:00:00', '2024-06-11 06:00:00', '622', 10, 29, 25, NULL),
('2024-06-10 18:00:00', '2024-06-11 06:00:00', '623', 10, 29, 26, NULL),
('2024-06-10 18:00:00', '2024-06-11 06:00:00', '624', 43, 29, 26, NULL),
('2024-06-10 18:00:00', '2024-06-11 06:00:00', '625', 43, 29, 26, NULL),
('2024-06-10 18:00:00', '2024-06-11 06:00:00', '630', 10, 28, 25, NULL),
('2024-06-10 18:00:00', '2024-06-11 06:00:00', '631', 10, 29, 26, NULL),
('2024-06-10 18:00:00', '2024-06-11 06:00:00', '632', 10, 29, 26, NULL),
('2024-06-10 18:00:00', '2024-06-11 06:00:00', '633', 10, 29, 26, NULL),
('2024-06-10 18:00:00', '2024-06-11 06:00:00', '634', 10, 29, 26, NULL),
('2024-06-10 18:00:00', '2024-06-11 06:00:00', '635', 10, 29, 26, NULL),
('2024-06-10 18:00:00', '2024-06-11 06:00:00', '636', 43, 29, 26, NULL),
('2024-06-10 18:00:00', '2024-06-11 06:00:00', '637', 10, 29, 26, NULL),
('2024-06-10 18:00:00', '2024-06-11 06:00:00', '638', 10, 29, 26, NULL),
('2024-06-10 18:00:00', '2024-06-11 06:00:00', '640', 10, 29, 25, NULL),
('2024-06-10 18:00:00', '2024-06-11 06:00:00', '643', 10, 29, 25, NULL),
('2024-06-10 18:00:00', '2024-06-11 06:00:00', '646', 10, 28, 25, NULL),
('2024-06-10 18:00:00', '2024-06-11 06:00:00', '647', 10, 29, 25, NULL),
('2024-06-10 18:00:00', '2024-06-11 06:00:00', '648', 10, 29, 26, NULL),
('2024-06-10 18:00:00', '2024-06-11 06:00:00', '649', 10, 29, 26, NULL),
('2024-06-10 18:00:00', '2024-06-11 06:00:00', '651', 10, 29, 26, NULL),
('2024-06-10 18:00:00', '2024-06-11 06:00:00', '652', 43, 29, 26, NULL),
('2024-06-10 18:00:00', '2024-06-11 06:00:00', '653', 43, 29, 26, NULL),
('2024-06-10 18:00:00', '2024-06-11 06:00:00', '654', 43, 29, 26, NULL),
('2024-06-10 18:00:00', '2024-06-11 06:00:00', '655', 10, 29, 26, NULL),
('2024-06-10 18:00:00', '2024-06-11 06:00:00', '700', 54, 30, 27, NULL),
('2024-06-10 18:00:00', '2024-06-11 06:00:00', '701', 4, 29, 27, NULL),
('2024-06-10 18:00:00', '2024-06-11 06:00:00', '702', 10, 30, 27, NULL),
('2024-06-10 18:00:00', '2024-06-11 06:00:00', '704', 4, 30, 27, NULL),
('2024-06-10 18:00:00', '2024-06-11 06:00:00', '708', 54, 30, 27, NULL),
('2024-06-10 18:00:00', '2024-06-11 06:00:00', '709', 43, 30, 27, NULL),
('2024-06-10 18:00:00', '2024-06-11 06:00:00', '710', 43, 29, 26, NULL),
('2024-06-10 18:00:00', '2024-06-11 06:00:00', '711', 43, 29, 26, NULL),
('2024-06-10 18:00:00', '2024-06-11 06:00:00', '712', 43, 29, 26, NULL),
('2024-06-10 18:00:00', '2024-06-11 06:00:00', '713', 43, 29, 25, NULL),
('2024-06-10 18:00:00', '2024-06-11 06:00:00', '714', 43, 29, 25, NULL),
('2024-06-10 18:00:00', '2024-06-11 06:00:00', '715', 43, 28, 25, NULL),
('2024-06-10 18:00:00', '2024-06-11 06:00:00', '716', 43, 28, 24, NULL),
('2024-06-10 18:00:00', '2024-06-11 06:00:00', '717', 43, 29, 26, NULL),
('2024-06-10 18:00:00', '2024-06-11 06:00:00', '718', 43, 29, 25, NULL),
('2024-06-10 18:00:00', '2024-06-11 06:00:00', '719', 43, 29, 25, NULL),
('2024-06-10 18:00:00', '2024-06-11 06:00:00', '720', 43, 29, 26, NULL),
('2024-06-10 18:00:00', '2024-06-11 06:00:00', '721', 43, 29, 26, NULL),
('2024-06-10 18:00:00', '2024-06-11 06:00:00', '722', 43, 29, 26, NULL),
('2024-06-10 18:00:00', '2024-06-11 06:00:00', '723', 43, 30, 27, NULL),
('2024-06-10 18:00:00', '2024-06-11 06:00:00', '725', 43, 29, 26, NULL),
('2024-06-10 18:00:00', '2024-06-11 06:00:00', '726', 43, 29, 26, NULL),
('2024-06-10 18:00:00', '2024-06-11 06:00:00', '727', 54, 29, 27, NULL),
('2024-06-10 18:00:00', '2024-06-11 06:00:00', '730', 43, 29, 26, NULL),
('2024-06-10 18:00:00', '2024-06-11 06:00:00', '731', 43, 29, 25, NULL),
('2024-06-10 18:00:00', '2024-06-11 06:00:00', '732', 43, 29, 25, NULL),
('2024-06-10 18:00:00', '2024-06-11 06:00:00', '733', 43, 29, 25, NULL),
('2024-06-10 18:00:00', '2024-06-11 06:00:00', '734', 43, 29, 26, NULL),
('2024-06-10 18:00:00', '2024-06-11 06:00:00', '735', 43, 29, 26, NULL),
('2024-06-10 18:00:00', '2024-06-11 06:00:00', '736', 43, 29, 26, NULL),
('2024-06-10 18:00:00', '2024-06-11 06:00:00', '737', 43, 29, 26, NULL),
('2024-06-10 18:00:00', '2024-06-11 06:00:00', '741', 43, 29, 26, NULL),
('2024-06-10 18:00:00', '2024-06-11 06:00:00', '742', 43, 29, 26, NULL),
('2024-06-10 18:00:00', '2024-06-11 06:00:00', '743', 43, 29, 26, NULL),
('2024-06-10 18:00:00', '2024-06-11 06:00:00', '744', 43, 29, 26, NULL),
('2024-06-10 18:00:00', '2024-06-11 06:00:00', '745', 43, 30, 26, NULL),
('2024-06-10 18:00:00', '2024-06-11 06:00:00', '800', 54, 30, 27, NULL),
('2024-06-10 18:00:00', '2024-06-11 06:00:00', '801', 54, 30, 27, NULL),
('2024-06-10 18:00:00', '2024-06-11 06:00:00', '802', 54, 30, 27, NULL),
('2024-06-10 18:00:00', '2024-06-11 06:00:00', '803', 54, 30, 27, NULL),
('2024-06-10 18:00:00', '2024-06-11 06:00:00', '804', 54, 30, 27, NULL),
('2024-06-10 18:00:00', '2024-06-11 06:00:00', '805', 62, 29, 27, NULL),
('2024-06-10 18:00:00', '2024-06-11 06:00:00', '806', 54, 30, 27, NULL),
('2024-06-10 18:00:00', '2024-06-11 06:00:00', '807', 54, 30, 27, NULL),
('2024-06-10 18:00:00', '2024-06-11 06:00:00', '811', 54, 30, 26, NULL),
('2024-06-10 18:00:00', '2024-06-11 06:00:00', '812', 54, 30, 27, NULL),
('2024-06-10 18:00:00', '2024-06-11 06:00:00', '813', 54, 30, 27, NULL),
('2024-06-10 18:00:00', '2024-06-11 06:00:00', '814', 54, 30, 26, NULL),
('2024-06-10 18:00:00', '2024-06-11 06:00:00', '815', 54, 30, 26, NULL),
('2024-06-10 18:00:00', '2024-06-11 06:00:00', '820', 54, 30, 26, NULL),
('2024-06-10 18:00:00', '2024-06-11 06:00:00', '821', 54, 29, 26, NULL),
('2024-06-10 18:00:00', '2024-06-11 06:00:00', '822', 54, 29, 26, NULL),
('2024-06-10 18:00:00', '2024-06-11 06:00:00', '823', 43, 29, 25, NULL),
('2024-06-10 18:00:00', '2024-06-11 06:00:00', '824', 54, 29, 26, NULL),
('2024-06-10 18:00:00', '2024-06-11 06:00:00', '825', 54, 30, 26, NULL),
('2024-06-10 18:00:00', '2024-06-11 06:00:00', '826', 54, 29, 27, NULL),
('2024-06-10 18:00:00', '2024-06-11 06:00:00', '827', 62, 29, 27, NULL),
('2024-06-10 18:00:00', '2024-06-11 06:00:00', '828', 62, 29, 27, NULL),
('2024-06-10 18:00:00', '2024-06-11 06:00:00', '829', 54, 29, 26, NULL),
('2024-06-10 18:00:00', '2024-06-11 06:00:00', '830', 54, 30, 26, NULL),
('2024-06-10 18:00:00', '2024-06-11 06:00:00', '831', 54, 30, 26, NULL),
('2024-06-10 18:00:00', '2024-06-11 06:00:00', '832', 54, 30, 26, NULL),
('2024-06-10 18:00:00', '2024-06-11 06:00:00', '833', 54, 30, 26, NULL),
('2024-06-10 18:00:00', '2024-06-11 06:00:00', '840', 43, 30, 26, NULL),
('2024-06-10 18:00:00', '2024-06-11 06:00:00', '842', 43, 30, 26, NULL),
('2024-06-10 18:00:00', '2024-06-11 06:00:00', '843', 43, 29, 25, NULL),
('2024-06-10 18:00:00', '2024-06-11 06:00:00', '844', 43, 27, 23, NULL);
INSERT INTO `weather_forecast` (`Start_Time`, `End_Time`, `District_ID`, `Weather_Type_ID`, `MaxTemperature`, `MinTemperature`, `Remarks`) VALUES
('2024-06-10 18:00:00', '2024-06-11 06:00:00', '845', 43, 29, 25, NULL),
('2024-06-10 18:00:00', '2024-06-11 06:00:00', '846', 43, 29, 25, NULL),
('2024-06-10 18:00:00', '2024-06-11 06:00:00', '847', 43, 27, 23, NULL),
('2024-06-10 18:00:00', '2024-06-11 06:00:00', '848', 43, 24, 21, NULL),
('2024-06-10 18:00:00', '2024-06-11 06:00:00', '849', 43, 22, 20, NULL),
('2024-06-10 18:00:00', '2024-06-11 06:00:00', '851', 43, 27, 24, NULL),
('2024-06-10 18:00:00', '2024-06-11 06:00:00', '852', 54, 29, 27, NULL),
('2024-06-10 18:00:00', '2024-06-11 06:00:00', '880', 43, 27, 26, NULL),
('2024-06-10 18:00:00', '2024-06-11 06:00:00', '881', 43, 27, 26, NULL),
('2024-06-10 18:00:00', '2024-06-11 06:00:00', '882', 43, 27, 26, NULL),
('2024-06-10 18:00:00', '2024-06-11 06:00:00', '883', 43, 28, 26, NULL),
('2024-06-10 18:00:00', '2024-06-11 06:00:00', '884', 43, 27, 26, NULL),
('2024-06-10 18:00:00', '2024-06-11 06:00:00', '885', 43, 28, 26, NULL),
('2024-06-10 18:00:00', '2024-06-11 06:00:00', '890', 4, 25, 24, NULL),
('2024-06-10 18:00:00', '2024-06-11 06:00:00', '891', 4, 26, 24, NULL),
('2024-06-10 18:00:00', '2024-06-11 06:00:00', '892', 4, 26, 24, NULL),
('2024-06-10 18:00:00', '2024-06-11 06:00:00', '893', 4, 26, 24, NULL),
('2024-06-10 18:00:00', '2024-06-11 06:00:00', '894', 4, 26, 24, NULL),
('2024-06-10 18:00:00', '2024-06-11 06:00:00', '896', 4, 27, 25, NULL),
('2024-06-10 18:00:00', '2024-06-11 06:00:00', '900', 43, 30, 26, NULL),
('2024-06-10 18:00:00', '2024-06-11 06:00:00', '902', 43, 26, 24, NULL),
('2024-06-10 18:00:00', '2024-06-11 06:00:00', '903', 43, 28, 25, NULL),
('2024-06-10 18:00:00', '2024-06-11 06:00:00', '904', 43, 30, 26, NULL),
('2024-06-10 18:00:00', '2024-06-11 06:00:00', '905', 43, 29, 26, NULL),
('2024-06-10 18:00:00', '2024-06-11 06:00:00', '906', 43, 29, 26, NULL),
('2024-06-10 18:00:00', '2024-06-11 06:00:00', '907', 43, 29, 26, NULL),
('2024-06-10 18:00:00', '2024-06-11 06:00:00', '908', 43, 30, 26, NULL),
('2024-06-10 18:00:00', '2024-06-11 06:00:00', '909', 43, 30, 26, NULL),
('2024-06-10 18:00:00', '2024-06-11 06:00:00', '911', 54, 30, 26, NULL),
('2024-06-10 18:00:00', '2024-06-11 06:00:00', '912', 43, 30, 26, NULL),
('2024-06-10 18:00:00', '2024-06-11 06:00:00', '913', 54, 30, 26, NULL),
('2024-06-10 18:00:00', '2024-06-11 06:00:00', '921', 54, 29, 25, NULL),
('2024-06-10 18:00:00', '2024-06-11 06:00:00', '922', 54, 28, 25, NULL),
('2024-06-10 18:00:00', '2024-06-11 06:00:00', '923', 54, 29, 26, NULL),
('2024-06-10 18:00:00', '2024-06-11 06:00:00', '924', 54, 30, 26, NULL),
('2024-06-10 18:00:00', '2024-06-11 06:00:00', '925', 54, 30, 26, NULL),
('2024-06-10 18:00:00', '2024-06-11 06:00:00', '926', 54, 30, 26, NULL),
('2024-06-10 18:00:00', '2024-06-11 06:00:00', '927', 54, 29, 26, NULL),
('2024-06-10 18:00:00', '2024-06-11 06:00:00', '928', 54, 29, 26, NULL),
('2024-06-10 18:00:00', '2024-06-11 06:00:00', '929', 62, 29, 26, NULL),
('2024-06-10 18:00:00', '2024-06-11 06:00:00', '931', 54, 29, 26, NULL),
('2024-06-10 18:00:00', '2024-06-11 06:00:00', '932', 54, 30, 26, NULL),
('2024-06-10 18:00:00', '2024-06-11 06:00:00', '940', 62, 29, 26, NULL),
('2024-06-10 18:00:00', '2024-06-11 06:00:00', '941', 71, 28, 26, NULL),
('2024-06-10 18:00:00', '2024-06-11 06:00:00', '942', 62, 28, 25, NULL),
('2024-06-10 18:00:00', '2024-06-11 06:00:00', '943', 71, 28, 26, NULL),
('2024-06-10 18:00:00', '2024-06-11 06:00:00', '944', 71, 29, 26, NULL),
('2024-06-10 18:00:00', '2024-06-11 06:00:00', '945', 71, 28, 25, NULL),
('2024-06-10 18:00:00', '2024-06-11 06:00:00', '947', 71, 28, 26, NULL),
('2024-06-10 18:00:00', '2024-06-11 06:00:00', '950', 43, 29, 25, NULL),
('2024-06-10 18:00:00', '2024-06-11 06:00:00', '951', 4, 29, 26, NULL),
('2024-06-10 18:00:00', '2024-06-11 06:00:00', '952', 4, 27, 26, NULL),
('2024-06-10 18:00:00', '2024-06-11 06:00:00', '953', 43, 28, 23, NULL),
('2024-06-10 18:00:00', '2024-06-11 06:00:00', '954', 43, 29, 25, NULL),
('2024-06-10 18:00:00', '2024-06-11 06:00:00', '955', 43, 28, 24, NULL),
('2024-06-10 18:00:00', '2024-06-11 06:00:00', '956', 43, 29, 24, NULL),
('2024-06-10 18:00:00', '2024-06-11 06:00:00', '957', 43, 27, 23, NULL),
('2024-06-10 18:00:00', '2024-06-11 06:00:00', '958', 43, 28, 23, NULL),
('2024-06-10 18:00:00', '2024-06-11 06:00:00', '959', 43, 29, 26, NULL),
('2024-06-10 18:00:00', '2024-06-11 06:00:00', '961', 43, 29, 25, NULL),
('2024-06-10 18:00:00', '2024-06-11 06:00:00', '962', 4, 28, 25, NULL),
('2024-06-10 18:00:00', '2024-06-11 06:00:00', '964', 4, 28, 25, NULL),
('2024-06-10 18:00:00', '2024-06-11 06:00:00', '965', 6, 29, 26, NULL),
('2024-06-10 18:00:00', '2024-06-11 06:00:00', '966', 7, 29, 26, NULL),
('2024-06-10 18:00:00', '2024-06-11 06:00:00', '970', 10, 28, 25, NULL),
('2024-06-10 18:00:00', '2024-06-11 06:00:00', '971', 10, 27, 25, NULL),
('2024-06-10 18:00:00', '2024-06-11 06:00:00', '972', 10, 25, 23, NULL),
('2024-06-10 18:00:00', '2024-06-11 06:00:00', '973', 10, 28, 25, NULL),
('2024-06-10 18:00:00', '2024-06-11 06:00:00', '974', 10, 27, 24, NULL),
('2024-06-10 18:00:00', '2024-06-11 06:00:00', '975', 10, 26, 24, NULL),
('2024-06-10 18:00:00', '2024-06-11 06:00:00', '976', 10, 26, 23, NULL),
('2024-06-10 18:00:00', '2024-06-11 06:00:00', '977', 4, 27, 24, NULL),
('2024-06-10 18:00:00', '2024-06-11 06:00:00', '978', 10, 28, 24, NULL),
('2024-06-10 18:00:00', '2024-06-11 06:00:00', '979', 10, 26, 23, NULL),
('2024-06-10 18:00:00', '2024-06-11 06:00:00', '981', 10, 28, 24, NULL),
('2024-06-10 18:00:00', '2024-06-11 06:00:00', '982', 10, 27, 23, NULL),
('2024-06-10 18:00:00', '2024-06-11 06:00:00', '983', 10, 28, 23, NULL);

-- --------------------------------------------------------

--
-- 資料表結構 `weather_types`
--

CREATE TABLE `weather_types` (
  `Weather_Type_ID` int(11) NOT NULL,
  `Weather_Type` varchar(255) DEFAULT NULL
) ENGINE=InnoDB DEFAULT CHARSET=utf8mb4 COLLATE=utf8mb4_general_ci;

--
-- 傾印資料表的資料 `weather_types`
--

INSERT INTO `weather_types` (`Weather_Type_ID`, `Weather_Type`) VALUES
(1, '晴天'),
(2, '晴時多雲'),
(3, '多雲時晴'),
(4, '多雲'),
(5, '多雲時陰'),
(6, '陰時多雲'),
(7, '陰天'),
(8, '多雲陣雨'),
(9, '多雲短暫雨'),
(10, '多雲短暫陣雨'),
(11, '午後短暫陣雨'),
(12, '短暫陣雨'),
(13, '多雲時晴短暫陣雨'),
(14, '多雲時晴短暫雨'),
(15, '晴時多雲短暫陣雨'),
(16, '晴短暫陣雨'),
(17, '短暫雨'),
(18, '多雲時陰短暫雨'),
(19, '多雲時陰短暫陣雨'),
(20, '陰時多雲短暫雨'),
(21, '陰時多雲短暫陣雨'),
(22, '雨天'),
(23, '晴午後陰短暫雨'),
(24, '晴午後陰短暫陣雨'),
(25, '陰短暫雨'),
(26, '陰短暫陣雨'),
(27, '陰午後短暫陣雨'),
(28, '多雲時陰有雨'),
(29, '多雲時陰陣雨'),
(30, '晴時多雲陣雨'),
(31, '多雲時晴陣雨'),
(32, '陰時多雲有雨'),
(33, '陰時多雲有陣雨'),
(34, '陰時多雲陣雨'),
(35, '陰有雨'),
(36, '陰有陣雨'),
(37, '陰雨'),
(38, '陰陣雨'),
(39, '陣雨'),
(40, '午後陣雨'),
(41, '有雨'),
(42, '多雲陣雨或雷雨'),
(43, '多雲短暫陣雨或雷雨'),
(44, '多雲短暫雷陣雨'),
(45, '多雲雷陣雨'),
(46, '短暫陣雨或雷雨後多雲'),
(47, '短暫雷陣雨後多雲'),
(48, '短暫陣雨或雷雨'),
(49, '晴時多雲短暫陣雨或雷雨'),
(50, '晴短暫陣雨或雷雨'),
(51, '多雲時晴短暫陣雨或雷雨'),
(52, '午後短暫雷陣雨'),
(53, '多雲時陰陣雨或雷雨'),
(54, '多雲時陰短暫陣雨或雷雨'),
(55, '多雲時陰短暫雷陣雨'),
(56, '多雲時陰雷陣雨'),
(57, '晴陣雨或雷雨'),
(58, '晴時多雲陣雨或雷雨'),
(59, '多雲時晴陣雨或雷雨'),
(60, '陰時多雲有雷陣雨'),
(61, '陰時多雲陣雨或雷雨'),
(62, '陰時多雲短暫陣雨或雷雨'),
(63, '陰時多雲短暫雷陣雨'),
(64, '陰時多雲雷陣雨'),
(65, '陰有陣雨或雷雨'),
(66, '陰有雷陣雨'),
(67, '陰陣雨或雷雨'),
(68, '陰雷陣雨'),
(69, '晴午後陰短暫陣雨或雷雨'),
(70, '晴午後陰短暫雷陣雨'),
(71, '陰短暫陣雨或雷雨'),
(72, '陰短暫雷陣雨'),
(73, '雷雨'),
(74, '陣雨或雷雨後多雲'),
(75, '陰陣雨或雷雨後多雲'),
(76, '陰短暫陣雨或雷雨後多雲'),
(77, '陰短暫雷陣雨後多雲'),
(78, '陰雷陣雨後多雲'),
(79, '雷陣雨後多雲'),
(80, '陣雨或雷雨'),
(81, '雷陣雨'),
(82, '午後雷陣雨'),
(83, '晴午後多雲局部雨'),
(84, '晴午後多雲局部陣雨'),
(85, '晴午後多雲局部短暫雨'),
(86, '晴午後多雲局部短暫陣雨'),
(87, '晴午後多雲短暫雨'),
(88, '晴午後多雲短暫陣雨'),
(89, '晴午後局部雨'),
(90, '晴午後局部陣雨'),
(91, '晴午後局部短暫雨'),
(92, '晴午後局部短暫陣雨'),
(93, '晴午後陣雨'),
(94, '晴午後短暫雨'),
(95, '晴午後短暫陣雨'),
(96, '晴時多雲午後短暫陣雨'),
(97, '多雲午後局部雨'),
(98, '多雲午後局部陣雨'),
(99, '多雲午後局部短暫雨'),
(100, '多雲午後局部短暫陣雨'),
(101, '多雲午後陣雨'),
(102, '多雲午後短暫雨'),
(103, '多雲午後短暫陣雨'),
(104, '多雲時陰午後短暫陣雨'),
(105, '陰時多雲午後短暫陣雨'),
(106, '多雲時晴午後短暫陣雨'),
(107, '晴午後多雲陣雨或雷雨'),
(108, '晴午後多雲雷陣雨'),
(109, '晴午後陣雨或雷雨'),
(110, '晴午後雷陣雨'),
(111, '晴午後多雲局部陣雨或雷雨'),
(112, '晴午後多雲局部短暫陣雨或雷雨'),
(113, '晴午後多雲局部短暫雷陣雨'),
(114, '晴午後多雲局部雷陣雨'),
(115, '晴午後多雲短暫陣雨或雷雨'),
(116, '晴午後多雲短暫雷陣雨'),
(117, '晴午後局部短暫雷陣雨'),
(118, '晴午後局部雷陣雨'),
(119, '晴午後短暫雷陣雨'),
(120, '晴雷陣雨'),
(121, '晴時多雲雷陣雨'),
(122, '晴時多雲午後短暫雷陣雨'),
(123, '多雲午後局部陣雨或雷雨'),
(124, '多雲午後局部短暫陣雨或雷雨'),
(125, '多雲午後局部短暫雷陣雨'),
(126, '多雲午後局部雷陣雨'),
(127, '多雲午後陣雨或雷雨'),
(128, '多雲午後短暫陣雨或雷雨'),
(129, '多雲午後短暫雷陣雨'),
(130, '多雲午後雷陣雨'),
(131, '多雲時晴雷陣雨'),
(132, '多雲時晴午後短暫雷陣雨'),
(133, '多雲時陰午後短暫雷陣雨'),
(134, '陰時多雲午後短暫雷陣雨'),
(135, '陰午後短暫雷陣雨'),
(136, '多雲局部陣雨或雪'),
(137, '多雲時陰有雨或雪'),
(138, '多雲時陰短暫雨或雪'),
(139, '多雲短暫雨或雪'),
(140, '陰有雨或雪'),
(141, '陰時多雲有雨或雪'),
(142, '陰時多雲短暫雨或雪'),
(143, '陰短暫雨或雪'),
(144, '多雲時陰有雪'),
(145, '多雲時陰短暫雪'),
(146, '多雲短暫雪'),
(147, '陰有雪'),
(148, '陰時多雲有雪'),
(149, '陰時多雲短暫雪'),
(150, '陰短暫雪'),
(151, '有雨或雪'),
(152, '有雨或短暫雪'),
(153, '陰有雨或短暫雪'),
(154, '陰時多雲有雨或短暫雪'),
(155, '多雲時陰有雨或短暫雪'),
(156, '多雲有雨或短暫雪'),
(157, '多雲有雨或雪'),
(158, '多雲時晴有雨或雪'),
(159, '晴時多雲有雨或雪'),
(160, '晴有雨或雪'),
(161, '短暫雨或雪'),
(162, '多雲時晴短暫雨或雪'),
(163, '晴時多雲短暫雨或雪'),
(164, '晴短暫雨或雪'),
(165, '有雪'),
(166, '多雲有雪'),
(167, '多雲時晴有雪'),
(168, '晴時多雲有雪'),
(169, '晴有雪'),
(170, '短暫雪'),
(171, '多雲時晴短暫雪'),
(172, '晴時多雲短暫雪'),
(173, '晴短暫雪'),
(174, '晴有霧'),
(175, '晴晨霧'),
(176, '晴時多雲有霧'),
(177, '晴時多雲晨霧'),
(178, '多雲時晴有霧'),
(179, '多雲時晴晨霧'),
(180, '多雲有霧'),
(181, '多雲晨霧'),
(182, '有霧'),
(183, '晨霧'),
(184, '陰有霧'),
(185, '陰晨霧'),
(186, '多雲時陰有霧'),
(187, '多雲時陰晨霧'),
(188, '陰時多雲有霧'),
(189, '陰時多雲晨霧'),
(190, '多雲局部雨'),
(191, '多雲局部陣雨'),
(192, '多雲局部短暫雨'),
(193, '多雲局部短暫陣雨'),
(194, '多雲時陰局部雨'),
(195, '多雲時陰局部陣雨'),
(196, '多雲時陰局部短暫雨'),
(197, '多雲時陰局部短暫陣雨'),
(198, '晴午後陰局部雨'),
(199, '晴午後陰局部陣雨'),
(200, '晴午後陰局部短暫雨'),
(201, '晴午後陰局部短暫陣雨'),
(202, '陰局部雨'),
(203, '陰局部陣雨'),
(204, '陰局部短暫雨'),
(205, '陰局部短暫陣雨'),
(206, '陰時多雲局部雨'),
(207, '陰時多雲局部陣雨'),
(208, '陰時多雲局部短暫雨'),
(209, '陰時多雲局部短暫陣雨'),
(210, '多雲有霧有局部雨'),
(211, '多雲有霧有局部陣雨'),
(212, '多雲有霧有局部短暫雨'),
(213, '多雲有霧有局部短暫陣雨'),
(214, '多雲有霧有陣雨'),
(215, '多雲有霧有短暫雨'),
(216, '多雲有霧有短暫陣雨'),
(217, '多雲局部雨有霧'),
(218, '多雲局部雨晨霧'),
(219, '多雲局部陣雨有霧'),
(220, '多雲局部陣雨晨霧'),
(221, '多雲局部短暫雨有霧'),
(222, '多雲局部短暫雨晨霧'),
(223, '多雲局部短暫陣雨有霧'),
(224, '多雲局部短暫陣雨晨霧'),
(225, '多雲陣雨有霧'),
(226, '多雲短暫雨有霧'),
(227, '多雲短暫雨晨霧'),
(228, '多雲短暫陣雨有霧'),
(229, '多雲短暫陣雨晨霧'),
(230, '有霧有短暫雨'),
(231, '有霧有短暫陣雨'),
(232, '多雲時陰有霧有局部雨'),
(233, '多雲時陰有霧有局部陣雨'),
(234, '多雲時陰有霧有局部短暫雨'),
(235, '多雲時陰有霧有局部短暫陣雨'),
(236, '多雲時陰有霧有陣雨'),
(237, '多雲時陰有霧有短暫雨'),
(238, '多雲時陰有霧有短暫陣雨'),
(239, '多雲時陰局部雨有霧'),
(240, '多雲時陰局部陣雨有霧'),
(241, '多雲時陰局部短暫雨有霧'),
(242, '多雲時陰局部短暫陣雨有霧'),
(243, '多雲時陰陣雨有霧'),
(244, '多雲時陰短暫雨有霧'),
(245, '多雲時陰短暫雨晨霧'),
(246, '多雲時陰短暫陣雨有霧'),
(247, '多雲時陰短暫陣雨晨霧'),
(248, '陰有霧有陣雨'),
(249, '陰局部雨有霧'),
(250, '陰局部陣雨有霧'),
(251, '陰局部短暫陣雨有霧'),
(252, '陰時多雲有霧有局部雨'),
(253, '陰時多雲有霧有局部陣雨'),
(254, '陰時多雲有霧有局部短暫雨'),
(255, '陰時多雲有霧有局部短暫陣雨'),
(256, '陰時多雲有霧有陣雨'),
(257, '陰時多雲有霧有短暫雨'),
(258, '陰時多雲有霧有短暫陣雨'),
(259, '陰時多雲局部雨有霧'),
(260, '陰時多雲局部陣雨有霧'),
(261, '陰時多雲局部短暫雨有霧'),
(262, '陰時多雲局部短暫陣雨有霧'),
(263, '陰時多雲陣雨有霧'),
(264, '陰時多雲短暫雨有霧'),
(265, '陰時多雲短暫雨晨霧'),
(266, '陰時多雲短暫陣雨有霧'),
(267, '陰時多雲短暫陣雨晨霧'),
(268, '陰陣雨有霧'),
(269, '陰短暫雨有霧'),
(270, '陰短暫雨晨霧'),
(271, '陰短暫陣雨有霧'),
(272, '陰短暫陣雨晨霧'),
(273, '多雲局部陣雨或雷雨'),
(274, '多雲局部短暫陣雨或雷雨'),
(275, '多雲局部短暫雷陣雨'),
(276, '多雲局部雷陣雨'),
(277, '多雲時陰局部陣雨或雷雨'),
(278, '多雲時陰局部短暫陣雨或雷雨'),
(279, '多雲時陰局部短暫雷陣雨'),
(280, '多雲時陰局部雷陣雨'),
(281, '晴午後陰局部陣雨或雷雨'),
(282, '晴午後陰局部短暫陣雨或雷雨'),
(283, '晴午後陰局部短暫雷陣雨'),
(284, '晴午後陰局部雷陣雨'),
(285, '陰局部陣雨或雷雨'),
(286, '陰局部短暫陣雨或雷雨'),
(287, '陰局部短暫雷陣雨'),
(288, '陰局部雷陣雨'),
(289, '陰時多雲局部陣雨或雷雨'),
(290, '陰時多雲局部短暫陣雨或雷雨'),
(291, '陰時多雲局部短暫雷陣雨'),
(292, '陰時多雲局部雷陣雨'),
(293, '多雲有陣雨或雷雨有霧'),
(294, '多雲有雷陣雨有霧'),
(295, '多雲有霧有陣雨或雷雨'),
(296, '多雲有霧有雷陣雨'),
(297, '多雲局部陣雨或雷雨有霧'),
(298, '多雲局部短暫陣雨或雷雨有霧'),
(299, '多雲局部短暫雷陣雨有霧'),
(300, '多雲局部雷陣雨有霧'),
(301, '多雲陣雨或雷雨有霧'),
(302, '多雲短暫陣雨或雷雨有霧'),
(303, '多雲短暫雷陣雨有霧'),
(304, '多雲雷陣雨有霧'),
(305, '多雲時晴短暫陣雨或雷雨有霧'),
(306, '多雲時陰有陣雨或雷雨有霧'),
(307, '多雲時陰有雷陣雨有霧'),
(308, '多雲時陰有霧有陣雨或雷雨'),
(309, '多雲時陰有霧有雷陣雨'),
(310, '多雲時陰局部陣雨或雷雨有霧'),
(311, '多雲時陰局部短暫陣雨或雷雨有霧'),
(312, '多雲時陰局部短暫雷陣雨有霧'),
(313, '多雲時陰局部雷陣雨有霧'),
(314, '多雲時陰陣雨或雷雨有霧'),
(315, '多雲時陰短暫陣雨或雷雨有霧'),
(316, '多雲時陰短暫雷陣雨有霧'),
(317, '多雲時陰雷陣雨有霧'),
(318, '陰局部陣雨或雷雨有霧'),
(319, '陰局部短暫陣雨或雷雨有霧'),
(320, '陰局部短暫雷陣雨有霧'),
(321, '陰局部雷陣雨有霧'),
(322, '陰時多雲有陣雨或雷雨有霧'),
(323, '陰時多雲有雷陣雨有霧'),
(324, '陰時多雲有霧有陣雨或雷雨'),
(325, '陰時多雲有霧有雷陣雨'),
(326, '陰時多雲局部陣雨或雷雨有霧'),
(327, '陰時多雲局部短暫陣雨或雷雨有霧'),
(328, '陰時多雲局部短暫雷陣雨有霧'),
(329, '陰時多雲局部雷陣雨有霧'),
(330, '陰時多雲陣雨或雷雨有霧'),
(331, '陰時多雲短暫陣雨或雷雨有霧'),
(332, '陰時多雲短暫雷陣雨有霧'),
(333, '陰時多雲雷陣雨有霧'),
(334, '陰短暫陣雨或雷雨有霧'),
(335, '陰短暫雷陣雨有霧'),
(336, '雷陣雨有霧'),
(337, '多雲局部雨或雪有霧'),
(338, '多雲時陰局部雨或雪有霧'),
(339, '陰時多雲局部雨或雪有霧'),
(340, '陰局部雨或雪有霧'),
(341, '短暫雨或雪有霧'),
(342, '有雨或雪有霧'),
(343, '短暫陣雨有霧'),
(344, '短暫陣雨晨霧'),
(345, '短暫雨有霧'),
(346, '短暫雨晨霧'),
(347, '有雨有霧'),
(348, '陣雨有霧'),
(349, '短暫陣雨或雷雨有霧'),
(350, '陣雨或雷雨有霧'),
(351, '下雪'),
(352, '積冰'),
(353, '暴風雪');

--
-- 已傾印資料表的索引
--

--
-- 資料表索引 `city`
--
ALTER TABLE `city`
  ADD PRIMARY KEY (`City_ID`);

--
-- 資料表索引 `district`
--
ALTER TABLE `district`
  ADD PRIMARY KEY (`District_ID`);

--
-- 資料表索引 `gender`
--
ALTER TABLE `gender`
  ADD PRIMARY KEY (`Gender_ID`);

--
-- 資料表索引 `latest_news_categories_table`
--
ALTER TABLE `latest_news_categories_table`
  ADD PRIMARY KEY (`Category_ID`);

--
-- 資料表索引 `location_info`
--
ALTER TABLE `location_info`
  ADD PRIMARY KEY (`id`),
  ADD KEY `fk_district` (`District_ID`),
  ADD KEY `fk_type` (`Type_ID`);

--
-- 資料表索引 `news`
--
ALTER TABLE `news`
  ADD PRIMARY KEY (`News_ID`),
  ADD KEY `Category_ID` (`Category_ID`);

--
-- 資料表索引 `trail`
--
ALTER TABLE `trail`
  ADD PRIMARY KEY (`TRAILID`,`TR_ID`,`City_ID`,`District_ID`),
  ADD KEY `TR_ID` (`TR_ID`),
  ADD KEY `City_ID` (`City_ID`),
  ADD KEY `District_ID` (`District_ID`);

--
-- 資料表索引 `tr_admin`
--
ALTER TABLE `tr_admin`
  ADD PRIMARY KEY (`TR_ID`);

--
-- 資料表索引 `tr_info`
--
ALTER TABLE `tr_info`
  ADD PRIMARY KEY (`TRAILID`),
  ADD KEY `TR_ID` (`TR_ID`);

--
-- 資料表索引 `type`
--
ALTER TABLE `type`
  ADD PRIMARY KEY (`Type_ID`);

--
-- 資料表索引 `user`
--
ALTER TABLE `user`
  ADD PRIMARY KEY (`User_ID`);

--
-- 資料表索引 `user_line`
--
ALTER TABLE `user_line`
  ADD PRIMARY KEY (`Line_ID`),
  ADD KEY `line_user` (`User_ID`);

--
-- 資料表索引 `user_note`
--
ALTER TABLE `user_note`
  ADD PRIMARY KEY (`Note_ID`),
  ADD KEY `note_user` (`User_ID`);

--
-- 資料表索引 `weather_forecast`
--
ALTER TABLE `weather_forecast`
  ADD PRIMARY KEY (`Start_Time`,`End_Time`,`District_ID`),
  ADD KEY `Weather_Type_ID` (`Weather_Type_ID`),
  ADD KEY `District_ID` (`District_ID`);

--
-- 資料表索引 `weather_types`
--
ALTER TABLE `weather_types`
  ADD PRIMARY KEY (`Weather_Type_ID`);

--
-- 在傾印的資料表使用自動遞增(AUTO_INCREMENT)
--

--
-- 使用資料表自動遞增(AUTO_INCREMENT) `location_info`
--
ALTER TABLE `location_info`
  MODIFY `id` int(11) NOT NULL AUTO_INCREMENT, AUTO_INCREMENT=62;

--
-- 使用資料表自動遞增(AUTO_INCREMENT) `user`
--
ALTER TABLE `user`
  MODIFY `User_ID` int(11) NOT NULL AUTO_INCREMENT, AUTO_INCREMENT=3;

--
-- 已傾印資料表的限制式
--

--
-- 資料表的限制式 `location_info`
--
ALTER TABLE `location_info`
  ADD CONSTRAINT `fk_district` FOREIGN KEY (`District_ID`) REFERENCES `district` (`District_ID`),
  ADD CONSTRAINT `fk_type` FOREIGN KEY (`Type_ID`) REFERENCES `type` (`Type_ID`);

--
-- 資料表的限制式 `news`
--
ALTER TABLE `news`
  ADD CONSTRAINT `news_ibfk_1` FOREIGN KEY (`Category_ID`) REFERENCES `latest_news_categories_table` (`Category_ID`);

--
-- 資料表的限制式 `trail`
--
ALTER TABLE `trail`
  ADD CONSTRAINT `trail_ibfk_1` FOREIGN KEY (`TR_ID`) REFERENCES `tr_admin` (`TR_ID`),
  ADD CONSTRAINT `trail_ibfk_2` FOREIGN KEY (`City_ID`) REFERENCES `city` (`City_ID`),
  ADD CONSTRAINT `trail_ibfk_3` FOREIGN KEY (`District_ID`) REFERENCES `district` (`District_ID`);

--
-- 資料表的限制式 `tr_info`
--
ALTER TABLE `tr_info`
  ADD CONSTRAINT `tr_info_ibfk_1` FOREIGN KEY (`TRAILID`) REFERENCES `trail` (`TRAILID`),
  ADD CONSTRAINT `tr_info_ibfk_2` FOREIGN KEY (`TR_ID`) REFERENCES `tr_admin` (`TR_ID`);

--
-- 資料表的限制式 `user_line`
--
ALTER TABLE `user_line`
  ADD CONSTRAINT `line_user` FOREIGN KEY (`User_ID`) REFERENCES `user` (`User_ID`);

--
-- 資料表的限制式 `user_note`
--
ALTER TABLE `user_note`
  ADD CONSTRAINT `note_user` FOREIGN KEY (`User_ID`) REFERENCES `user` (`User_ID`);

--
-- 資料表的限制式 `weather_forecast`
--
ALTER TABLE `weather_forecast`
  ADD CONSTRAINT `weather_forecast_ibfk_1` FOREIGN KEY (`Weather_Type_ID`) REFERENCES `weather_types` (`Weather_Type_ID`),
  ADD CONSTRAINT `weather_forecast_ibfk_2` FOREIGN KEY (`District_ID`) REFERENCES `district` (`District_ID`);
COMMIT;

/*!40101 SET CHARACTER_SET_CLIENT=@OLD_CHARACTER_SET_CLIENT */;
/*!40101 SET CHARACTER_SET_RESULTS=@OLD_CHARACTER_SET_RESULTS */;
/*!40101 SET COLLATION_CONNECTION=@OLD_COLLATION_CONNECTION */;
