-- phpMyAdmin SQL Dump
-- version 5.2.1
-- https://www.phpmyadmin.net/
--
-- 主機： localhost
-- 產生時間： 2024 年 06 月 03 日 20:34
-- 伺服器版本： 10.4.28-MariaDB
-- PHP 版本： 8.2.4

SET SQL_MODE = "NO_AUTO_VALUE_ON_ZERO";
START TRANSACTION;
SET time_zone = "+00:00";


/*!40101 SET @OLD_CHARACTER_SET_CLIENT=@@CHARACTER_SET_CLIENT */;
/*!40101 SET @OLD_CHARACTER_SET_RESULTS=@@CHARACTER_SET_RESULTS */;
/*!40101 SET @OLD_COLLATION_CONNECTION=@@COLLATION_CONNECTION */;
/*!40101 SET NAMES utf8mb4 */;

--
-- 資料庫： `20240605`
--

-- --------------------------------------------------------

--
-- 資料表結構 `city`
--

CREATE TABLE `city` (
  `City_ID` varchar(3) NOT NULL,
  `City` varchar(4) NOT NULL
) ENGINE=InnoDB DEFAULT CHARSET=utf8mb4 COLLATE=utf8mb4_general_ci;

--
-- 傾印資料表的資料 `city`
--

INSERT INTO `city` (`City_ID`, `City`) VALUES
('01', '基隆市'),
('02', '台北市'),
('03', '新北市'),
('04', '桃園市'),
('05', '新竹市'),
('06', '新竹縣'),
('07', '苗栗縣'),
('08', '台中市'),
('09', '彰化縣'),
('10', '南投縣'),
('11', '雲林縣'),
('12', '嘉義市'),
('13', '嘉義縣'),
('14', '台南市'),
('15', '高雄市'),
('16', '屏東縣'),
('17', '台東縣'),
('18', '花蓮縣'),
('19', '宜蘭縣'),
('20', '澎湖縣'),
('21', '金門縣'),
('22', '連江縣');

-- --------------------------------------------------------

--
-- 資料表結構 `district`
--

CREATE TABLE `district` (
  `District_ID` varchar(4) NOT NULL,
  `City_ID` varchar(3) NOT NULL,
  `District` varchar(6) NOT NULL
) ENGINE=InnoDB DEFAULT CHARSET=utf8mb4 COLLATE=utf8mb4_general_ci;

--
-- 傾印資料表的資料 `district`
--

INSERT INTO `district` (`District_ID`, `City_ID`, `District`) VALUES
('100', '02', '中正區'),
('103', '02', '大同區'),
('104', '02', '中山區'),
('105', '02', '松山區'),
('106', '02', '大安區'),
('108', '02', '萬華區'),
('110', '02', '信義區'),
('111', '02', '士林區'),
('112', '02', '北投區'),
('114', '02', '內湖區'),
('115', '02', '南港區'),
('116', '02', '文山區'),
('200', '01', '仁愛區'),
('201', '01', '信義區'),
('202', '01', '中正區'),
('203', '01', '中山區'),
('204', '01', '安樂區'),
('205', '01', '暖暖區'),
('206', '01', '七堵區'),
('207', '03', '萬里區'),
('208', '03', '金山區'),
('209', '22', '南竿鄉'),
('210', '22', '北竿鄉'),
('211', '22', '莒光鄉'),
('212', '22', '東引鄉'),
('220', '03', '板橋區'),
('221', '03', '汐止區'),
('222', '03', '深坑區'),
('223', '03', '石碇區'),
('224', '03', '瑞芳區'),
('226', '03', '平溪區'),
('227', '03', '雙溪區'),
('228', '03', '貢寮區'),
('231', '03', '新店區'),
('232', '03', '坪林區'),
('233', '03', '烏來區'),
('234', '03', '永和區'),
('235', '03', '中和區'),
('236', '03', '土城區'),
('237', '03', '三峽區'),
('238', '03', '樹林區'),
('239', '03', '鶯歌區'),
('241', '03', '三重區'),
('242', '03', '新莊區'),
('243', '03', '泰山區'),
('244', '03', '林口區'),
('247', '03', '蘆洲區'),
('248', '03', '五股區'),
('249', '03', '八里區'),
('251', '03', '淡水區'),
('252', '03', '三芝區'),
('253', '03', '石門區'),
('260', '19', '宜蘭市'),
('261', '19', '頭城鎮'),
('262', '19', '礁溪鄉'),
('263', '19', '壯圍鄉'),
('264', '19', '員山鄉'),
('265', '19', '羅東鎮'),
('266', '19', '三星鄉'),
('267', '19', '大同鄉'),
('268', '19', '五結鄉'),
('269', '19', '冬山鄉'),
('270', '19', '蘇澳鎮'),
('272', '19', '南澳鎮'),
('290', '19', '釣魚臺列嶼'),
('300', '05', '新竹市'),
('302', '06', '竹北市'),
('303', '06', '湖口鄉'),
('304', '06', '新豐鄉'),
('305', '06', '新埔鎮'),
('306', '06', '關西鎮'),
('307', '06', '穹林鄉'),
('308', '06', '寶山鄉'),
('310', '06', '竹東鎮'),
('311', '06', '五峰鄉'),
('312', '06', '橫山鄉'),
('313', '06', '尖石鄉'),
('314', '06', '北埔鄉'),
('315', '06', '峨眉鄉'),
('320', '04', '中壢區'),
('324', '04', '平鎮區'),
('325', '04', '龍潭區'),
('326', '04', '楊梅區'),
('327', '04', '新屋區'),
('328', '04', '觀音區'),
('330', '04', '桃園區'),
('333', '04', '龜山區'),
('334', '04', '八德區'),
('335', '04', '大溪區'),
('336', '04', '復興區'),
('337', '04', '大園區'),
('338', '04', '蘆竹區'),
('350', '07', '竹南鎮'),
('351', '07', '頭份市'),
('352', '07', '三灣鄉'),
('353', '07', '南庄鄉'),
('354', '07', '獅潭鄉'),
('356', '07', '後龍鎮'),
('357', '07', '通霄鎮'),
('358', '07', '苑裡鎮'),
('360', '07', '苗栗市'),
('361', '07', '造橋鄉'),
('362', '07', '頭屋鄉'),
('363', '07', '公館鄉'),
('364', '07', '大湖鄉'),
('365', '07', '泰安鄉'),
('366', '07', '銅鑼鄉'),
('367', '07', '三義鄉'),
('368', '07', '西湖鄉'),
('369', '07', '卓蘭鎮'),
('400', '08', '中   區'),
('401', '08', '東   區'),
('402', '08', '南   區'),
('403', '08', '西   區'),
('404', '08', '北   區'),
('406', '08', '北屯區'),
('407', '08', '西屯區'),
('408', '08', '南屯區'),
('411', '08', '太平區'),
('412', '08', '大里區'),
('413', '08', '霧峰區'),
('414', '08', '烏日區'),
('420', '08', '豐原區'),
('421', '08', '后里區'),
('422', '08', '石岡區'),
('423', '08', '東勢區'),
('424', '08', '和平區'),
('426', '08', '新社區'),
('427', '08', '潭子區'),
('428', '08', '大雅區'),
('429', '08', '神岡區'),
('432', '08', '大肚區'),
('433', '08', '沙鹿區'),
('434', '08', '龍井區'),
('435', '08', '梧棲區'),
('436', '08', '清水區'),
('437', '08', '大甲區'),
('438', '08', '外埔區'),
('439', '08', '大安區'),
('500', '09', '彰化市'),
('502', '09', '芬園鄉'),
('503', '09', '花壇鄉'),
('504', '09', '秀水鄉'),
('505', '09', '鹿港鎮'),
('506', '09', '福興鄉'),
('507', '09', '線西鄉'),
('508', '09', '和美鎮'),
('509', '09', '伸港鄉'),
('510', '09', '員林鎮'),
('511', '09', '社頭鄉'),
('512', '09', '永靖鄉'),
('513', '09', '埔心鄉'),
('514', '09', '溪湖鎮'),
('515', '09', '大村鄉'),
('516', '09', '埔鹽鄉'),
('520', '09', '田中鎮'),
('521', '09', '北斗鎮'),
('522', '09', '田尾鄉'),
('523', '09', '埤頭鄉'),
('524', '09', '溪州鄉'),
('525', '09', '竹塘鄉'),
('526', '09', '二林鎮'),
('527', '09', '大城鄉'),
('528', '09', '芳苑鄉'),
('530', '09', '二水鄉'),
('540', '10', '南投市'),
('541', '10', '中寮鄉'),
('542', '10', '草屯鎮'),
('544', '10', '國姓鄉'),
('545', '10', '埔里鎮'),
('546', '10', '仁愛鄉'),
('551', '10', '名間鄉'),
('552', '10', '集集鎮'),
('553', '10', '水里鄉'),
('555', '10', '魚池鄉'),
('556', '10', '信義鄉'),
('557', '10', '竹山鎮'),
('558', '10', '鹿谷鄉'),
('600', '12', '嘉義市'),
('602', '13', '番路鄉'),
('603', '13', '梅山鄉'),
('604', '13', '竹崎鄉'),
('605', '13', '阿里山'),
('606', '13', '中埔鄉'),
('607', '13', '大埔鄉'),
('608', '13', '水上鄉'),
('611', '13', '鹿草鄉'),
('612', '13', '太保市'),
('613', '13', '朴子市'),
('614', '13', '東石鄉'),
('615', '13', '六腳鄉'),
('616', '13', '新港鄉'),
('621', '13', '民雄鄉'),
('622', '13', '大林鎮'),
('623', '13', '溪口鄉'),
('624', '13', '義竹鄉'),
('625', '13', '布袋鎮'),
('630', '11', '斗南鎮'),
('631', '11', '大埤鄉'),
('632', '11', '虎尾鎮'),
('633', '11', '土庫鎮'),
('634', '11', '褒忠鄉'),
('635', '11', '東勢鄉'),
('636', '11', '臺西鄉'),
('637', '11', '崙背鄉'),
('638', '11', '麥寮鄉'),
('640', '11', '斗六市'),
('643', '11', '林內鄉'),
('646', '11', '古坑鄉'),
('647', '11', '莿桐鄉'),
('648', '11', '西螺鎮'),
('649', '11', '二崙鄉'),
('651', '11', '北港鎮'),
('652', '11', '水林鄉'),
('653', '11', '口湖鄉'),
('654', '11', '四湖鄉'),
('655', '11', '元長鄉'),
('700', '14', '中西區'),
('701', '14', '東區'),
('702', '14', '南區'),
('704', '14', '北區'),
('708', '14', '安平區'),
('709', '14', '安南區'),
('710', '14', '永康區'),
('711', '14', '歸仁區'),
('712', '14', '新化區'),
('713', '14', '左鎮區'),
('714', '14', '玉井區'),
('715', '14', '楠西區'),
('716', '14', '南化區'),
('717', '14', '仁德區'),
('718', '14', '關廟區'),
('719', '14', '龍崎區'),
('720', '14', '官田區'),
('721', '14', '麻豆區'),
('722', '14', '佳里區'),
('723', '14', '西港區'),
('724', '14', '七 股區'),
('725', '14', '將軍區'),
('726', '14', '學甲區'),
('727', '14', '北門區'),
('730', '14', '新營區'),
('731', '14', '後壁區'),
('732', '14', '白河區'),
('733', '14', '東山區'),
('734', '14', '六甲區'),
('735', '14', '下營區'),
('736', '14', '柳營區'),
('737', '14', '鹽水區'),
('741', '14', '善化區'),
('742', '14', '大內區'),
('743', '14', '山上區'),
('744', '14', '新市區'),
('745', '14', '安定區'),
('800', '15', '新興區'),
('801', '15', '前金區'),
('802', '15', '苓雅區'),
('803', '15', '鹽埕區'),
('804', '15', '鼓山區'),
('805', '15', '旗津區'),
('806', '15', '前鎮區'),
('807', '15', '三民區'),
('811', '15', '楠梓區'),
('812', '15', '小港區'),
('813', '15', '左營區'),
('814', '15', '仁武區'),
('815', '15', '大社區'),
('817', '15', '東沙群島'),
('819', '15', '南沙群島'),
('820', '15', '岡山區'),
('821', '15', '路竹區'),
('822', '15', '阿蓮區'),
('823', '15', '田寮區'),
('824', '15', '燕巢區'),
('825', '15', '橋頭區'),
('826', '15', '梓官區'),
('827', '15', '彌陀區'),
('828', '15', '永安區'),
('829', '15', '湖內區'),
('830', '15', '鳳山區'),
('831', '15', '大寮區'),
('832', '15', '林園區'),
('833', '15', '鳥松區'),
('840', '15', '大樹區'),
('842', '15', '旗山區'),
('843', '15', '美濃區'),
('844', '15', '六龜區'),
('845', '15', '內門區'),
('846', '15', '杉林區'),
('847', '15', '甲仙區'),
('848', '15', '桃源區'),
('849', '15', '那瑪夏區'),
('851', '15', '茂林區'),
('852', '15', '茄萣區'),
('880', '20', '馬公市'),
('881', '15', '西嶼鄉'),
('882', '15', '望安鄉'),
('883', '15', '七美鄉'),
('884', '15', '白沙鄉'),
('885', '15', '湖西鄉'),
('890', '21', '金沙鎮'),
('891', '21', '金湖鎮'),
('892', '21', '金寧鄉'),
('893', '21', '金城鎮'),
('894', '21', '烈嶼鄉'),
('896', '21', '烏坵鄉'),
('900', '16', '屏東市'),
('901', '15', '三地門'),
('902', '15', '霧臺鄉'),
('903', '15', '瑪家鄉'),
('904', '15', '九如鄉'),
('905', '15', '里港鄉'),
('906', '15', '高樹鄉'),
('907', '15', '鹽埔鄉'),
('908', '15', '長治鄉'),
('909', '15', '麟洛鄉'),
('911', '15', '竹田鄉'),
('912', '15', '內埔鄉'),
('913', '15', '萬丹鄉'),
('920', '15', '潮州鄉'),
('921', '15', '泰武鄉'),
('922', '15', '來義鄉'),
('923', '15', '萬巒鄉'),
('924', '15', '崁頂鄉'),
('925', '15', '新埤鄉'),
('926', '15', '南州鄉'),
('927', '15', '林邊鄉'),
('928', '15', '東港鎮'),
('929', '15', '琉球鄉'),
('931', '15', '佳冬鄉'),
('932', '15', '新園鄉'),
('940', '15', '枋寮鄉'),
('941', '15', '枋山鄉'),
('942', '15', '春日鄉'),
('943', '15', '獅子鄉'),
('944', '15', '車城鄉'),
('945', '15', '牡丹鄉'),
('946', '15', '恆春鄉'),
('947', '15', '滿州鄉'),
('950', '17', '臺東市'),
('951', '17', '綠島鄉'),
('952', '17', '蘭嶼鄉'),
('953', '17', '延平鄉'),
('954', '17', '卑南鄉'),
('955', '17', '鹿野鄉'),
('956', '17', '關山鎮'),
('957', '17', '海端鄉'),
('958', '17', '池上鄉'),
('959', '17', '東河鄉'),
('961', '17', '成功鎮'),
('962', '17', '長濱鄉'),
('963', '17', '太麻里'),
('964', '17', '金峰鄉'),
('965', '17', '大武鄉'),
('966', '17', '達仁鄉'),
('970', '18', '花蓮市'),
('971', '18', '新城鄉'),
('972', '18', '秀林鄉'),
('973', '18', '吉安鄉'),
('974', '18', '壽豐鄉'),
('975', '18', '鳳林鎮'),
('976', '18', '光復鄉'),
('977', '18', '豐濱鄉'),
('978', '18', '瑞穗鄉'),
('979', '18', '萬榮鄉'),
('981', '18', '玉里鎮'),
('982', '18', '卓溪鄉'),
('983', '18', '富里鄉');

-- --------------------------------------------------------

--
-- 資料表結構 `gender`
--

CREATE TABLE `gender` (
  `Gender_ID` varchar(3) NOT NULL,
  `Gender` varchar(10) NOT NULL
) ENGINE=InnoDB DEFAULT CHARSET=utf8mb4 COLLATE=utf8mb4_general_ci;

-- --------------------------------------------------------

--
-- 資料表結構 `latest_news_categories_table`
--

CREATE TABLE `latest_news_categories_table` (
  `Category_ID` int(11) NOT NULL,
  `Category_Name` varchar(255) DEFAULT NULL
) ENGINE=InnoDB DEFAULT CHARSET=utf8mb4 COLLATE=utf8mb4_general_ci;

-- --------------------------------------------------------

--
-- 資料表結構 `location_info`
--

CREATE TABLE `location_info` (
  `id` int(11) NOT NULL,
  `location_name` varchar(100) NOT NULL,
  `page_url` varchar(255) NOT NULL,
  `opening_time` time DEFAULT NULL,
  `closing_time` time DEFAULT NULL,
  `address` varchar(255) NOT NULL,
  `altitude_min` int(11) DEFAULT NULL,
  `altitude_max` int(11) DEFAULT NULL,
  `description` text DEFAULT NULL,
  `managing_department` varchar(255) DEFAULT NULL,
  `coordinates` point DEFAULT NULL,
  `small_vehicle_allowed` tinyint(1) DEFAULT NULL,
  `large_vehicle_allowed` tinyint(1) DEFAULT NULL,
  `District_ID` varchar(7) NOT NULL,
  `Type_ID` int(11) NOT NULL,
  `activity_intensity` int(1) DEFAULT NULL
) ENGINE=InnoDB DEFAULT CHARSET=utf8mb4 COLLATE=utf8mb4_general_ci;

--
-- 傾印資料表的資料 `location_info`
--

INSERT INTO `location_info` (`id`, `location_name`, `page_url`, `opening_time`, `closing_time`, `address`, `altitude_min`, `altitude_max`, `description`, `managing_department`, `coordinates`, `small_vehicle_allowed`, `large_vehicle_allowed`, `District_ID`, `Type_ID`, `activity_intensity`) VALUES
(16, '東眼山自然教育中心', 'https://recreation.forest.gov.tw/Education/NC?typ_id=DYS', '08:00:00', '17:00:00', '桃園市復興區霞雲村佳志35號', 121, 25, '在雪山山脈尾稜的柳杉林裡，在真實的環境學習中，創造「人與人」、「人與環境」、「人與社會」之對話。', '林業保育署新竹分署', 0x0000000001010000000ad7a3703d5a5e4014ae47e17ad43840, NULL, NULL, '336', 5, 2),
(17, '奧萬大自然教育中心', 'https://recreation.forest.gov.tw/Education/NC?typ_id=AWD', '08:00:00', '17:00:00', '南投縣仁愛鄉親愛村大安路153號', 1100, 2600, '嬉遊在繽紛多彩的松楓林，透過身歷其境的活動，感受自然的脈動，體驗森林多功能價值，了解山林與文明的連結。', '南投分署', 0x0000000001010000007b14ae47e14a5e403333333333f33740, NULL, NULL, '546', 5, 2),
(18, '池南自然教育中心', 'https://recreation.forest.gov.tw/Education/NC?typ_id=CN', '08:00:00', '17:00:00', '花蓮縣壽豐鄉池南村林園路65號', 140, 601, '走進洄瀾林業時光森林，體驗低海拔森林山水之美，實踐友善環境生活。', '花蓮分署', 0x0000000001010000000000000000605e406666666666e63740, NULL, NULL, '974', 5, 2),
(19, '八仙山自然教育中心', 'https://recreation.forest.gov.tw/Education/NC?typ_id=BSS', '08:00:00', '17:00:00', '台中市和平區東關路一段200之8號', 667, 2938, '穿越林場歷史看山、水、林、人的變遷脈絡，深入八仙山體驗蟲、魚、鳥、獸的變幻萬千。', '臺中分署', 0x000000000101000000e17a14ae47415e40713d0ad7a3303840, NULL, NULL, '424', 5, 2),
(20, '羅東自然教育中心', 'https://recreation.forest.gov.tw/Education/NC?typ_id=LD', '08:00:00', '17:00:00', '宜蘭縣羅東鎮中正北路118號', 8, 8, '乘著百年鐵道走進林業文化，踏訪蘭陽青山綠水，我們在城市中與自然一起生活。', '宜蘭分署', 0x000000000101000000cdcccccccc6c5e409a99999999993840, NULL, NULL, '265', 5, 2),
(26, '太平山國家森林遊樂區', 'https://recreation.forest.gov.tw/Forest/RA?typ_id=200001', '06:00:00', '18:00:00', '267 宜蘭縣大同鄉太平巷58之1號', 365, 2000, '蹦蹦車、溫泉、高山湖泊、巨木森林與國寶山毛櫸，鋪成了太平山國家森林遊樂區超過百年歷史的綿長軌跡。', '宜蘭分署', 0x00000000010100000052b81e85eb615e403d0ad7a3707d3840, NULL, NULL, '267', 1, NULL),
(27, '滿月圓國家森林遊樂區', 'https://recreation.forest.gov.tw/Forest/RA?typ_id=200001', '08:00:00', '17:00:00', '237 新北市三峽區有木里174-1號', 300, 1700, '在三峽大豹溪的上游，一條叫做蚋子溪的支流上，座落著一個擁有瀑布、生態與楓紅的美麗小天地：滿月圓國家森林遊樂區。', '新竹分署', 0x0000000001010000000000000000605e4052b81e85eb113940, NULL, NULL, '237', 1, NULL),
(28, '內洞國家森林遊樂區', 'https://recreation.forest.gov.tw/Forest/RA?typ_id=200002', '08:00:00', '17:00:00', '233 新北市烏來區信賢里娃娃谷46號', 230, 800, '瀑聲隆隆，依山傍水的蕨類樂園，小巧精緻的內洞國家森林遊樂區，是南勢溪上游一個享受寧靜與綠意的絕佳場所。', '新竹分署', 0x000000000101000000ee7bd45faf615e402976340ef5d33840, NULL, NULL, '233', 1, NULL),
(29, '東眼山國家森林遊樂區', 'https://recreation.forest.gov.tw/Forest/RA?typ_id=200003', '08:00:00', '17:00:00', '336 桃園市復興區霞雲里成福路600號', 650, 1212, '距離大溪約1小時車程的東眼山國家森林遊樂區，過去曾是林業保育署(舊稱林務局)的伐木林班，留下豐富的林業文化資產。', '新竹分署', 0x000000000101000000295c8fc2f5585e4014ae47e17ad43840, NULL, NULL, '336', 1, NULL),
(30, '觀霧國家森林遊樂區', 'https://recreation.forest.gov.tw/Forest/RA?typ_id=200004', '08:00:00', '17:00:00', '365 苗栗縣泰安鄉梅園村8鄰觀霧1-3號', 1400, 2500, '在滿山的迷霧之中擁抱神木、春天欣賞全台最大霧社山櫻花的一樹雪白、登高一覽雪山山脈「聖稜線」的壯麗景觀。', '新竹分署', 0x000000000101000000d7a3703d0a475e400000000000803840, NULL, NULL, '365', 1, NULL),
(31, '羅東林業文化園區', 'https://recreation.forest.gov.tw/Forestry/CP?typ_id=0100021', '08:00:00', '17:00:00', '265 宜蘭縣羅東鎮中正北路118號', 5, 5, '日據時代有三大官營林場：阿里山、八仙山以及太平山林場，其中太平山林場是比較晚開發的。羅東林業文化園區即為日治時期羅東出張所及貯木池舊址。', '宜蘭分署', 0x000000000101000000e17a14ae47715e40ae47e17a14ae3840, NULL, NULL, '265', 3, NULL),
(32, '東勢林業文化園區', 'https://recreation.forest.gov.tw/Forestry/CP?typ_id=0300021', '06:00:00', '18:00:00', '423 台中市東勢區東關路六段1368號', 370, 400, '大雪山林區蘊藏豐富的林木資源，為妥善利用資源並創造經濟收益、帶動地方繁榮，民國45年起開始籌設「大雪山林業公司」，並於民國51年開始興建大製材廠，民國53年竣工，當時引進先進伐木及製材技術，創造臺灣示範性的林產工業。', '臺中分署', 0x00000000010100000085eb51b81e355e403d0ad7a3703d3840, NULL, NULL, '423', 3, NULL),
(33, '林田山林業文化園區', 'https://recreation.forest.gov.tw/Forestry/CP?typ_id=0800021', '09:00:00', '16:00:00', '975 花蓮縣鳳林鎮森榮里林森路99巷99號', 163, 163, '隱身花蓮鳳林的林田山，舊稱摩里沙卡(MORISAKA-即日語\"森坂\"發音)，光復後改稱森榮，是台灣遺留下來最完整、最具特色的伐木基地，無論規模或重要性，都是\"台灣林業開發史\"上最重要的據點與見證。', '花蓮分署', 0x000000000101000000295c8fc2f5585e40f6285c8fc2b53740, NULL, NULL, '975', 3, NULL),
(34, '阿里山林業村暨檜意森活村', 'https://recreation.forest.gov.tw/Forestry/CP?typ_id=0900021', '09:00:00', '18:00:00', '600 嘉義市東區林森西路4號', 30, 30, '阿里山林業村暨檜意森活村本民間企業藤田組成立嘉義施工所，為興建阿里山森林鐵路開啟序幕，惟因工程艱鉅且經費膨脹，於1908年2月告終。至1910年起臺灣總督府接手，阿里山鐵路繼續興築，1914年阿里山林業鐵路本線全長71.9公里，就此完成。', '阿里山林業鐵路及文化資產管理處', 0x000000000101000000cdcccccccc1c5e407b14ae47e17a3740, NULL, NULL, '600', 3, NULL),
(44, '紅樹林生態教育館', 'https://recreation.forest.gov.tw/Education/EE?typ_id=HSL', '09:00:00', '16:00:00', '新北市淡水區中正東路二段68號', NULL, NULL, '紅樹林生態教育館是一座小而美的生態教育館。室內現有的展示空間類型包括靜態展示空間與多媒體視聽空間，運用圖文、海報、燈箱與多媒體影音等方式，介紹紅樹林明星物種－水筆仔的生長過程，以及紅樹林中的招潮蟹、彈塗魚與水鳥等生態。另設有觀景平台，可近距離觀察保留區，也透過視野極佳的觀景窗，一覽壯觀秀麗的成片紅樹林景觀、淡水河的河口海景、觀音山的山色及壯闊鮮紅的關渡大橋。由於館舍位置緊鄰淡水紅樹林自然保留區，可以近距離觀察到紅樹林生態環境。若有需要可事先提出預約申請，在解說員的帶領下方能進入戶外生態小徑，親身體驗紅樹林生態系，並接近淡水紅樹林生態保留區內的水鳥、潮間帶生物以及熱鬧多樣的各式河口生物。', '宜蘭分署', 0x000000000101000000b45a608f895d5e40a8c5e061da2b3940, 1, 1, '251', 2, 1),
(45, '南澳生態教育館', 'https://recreation.forest.gov.tw/Education/EE?typ_id=NA', '09:00:00', '16:00:00', '宜蘭縣南澳鄉南澳村中正路55號', NULL, NULL, '南澳生態教育館和林業及自然保育署宜蘭分署南澳工作站位在同一棟建築物內。民國86年時，南澳工作站搬遷至此，將原有的樟樹造林地整理規劃為原生植物標本園，並在辦公室主建築物側邊設置南澳生態教育館，針對臺灣的森林資源利用以及生態保育等主題發揮解說教育之功能。除了室內展示，館舍外的原生樹木園區也值得一遊，原生樹木園區內的植物是依據植物分類系統加以規劃，種類合計有47科120種，以木本植物為主，藤本、草本為輔。是宜蘭縣中、小學，甚至北部地區學校校外教學之優質場所。本館鄰近3處重要保護留區，包括「烏石鼻海岸自然保留區」、「南澳闊葉樹林自然保留區」及「觀音海岸野生動物重要棲息環境」等，在解說教育推廣工作中同時也關切周邊保護留區的現況與面臨的危機。本館除了作為南澳地區在地自然與文化的解說教育平台，也讓參觀的民眾得以認識範圍內的保護留區、生物多樣性、森林生態系經營、生態旅遊、社區林業、以及生態旅遊等不同主題，有效發揮生態教育館之最佳機能與服務。', '宜蘭分署', 0x000000000101000000ed28ce5147735e40ffb1101d02773840, 1, 1, '272', 2, 1),
(46, '員山生態教育館', 'https://recreation.forest.gov.tw/Education/EE?typ_id=YS', '09:00:00', '16:00:00', '宜蘭縣員山鄉員山村員山路1段163號', NULL, NULL, '1F 森林生態系展示空間 ：主要為森林生態系介紹，運用互動式導覽裝置，化身為過去的林業工作者，進入森林生態展示空間，讓遊客置身在森林的環境中，倘佯於森林綠海之中。2F 生態步道暨社區林業展區：提供宜蘭優質景點介紹，包括自然步道以及社區林業等。視廳室則規劃有28人座位，可提供森林生態及相關環境教育議題影片播放欣賞。 另外，因應環境主題及時事變化，「保育新村」小型展示區則會不定期會有季節特展及互動式活動。', '宜蘭分署', 0x0000000001010000005fb69db6466d5e40d6389b8e00be3840, 1, 1, '264', 2, 1),
(47, '拉拉山生態教育館', 'https://recreation.forest.gov.tw/Education/EE?typ_id=LLS', '08:00:00', '17:00:00', '桃園市復興區華陵村巴陵207號', NULL, NULL, '拉拉山生態教育館是一棟地上二層、地下三層的建築，位於拉拉山森林步道起點，提供多功能的服務。拉拉山生態教育館是林業及自然保育署各場域中距離紅檜純林最近的館舍。在區域範圍內依檜木巨木群所在位置規劃約3,700公尺的循環步道，步道兩側有22棵巨木解說牌誌，介紹其樹種、樹齡、樹高等生態資料。是臺灣少數珍貴可近距離接觸的檜木林。因應拉拉山國家森林遊樂區的成立，為提供民眾更優質軟硬體服務，園區內近期已啟動生態教育館轉型為遊客中心的改善工程，接續亦將有管理站及箱涵等改善工程陸續展開，工期預計至112年1月底。請民眾體諒施工期間造成的不便，提醒上山民眾經過施工區域時，特別注意安全外，因原有館舍進行室內施工，基於安全考量已封閉，提醒入園民眾有如廁需求，可以先至上巴陵停車場旁的公共廁所，或園區入口管理站旁公共廁所，以節省排隊等候時間。另於停車場設有臨時廁所，步道內之4號巨木旁公廁仍持續提供服務。', '新竹分署', 0x000000000101000000daaa24b20f565e40e700c11c3db23840, 1, 1, '336', 2, 1),
(48, '火炎山生態教育館', 'https://recreation.forest.gov.tw/Education/EE?typ_id=HYS', '09:00:00', '17:00:00', '苗栗縣三義鄉中正路73號', NULL, NULL, '火炎山生態教育館是為一幢地上三層樓地下二樓的景觀建築，無論是外觀或內部設計，都以火炎山獨樹一格的天然特色為設計考量。火炎山生態教育館坐落於苗栗縣三義鄉，於2005年4月16日啟用，是目前國內少見針對自然地景所設置的展示解說教育場域，設立的宗旨為「讓火炎山生態教育館成為國內重要地景環境教育場域」，鄰近苗栗三義火炎山自然保留區，在2020年6月17日成為環境教育認證場所、2023年獲國家教育研究院「環境教育設施場所評鑑優異」的肯定，為苗栗地區保育宣導重要的入口平台。', '新竹分署', 0x000000000101000000f60ce19865305e402aa913d044683840, 1, 1, '367', 2, 1),
(49, '羅東林業文化園區', 'https://recreation.forest.gov.tw/Education/EE?typ_id=LD', '09:00:00', '17:00:00', '宜蘭縣羅東鎮中正北路118號', NULL, NULL, '羅東林業文化園區是林務局在1994年為延續羅東林業產業文化而設立的。這個園區不僅保存了原有的林業歷史遺跡，還展示了現代林業的發展。在園區內，你可以看到豐富的林業歷史資料，還可以參觀林業機具展示區，了解林業工作的過去和現在。', '宜蘭分署', 0x000000000101000000da1b7c6132715e4004560e2db2ad3840, 1, 1, '265', 2, 1),
(50, '觀霧自然教育園區', 'https://recreation.forest.gov.tw/Education/EE?typ_id=GW', '08:00:00', '17:00:00', '新竹縣尖石鄉觀霧村1號', NULL, NULL, '觀霧自然教育園區位於新竹縣尖石鄉，園區內擁有豐富的自然生態和多樣的植物群落。這裡有多條步道，遊客可以在專業解說員的帶領下，深入了解森林的奧秘。園區內還設有教育館，展示了當地的自然生態和保育成果。', '新竹分署', 0x0000000001010000005f29cb10c74a5e40b003e78c289d3840, 1, 1, '313', 2, 1),
(51, '茂林國家風景區生態教育館', 'https://recreation.forest.gov.tw/Education/EE?typ_id=ML', '09:00:00', '17:00:00', '高雄市茂林區茂林里1鄰茂林巷60號', NULL, NULL, '茂林國家風景區生態教育館位於高雄市茂林區，這裡是國內知名的生態旅遊景點，擁有豐富的動植物資源和獨特的自然景觀。教育館內展示了茂林地區的生態多樣性和保育成果，遊客可以通過互動展覽深入了解這片土地的自然奧秘。', '屏東分署', 0x0000000001010000007fd93d79582c5e402fdd240681e53640, 1, 1, '851', 2, 1),
(52, '台江國家公園生態教育館', 'https://recreation.forest.gov.tw/Education/EE?typ_id=TJ', '08:30:00', '17:00:00', '台南市安南區四草大道200號', NULL, NULL, '台江國家公園生態教育館是國內知名的生態教育場館，位於台南市安南區。這裡展示了台江國家公園的自然生態和歷史文化，遊客可以通過多媒體展示和互動體驗深入了解台江地區的生態環境和保育工作。', '台南分署', 0x000000000101000000598638d6c5095e40c286a757ca023740, 1, 1, '709', 2, 1),
(53, '太平山蹦蹦車', 'https://recreation.forest.gov.tw/Forestry/FR?typ_id=0100041', NULL, NULL, '宜蘭縣大同鄉', NULL, NULL, '行經高大林木的森林區及群山環繞的美麗山景。沿線設有自導式森林步道、蕨類園，及終點站的茂興國家森林步道。', '羅東林區管理處', 0x000000000101000000713d0ad7a3605e400ad7a3703d8a3840, NULL, NULL, '267', 4, NULL),
(54, '烏來台車', 'https://recreation.forest.gov.tw/Forestry/FR?typ_id=0200041', '09:00:00', '17:00:00', '新北市烏來區', NULL, NULL, '行經著名烏來瀑布景觀。原為運送木材，1963年開始提供載客服務。旺季時營運時間會延長。', '新竹林區管理處', 0x000000000101000000c3f5285c8f625e405c8fc2f528dc3840, NULL, NULL, '233', 4, NULL),
(55, '阿里山森林鐵路', 'https://recreation.forest.gov.tw/Forestry/FR?typ_id=0900041', NULL, NULL, '嘉義縣阿里山鄉', NULL, NULL, '行經熱帶、溫帶及寒帶森林區。包括祝山線，可在祝山車站觀賞著名的阿里山日出。日治時期為運送木材而建。特色包括螺旋線、Z字型路線、Ω型回頭線及特製蒸汽機車。', '阿里山林業鐵路及文化資產管理處', 0x000000000101000000a4703d0ad7335e40c3f5285c8f823740, NULL, NULL, '605', 4, NULL),
(56, '鰲鼓濕地森林園區', 'https://recreation.forest.gov.tw/Forest/FP?typ_id=05001', '09:00:00', '16:30:00', '嘉義縣東石鄉鰲鼓村四股54號', NULL, NULL, '鰲鼓濕地森林園區早期為台灣糖業公司填海造陸從事農、漁、牧事業及種植甘蔗的大本營，但由於地層嚴重下陷、海水入侵地下水層，農場逐漸沒落荒廢。地勢低窪加上周邊海堤圍繞，大雨過後，魚塭及舊有農地形成天然的蓄水池，久而久之，這些水塘濕地之棲地，越來越多候鳥與留鳥棲身及停留於此，成為現今之鰲鼓濕地森林園區。大面積的造林地十年或是二十年後將茁壯成林，鰲鼓濕地將會成為具有多樣林相及豐富濕地生態資源之國際級生態環境。鰲鼓濕地森林園區以「濕地保育」與「環境教育」做為園區主要發展定位，使鰲鼓濕地森林園區成為生態旅遊及教學研究的基地。', '嘉義分署', 0x0000000001010000000ad7a3703d0a5e400000000000803740, 1, 1, '614', 6, NULL),
(57, '林後四林平地森林園區', 'https://recreation.forest.gov.tw/Forest/FP?typ_id=06001', '08:00:00', '17:00:00', '屏東縣潮州鎮潮義路221之1', NULL, NULL, '「林後四林平地森林園區」位處屏東縣潮州鎮，為政府愛台12建設─綠色造林計畫中，所評選出三處平地森林園區的地點之一。園區期望運用森林遊憩結合綠色造林的概念，搭配符合生態、節能、減碳、健康的低密度、綠建築設計，創造一個能作為環境教育的完整生態體系，教導民眾及學童對資源環境的尊重、對生態的概念及對生活的態度；並融合屏東當地的環境特色、歷史文化、地方產業，帶動屏東地區的發展，促進區域的經濟效益並提昇傳統農業生產的價值，打造出具地方特色、導向之多元生態的知性園區，發展生態教學及深度旅遊的遊憩型態，達到綠色造林的價值。', '屏東分署', 0x000000000101000000f6285c8fc2255e4048e17a14ae873640, 1, 1, '920', 6, NULL),
(58, '大農大富平地森林園區', 'https://recreation.forest.gov.tw/Forest/FP?typ_id=08001', '08:00:00', '17:00:00', '花蓮縣光復鄉農場路32號', NULL, NULL, '「大農大富平地森林園區」位於花蓮縣光復鄉，地處花東縱谷，兩側是中央山脈與海岸山脈。從縱谷一路南下，約莫到了中段，過花蓮糖廠煙囪，緊接著就是一大片連綿不絕的森林。森林的外圍，有多元民族共同書寫的歷史。台灣是一座處處森林的美麗島嶼，但數百年的開發讓原始森林退出平野。21世紀開始，林務局積極推動平地造林，十年樹木，花蓮人擁有了全國第一座平地森林--大農大富平地森林園區。位於中央山脈與海岸山脈之間，1,250公頃的園區，相當於48座大安森林公園，可說是名副其實的超級吸碳造氧機。這裡種了近20種，逾百萬株低海拔常見的樹種，好看、好用，與人類的生活息息相關。涵養大地，供應人類與其他動物日常所需，它們的丰姿、色彩，是大地最美的一頁詩篇。整體大農大富平地森林園區的規劃以結合周邊農業、城鄉文化、社區營造及環境教育等產業與資源，打造符合生態、節能、減碳、健康導向的規劃與設計，企圖形成多元知性旅遊場域，且與縱谷內遊憩景點連線，提供優質遊憩服務，同時希冀可為平地森林、在地生態景觀、地方居民生活、國人身心健康與環境產業的永續再創新機。', '花蓮分署', 0x0000000001010000000ad7a3703d5a5e409a99999999993740, 1, 1, '976', 6, NULL);

-- --------------------------------------------------------

--
-- 資料表結構 `news`
--

CREATE TABLE `news` (
  `News_ID` varchar(6) NOT NULL,
  `Title` varchar(255) DEFAULT NULL,
  `Content` text DEFAULT NULL,
  `Publisher` varchar(255) DEFAULT NULL,
  `Publish_Date` date DEFAULT NULL,
  `Last_Update_Date` date DEFAULT NULL,
  `Importance` varchar(50) DEFAULT NULL,
  `Status` varchar(50) DEFAULT NULL,
  `Related_Links` varchar(255) DEFAULT NULL,
  `Category_ID` int(11) DEFAULT NULL
) ENGINE=InnoDB DEFAULT CHARSET=utf8mb4 COLLATE=utf8mb4_general_ci;

-- --------------------------------------------------------

--
-- 資料表結構 `type`
--

CREATE TABLE `type` (
  `Type_ID` int(11) NOT NULL,
  `Type_Name` varchar(255) NOT NULL
) ENGINE=InnoDB DEFAULT CHARSET=utf8mb4 COLLATE=utf8mb4_general_ci;

--
-- 傾印資料表的資料 `type`
--

INSERT INTO `type` (`Type_ID`, `Type_Name`) VALUES
(1, '國家森林遊樂區'),
(2, '生態教育館'),
(3, '林業文化園區'),
(4, '林業鐵路'),
(5, '自然教育中心'),
(6, '平地森林園區'),
(7, '步道');

-- --------------------------------------------------------

--
-- 資料表結構 `user`
--

CREATE TABLE `user` (
  `User_ID` int(11) NOT NULL,
  `User_first_name` varchar(10) NOT NULL,
  `User_last_name` varchar(10) NOT NULL,
  `User_gender` varchar(3) NOT NULL,
  `User_email` varchar(100) NOT NULL,
  `User_birthday` date NOT NULL,
  `User_passwd` varchar(255) NOT NULL,
  `User_permission` varchar(3) NOT NULL
) ENGINE=InnoDB DEFAULT CHARSET=utf8mb4 COLLATE=utf8mb4_general_ci;

--
-- 傾印資料表的資料 `user`
--

INSERT INTO `user` (`User_ID`, `User_first_name`, `User_last_name`, `User_gender`, `User_email`, `User_birthday`, `User_passwd`, `User_permission`) VALUES
(2, 'BB', 'AA', '女', 'B1129039@gmail.com', '2024-06-04', '$2y$10$/UNaBjFZfteL0ouZgkOxV.R9qLCoNA0fQ0C4aUh5ZiSc4mu5zJJ9y', '0');

-- --------------------------------------------------------

--
-- 資料表結構 `user_line`
--

CREATE TABLE `user_line` (
  `Line_ID` int(5) NOT NULL,
  `User_ID` int(5) NOT NULL,
  `Line_Date` datetime NOT NULL
) ENGINE=InnoDB DEFAULT CHARSET=utf8mb4 COLLATE=utf8mb4_general_ci;

-- --------------------------------------------------------

--
-- 資料表結構 `user_note`
--

CREATE TABLE `user_note` (
  `Note_ID` int(5) NOT NULL,
  `User_ID` int(5) NOT NULL,
  `Note_Date` datetime NOT NULL,
  `Note` text NOT NULL,
  `Note_title` text NOT NULL
) ENGINE=InnoDB DEFAULT CHARSET=utf8mb4 COLLATE=utf8mb4_general_ci;

-- --------------------------------------------------------

--
-- 資料表結構 `weather_forecast`
--

CREATE TABLE `weather_forecast` (
  `Forecast_ID` int(11) NOT NULL,
  `Weather_Date` date DEFAULT NULL,
  `District_ID` int(11) DEFAULT NULL,
  `Weather_Type_ID` int(11) DEFAULT NULL,
  `Temperature_Lower_Limit` int(11) DEFAULT NULL,
  `Temperature_Upper_Limit` int(11) DEFAULT NULL,
  `Remarks` varchar(255) DEFAULT NULL
) ENGINE=InnoDB DEFAULT CHARSET=utf8mb4 COLLATE=utf8mb4_general_ci;

-- --------------------------------------------------------

--
-- 資料表結構 `weather_types`
--

CREATE TABLE `weather_types` (
  `Weather_Type_ID` int(11) NOT NULL,
  `Weather_Type` varchar(255) DEFAULT NULL
) ENGINE=InnoDB DEFAULT CHARSET=utf8mb4 COLLATE=utf8mb4_general_ci;

--
-- 已傾印資料表的索引
--

--
-- 資料表索引 `city`
--
ALTER TABLE `city`
  ADD PRIMARY KEY (`City_ID`);

--
-- 資料表索引 `district`
--
ALTER TABLE `district`
  ADD PRIMARY KEY (`District_ID`);

--
-- 資料表索引 `gender`
--
ALTER TABLE `gender`
  ADD PRIMARY KEY (`Gender_ID`);

--
-- 資料表索引 `latest_news_categories_table`
--
ALTER TABLE `latest_news_categories_table`
  ADD PRIMARY KEY (`Category_ID`);

--
-- 資料表索引 `location_info`
--
ALTER TABLE `location_info`
  ADD PRIMARY KEY (`id`),
  ADD KEY `fk_district` (`District_ID`),
  ADD KEY `fk_type` (`Type_ID`);

--
-- 資料表索引 `news`
--
ALTER TABLE `news`
  ADD PRIMARY KEY (`News_ID`),
  ADD KEY `Category_ID` (`Category_ID`);

--
-- 資料表索引 `type`
--
ALTER TABLE `type`
  ADD PRIMARY KEY (`Type_ID`);

--
-- 資料表索引 `user`
--
ALTER TABLE `user`
  ADD PRIMARY KEY (`User_ID`);

--
-- 資料表索引 `user_line`
--
ALTER TABLE `user_line`
  ADD PRIMARY KEY (`Line_ID`),
  ADD KEY `line_user` (`User_ID`);

--
-- 資料表索引 `user_note`
--
ALTER TABLE `user_note`
  ADD PRIMARY KEY (`Note_ID`),
  ADD KEY `note_user` (`User_ID`);

--
-- 資料表索引 `weather_forecast`
--
ALTER TABLE `weather_forecast`
  ADD PRIMARY KEY (`Forecast_ID`);

--
-- 資料表索引 `weather_types`
--
ALTER TABLE `weather_types`
  ADD PRIMARY KEY (`Weather_Type_ID`);

--
-- 在傾印的資料表使用自動遞增(AUTO_INCREMENT)
--

--
-- 使用資料表自動遞增(AUTO_INCREMENT) `location_info`
--
ALTER TABLE `location_info`
  MODIFY `id` int(11) NOT NULL AUTO_INCREMENT, AUTO_INCREMENT=62;

--
-- 使用資料表自動遞增(AUTO_INCREMENT) `user`
--
ALTER TABLE `user`
  MODIFY `User_ID` int(11) NOT NULL AUTO_INCREMENT, AUTO_INCREMENT=3;

--
-- 已傾印資料表的限制式
--

--
-- 資料表的限制式 `location_info`
--
ALTER TABLE `location_info`
  ADD CONSTRAINT `fk_district` FOREIGN KEY (`District_ID`) REFERENCES `district` (`District_ID`),
  ADD CONSTRAINT `fk_type` FOREIGN KEY (`Type_ID`) REFERENCES `type` (`Type_ID`);

--
-- 資料表的限制式 `news`
--
ALTER TABLE `news`
  ADD CONSTRAINT `news_ibfk_1` FOREIGN KEY (`Category_ID`) REFERENCES `latest_news_categories_table` (`Category_ID`);

--
-- 資料表的限制式 `user_line`
--
ALTER TABLE `user_line`
  ADD CONSTRAINT `line_user` FOREIGN KEY (`User_ID`) REFERENCES `user` (`User_ID`);

--
-- 資料表的限制式 `user_note`
--
ALTER TABLE `user_note`
  ADD CONSTRAINT `note_user` FOREIGN KEY (`User_ID`) REFERENCES `user` (`User_ID`);
COMMIT;

/*!40101 SET CHARACTER_SET_CLIENT=@OLD_CHARACTER_SET_CLIENT */;
/*!40101 SET CHARACTER_SET_RESULTS=@OLD_CHARACTER_SET_RESULTS */;
/*!40101 SET COLLATION_CONNECTION=@OLD_COLLATION_CONNECTION */;
